route_id,num_stops,amazon_cost_min,dijkstra_cost_min,diff_min,savings_pct
RouteID_00143bdd-0a6b-49ec-bb35-36593d303e77,119,129.23,128.19,1.05,0.81
RouteID_0016bc70-cb8d-48b0-aa55-8ee50bdcdb59,106,110.8,110.84,-0.04,-0.04
RouteID_001948e9-4675-486d-9ec5-912fd8e0770f,128,164.96,172.24,-7.28,-4.42
RouteID_001b4ee3-c4f2-467f-932b-c85524d1021f,142,158.19,167.37,-9.18,-5.8
RouteID_0021a2aa-780f-460d-b09a-f301709e2523,155,225.39,250.92,-25.53,-11.33
RouteID_0036cf37-1c93-48f8-b337-3dd6d1a195d8,190,205.28,218.69,-13.41,-6.53
RouteID_00437423-5a8f-4fac-8efa-85264f0a3944,161,239.36,267.32,-27.96,-11.68
RouteID_00573a3d-b909-42ee-8a99-c6474309d96b,155,245.26,252.0,-6.74,-2.75
RouteID_00575a14-7d19-4291-8853-8f7095ed1bc6,177,197.33,222.34,-25.02,-12.68
RouteID_00575ca4-8a63-49d2-96c8-9b347be5ba6c,59,73.24,73.03,0.21,0.29
RouteID_00595235-52e7-4b68-883c-70482701dea0,129,118.97,121.67,-2.7,-2.27
RouteID_006f581c-3087-4edf-8802-278b078157b9,185,217.93,249.24,-31.31,-14.37
RouteID_00747543-3f2f-47ae-a2f2-91b30ce207ab,173,182.3,186.79,-4.49,-2.46
RouteID_0074e307-23c1-4b15-afa2-e58b45e4403c,161,173.75,174.35,-0.6,-0.35
RouteID_0076d53c-6bfa-4e22-b39e-08769fb8e4d3,130,174.71,194.9,-20.19,-11.55
RouteID_007a8397-37f4-4775-a452-c6934167526b,176,157.2,171.58,-14.38,-9.15
RouteID_007b8544-11dc-47b2-be61-0095f8f2af71,78,94.91,79.44,15.47,16.3
RouteID_0091a35c-85fa-4b5e-90cf-4778f441753e,145,189.09,188.63,0.46,0.24
RouteID_00930ddc-25f9-4371-a437-1e37c9d0a80d,153,195.18,196.97,-1.79,-0.92
RouteID_00a25e47-65c9-4efc-bfe9-8d9648a0df4e,157,120.91,130.41,-9.5,-7.86
RouteID_00ace8b4-30c6-4a20-a723-74ece636a0da,174,163.29,164.19,-0.9,-0.55
RouteID_00b8cd9c-613a-4519-b3fd-2b7174f1cff3,80,86.51,88.19,-1.68,-1.94
RouteID_00bea18c-ee16-4a18-a916-7a447c733a7d,141,165.07,164.21,0.86,0.52
RouteID_00ca3fbf-8953-4fbb-9c59-96fce68e6504,139,165.47,174.26,-8.79,-5.31
RouteID_00d421bf-f001-4fb0-923e-c343d3d369bc,159,156.84,160.23,-3.39,-2.16
RouteID_00e4885d-4563-4790-bace-6c9e4261ce2a,136,152.82,183.75,-30.93,-20.24
RouteID_00e7fcc6-2f6d-4054-b9ca-e190fa4ecdce,167,201.5,202.38,-0.88,-0.44
RouteID_00ead793-e8f0-4ac6-a2d7-d988f05cc715,198,186.37,176.24,10.13,5.44
RouteID_00f414f8-ff9a-4d98-aca2-a6b991a2037d,164,210.74,205.82,4.92,2.34
RouteID_00f9c249-33cd-4124-9cf2-b970b157a5ca,146,176.47,186.22,-9.75,-5.53
RouteID_00fd7a8d-d5d8-45c0-b710-4ff3e220e6f6,151,177.38,183.38,-5.99,-3.38
RouteID_00fe822e-3d3e-4307-80e2-068b07f6018a,151,146.87,149.36,-2.49,-1.69
RouteID_010bb083-17a6-4036-a14a-01d07aff8950,138,158.5,146.93,11.58,7.3
RouteID_010f2a4e-9f5c-4be7-823d-51d7be4332fe,78,73.43,72.36,1.07,1.46
RouteID_0119890a-9500-448f-a506-29fb49fdf5fe,162,176.41,171.25,5.16,2.92
RouteID_0127b134-186b-4897-8dd8-56afec626082,91,92.07,85.32,6.75,7.33
RouteID_01334670-fb7c-48f9-a1b0-b52b5e56c91e,167,191.28,194.1,-2.82,-1.47
RouteID_013e4370-df62-4c24-a19f-2971db140ca7,192,232.91,256.76,-23.85,-10.24
RouteID_0141eb2b-53e3-40f7-9d9b-c29fdcbf000c,121,99.03,99.34,-0.31,-0.31
RouteID_01456d1f-ab6a-4e6e-b828-8e574033bc55,136,124.61,116.8,7.81,6.27
RouteID_0157f4f0-2c0d-4d24-82a8-71230416bf1c,72,127.98,116.47,11.51,9.0
RouteID_01617cbe-5296-48b5-bfd7-42893812721b,160,183.99,202.02,-18.03,-9.8
RouteID_0168a176-2ddc-4a70-88c3-29588bed32f5,131,96.66,98.5,-1.84,-1.91
RouteID_016e3fb9-486a-4501-aa0a-bfb8b9afa966,96,108.4,116.72,-8.32,-7.67
RouteID_01a602f2-f834-4fd0-89b5-6835f049b19e,155,182.48,196.57,-14.09,-7.72
RouteID_01a73ffc-c1b8-4995-9723-8235ff2ceb6b,172,248.37,258.64,-10.27,-4.13
RouteID_01ac92ea-734c-4c80-8049-77b813c6a02b,149,132.56,132.75,-0.19,-0.15
RouteID_01b2ff6b-5070-45fd-b215-c6e0411fb25e,110,126.21,119.04,7.17,5.68
RouteID_01bbc9dd-fc72-4206-a107-81cbb704c4e0,174,178.74,202.18,-23.44,-13.11
RouteID_01becfe4-7127-489c-8a36-7743ac0097fc,162,142.1,139.08,3.02,2.13
RouteID_01c30168-2365-46a5-a1c0-60cfafe18c6f,157,228.37,250.31,-21.95,-9.61
RouteID_01c74dc7-ecde-406d-a7c9-29554f0ba347,116,112.84,119.54,-6.7,-5.93
RouteID_01c9f706-0d46-427b-998c-f1559dda4ad3,151,208.81,205.54,3.28,1.57
RouteID_01d0b1c1-2379-49b8-a24f-db0ae01fb2be,202,203.92,204.84,-0.92,-0.45
RouteID_01e90207-8d40-4ea8-a766-e8fc349171bd,171,187.38,198.09,-10.71,-5.71
RouteID_01e9bcd8-7c3a-4b55-ae2f-192c7cadd0d9,151,150.22,145.58,4.63,3.09
RouteID_01f96ab9-1149-4217-9b7a-5e16faee252f,152,176.64,176.38,0.26,0.15
RouteID_020722cd-bea1-4f01-9d49-bc65a1e51a91,129,119.36,122.44,-3.08,-2.58
RouteID_0229f7ce-11fd-48ec-83a9-892fcebd924e,178,199.25,191.63,7.62,3.83
RouteID_022f1cf8-78ac-47d7-9a0d-4d90394cea95,135,156.92,174.55,-17.63,-11.24
RouteID_0233acdf-6721-4975-b8c4-7d9cbcba11dd,150,176.24,180.16,-3.92,-2.22
RouteID_02388faf-93c8-4ce9-a5d1-62b97b4accf4,156,256.93,254.34,2.59,1.01
RouteID_023c04c1-4b54-46f7-8db1-f6dc945d4ead,167,196.81,208.97,-12.16,-6.18
RouteID_024674c7-4fc7-478b-b341-5f33e15b9f13,137,113.83,123.71,-9.87,-8.67
RouteID_024a44ee-5a90-48d3-8f80-d8e7b124971e,163,223.17,204.86,18.31,8.2
RouteID_025ecb40-3116-45af-b6a1-db5a5531fafc,164,222.72,200.49,22.22,9.98
RouteID_02739d8c-0c91-4cfc-8891-bd24c95e7789,173,226.8,227.53,-0.72,-0.32
RouteID_027b5c34-74cd-4c87-a744-7823fb36e43f,104,95.42,91.21,4.21,4.41
RouteID_02883f75-7507-4664-9a6d-5b963760a087,152,174.02,183.84,-9.82,-5.64
RouteID_028a010c-c9a5-4945-b6e6-953da1eab12b,123,128.09,133.59,-5.5,-4.29
RouteID_028ff4a1-50ed-4882-8445-238fa0c9643c,162,212.02,212.12,-0.09,-0.04
RouteID_029ae9e8-1e14-441b-9db1-595910ce611e,135,110.25,101.05,9.2,8.34
RouteID_02a11297-d6d0-47cd-a802-5c42867381fa,115,138.74,132.93,5.81,4.19
RouteID_02b60f05-f339-4707-9eaa-bd114aefea39,119,145.83,128.15,17.68,12.12
RouteID_02dcbb3e-b9dd-49de-8a36-293ac3dfcaaa,153,206.89,213.52,-6.63,-3.21
RouteID_02e1401a-47ff-4bf9-ab19-99bfb7ab14c7,182,189.88,187.49,2.4,1.26
RouteID_02f5263c-6cae-4a15-9c81-e5394f4c9924,132,167.97,163.84,4.13,2.46
RouteID_02f91cfa-3839-4e55-91a0-ab19c3e77683,83,107.63,87.8,19.83,18.42
RouteID_031284fb-96fa-4f39-b061-e102d2486ceb,185,146.07,169.18,-23.11,-15.82
RouteID_03158a7e-a045-4278-b8e7-8f8998697ecd,161,189.77,175.56,14.2,7.48
RouteID_031818b3-94f1-45fd-9fec-b59162ea09c7,153,192.34,205.41,-13.07,-6.8
RouteID_0318ef67-d23a-4d9a-bbd3-28e5e8a8c4a0,125,158.82,159.05,-0.23,-0.15
RouteID_03206eae-8985-4dac-b5f9-0db4a09005d0,173,203.46,217.65,-14.19,-6.97
RouteID_03256465-637e-4330-a753-9e86d50e976e,158,166.6,142.05,24.55,14.74
RouteID_0328be74-9bac-4307-90f7-79eece245f6a,142,211.81,230.76,-18.95,-8.94
RouteID_032ba4dc-3d0b-4cb1-bed6-3470874714f3,74,76.69,81.03,-4.34,-5.66
RouteID_032be887-07f5-4105-b510-dfef08923bc6,135,155.56,158.83,-3.27,-2.1
RouteID_032d60c8-a403-4032-affa-a2e5598431d7,151,209.25,220.31,-11.07,-5.29
RouteID_0331580a-3797-418d-b347-61cc4547235e,123,221.55,214.49,7.05,3.18
RouteID_033dd66b-707f-437b-86a4-4f295bf2e557,190,213.57,200.63,12.94,6.06
RouteID_033ffe13-fab3-47d7-a863-9264aa452156,189,265.5,289.65,-24.15,-9.09
RouteID_034710a2-7b5e-4c2d-a0bf-89cf9fb584ee,151,158.99,158.07,0.92,0.58
RouteID_0385422e-f9bf-4825-a3fb-777ef3e24e28,174,180.04,190.97,-10.92,-6.07
RouteID_038cdc3f-7fc5-4f4d-854f-84935065df5d,189,169.88,173.73,-3.85,-2.27
RouteID_038fd948-9740-446a-b3ee-6f2b0f4ce1b1,196,182.43,191.76,-9.34,-5.12
RouteID_03939724-efdf-4543-aa72-4aa962860d98,103,97.27,101.34,-4.08,-4.19
RouteID_03993849-06f7-4c5c-95d5-a2f70fb796cf,152,190.1,214.47,-24.37,-12.82
RouteID_039de5c0-5128-49cc-a04f-e712baef445a,107,125.87,119.52,6.35,5.04
RouteID_039e2075-2a3b-44d7-8662-0a60043e278f,189,225.09,222.49,2.59,1.15
RouteID_03a1169d-dddc-4c42-be27-96daf0ac5444,175,260.32,283.95,-23.63,-9.08
RouteID_03a85c45-30f2-401f-ac53-0f0fdfacd6c5,156,162.32,153.14,9.18,5.66
RouteID_03b1783a-a994-4719-bcca-253709fd8b21,129,125.14,123.55,1.59,1.27
RouteID_03b34f91-9374-40a1-a9f6-b7401c8fa544,151,169.82,163.59,6.23,3.67
RouteID_03b80f56-768d-4ecd-95ac-1a32c4e04127,148,187.64,175.62,12.02,6.4
RouteID_03babb1c-6f77-4481-bf80-80fcf1a69ab1,82,128.67,124.17,4.51,3.5
RouteID_03d55a14-2a10-4328-956b-428cee2ac6fe,82,107.76,95.47,12.3,11.41
RouteID_03d7f558-cb0d-4324-b66a-fac0a866369b,156,193.83,202.27,-8.44,-4.35
RouteID_03e1d5e3-47f9-4bd8-becf-f88aa269f0e3,149,186.66,195.55,-8.89,-4.76
RouteID_03efbb24-bf37-4717-8969-986e97ae2a96,173,174.46,177.1,-2.64,-1.51
RouteID_03f9d959-6c94-4fe0-9957-df684d08c637,186,218.95,240.31,-21.36,-9.76
RouteID_040c97f6-c0e1-4c8c-af0b-0c3c6ca9064c,178,167.11,176.22,-9.11,-5.45
RouteID_0410429c-1ddd-4554-9761-27dcab7c1f18,135,203.85,204.86,-1.01,-0.5
RouteID_04189f85-13a6-47b8-a78e-ec5688be0819,38,66.36,63.09,3.27,4.92
RouteID_041cfbe9-363a-4a9f-a372-c487ca78b385,181,216.75,232.9,-16.15,-7.45
RouteID_0446eb68-1fe0-40f3-b82e-2cbddd0433d3,169,196.54,206.67,-10.12,-5.15
RouteID_04662c65-ed3a-4366-a32b-6f4b93b17c0a,85,92.34,82.9,9.45,10.23
RouteID_047615ff-801a-4a1d-a302-00bdc0a920b8,160,201.0,209.57,-8.57,-4.27
RouteID_04900acf-0ede-4f77-930b-d10860c0c39f,161,200.0,205.19,-5.2,-2.6
RouteID_04982ba3-19ee-4a8e-86f4-942a3ad2c4de,156,208.56,221.97,-13.41,-6.43
RouteID_04a6f36d-da01-4975-b7bf-8b22c2b7b2ca,185,241.52,235.26,6.26,2.59
RouteID_04b498c7-f124-4da5-bbb1-ef7a25950572,121,168.78,160.88,7.9,4.68
RouteID_0504bcca-4f12-40a8-8a77-bb91b13029c4,162,175.64,188.31,-12.67,-7.21
RouteID_0509f10a-e45c-40d4-b544-bf69817833f6,155,171.21,185.99,-14.79,-8.64
RouteID_0516c035-87a6-414a-a031-d8cab8ae8a0a,82,105.99,118.8,-12.81,-12.08
RouteID_051985ac-ac65-4e53-b319-07a6027bc494,149,195.6,199.59,-4.0,-2.04
RouteID_051bd9d6-2c14-4de6-8054-95dc01a866cc,118,178.57,190.36,-11.79,-6.6
RouteID_05238a07-a932-45a8-b035-4705b7eddba9,195,207.6,219.53,-11.93,-5.75
RouteID_0529a9e1-03b7-43e3-bb88-496a3f05ff54,132,128.72,128.65,0.07,0.05
RouteID_0531038c-5b2c-47bd-b686-5ad3673c5006,148,155.27,150.45,4.82,3.1
RouteID_0538a21d-d3cf-4696-80f0-b9366efb7378,144,198.62,194.56,4.06,2.04
RouteID_05440a6b-e13d-4e8d-8c45-5b2f470d049c,187,220.6,244.67,-24.07,-10.91
RouteID_054d3be0-af05-49f0-92a8-6ded9f491a6c,160,227.76,241.3,-13.54,-5.94
RouteID_0550db65-9164-4c76-909b-150a134b864e,69,98.13,87.54,10.59,10.79
RouteID_0558631c-8b2e-438d-bf00-aff5b5cee2ac,96,109.54,108.73,0.81,0.74
RouteID_0573f455-e78c-40e6-9cdf-8c1d7fb71693,145,229.38,244.41,-15.02,-6.55
RouteID_0578a1cd-4dbf-41cf-81c2-75370082b2b8,165,219.66,246.64,-26.98,-12.28
RouteID_05876081-1918-417c-8761-6819a18c3554,174,210.58,215.7,-5.13,-2.43
RouteID_0590605b-45b8-48ce-9f4d-9b303bd8a8ea,127,148.46,154.86,-6.41,-4.31
RouteID_0591bc80-9e1c-4697-b63e-08996a3b2a9c,159,146.62,154.97,-8.35,-5.69
RouteID_0593628d-3c37-4303-8238-4fd25bd4eaa3,120,153.53,163.36,-9.83,-6.4
RouteID_05b245a8-7104-4fb5-af98-5c645a5e6e68,162,235.72,235.13,0.58,0.25
RouteID_05b28743-9d92-4c51-8803-e319ee2e3f94,111,140.51,135.13,5.38,3.83
RouteID_05d1a771-aa16-43b6-ab00-9ad7161d5617,164,179.96,203.48,-23.52,-13.07
RouteID_05e4c305-d304-4653-bbfa-36ae2119bf23,98,99.17,99.61,-0.44,-0.44
RouteID_05eb1621-49f2-493d-8e29-6a7190eb64be,161,189.35,190.58,-1.23,-0.65
RouteID_05ef4a8e-61a0-4709-ac5b-fa9759c218dc,144,184.95,183.42,1.54,0.83
RouteID_05fba5e1-c96b-42af-ab1a-393d3cb31338,105,97.17,90.16,7.01,7.22
RouteID_0604e284-6fc9-4d02-965c-472b1c7b3826,164,207.69,207.88,-0.19,-0.09
RouteID_0607080b-022c-4096-bff4-2a2809f9d4a5,174,207.27,207.08,0.18,0.09
RouteID_0628ec83-f3d0-4e93-9c86-d140dcb65267,111,179.69,187.89,-8.2,-4.57
RouteID_06322566-a969-4666-ae13-a1b256e46aa3,162,184.1,188.01,-3.91,-2.12
RouteID_064061c8-4f31-4d39-a003-8fa23345817e,104,77.07,80.13,-3.07,-3.98
RouteID_064180eb-4713-47f8-af04-87d9e99fede4,150,185.66,194.03,-8.37,-4.51
RouteID_06484cf1-d5b8-4092-831d-d2fedc88ebcd,169,201.41,210.95,-9.53,-4.73
RouteID_065608cf-b6b6-4013-9658-0885b6b92593,176,213.63,225.49,-11.86,-5.55
RouteID_0666b507-bd81-493b-be89-944271456bac,107,129.19,133.2,-4.02,-3.11
RouteID_0667e50a-f809-426b-8f9d-303300efcc49,83,83.81,75.51,8.31,9.91
RouteID_066b5b0f-1922-47ac-8c73-ea5eabaa9f30,139,157.34,156.59,0.75,0.48
RouteID_0670d3ac-1ad6-4d1a-8f91-07d7b3077b5e,163,229.11,253.1,-23.99,-10.47
RouteID_06751fe1-263c-441a-b482-f7c5d8295c39,98,103.31,93.77,9.54,9.23
RouteID_067726e3-8843-46ad-8e2e-9c44d80d6d0f,130,185.49,192.92,-7.43,-4.01
RouteID_067b96da-0f4a-4877-b77d-4a08ce3eb699,166,181.92,183.38,-1.46,-0.8
RouteID_06ae0a7c-9599-4f68-b276-b6b5966c7b3c,96,118.05,119.25,-1.2,-1.01
RouteID_06b71b27-e83e-4e26-9e9d-6ce353ebbee5,176,221.48,234.94,-13.46,-6.08
RouteID_06c22e7d-6964-48e4-a3a7-009b56c26741,142,183.21,195.07,-11.86,-6.48
RouteID_06c23b69-370a-4a37-a941-8a3e177b1914,222,234.77,270.96,-36.18,-15.41
RouteID_06c7560e-5337-4330-9165-79e56801600c,159,236.31,255.39,-19.08,-8.07
RouteID_06d466f0-2429-4f06-9326-ac1427f2aa64,132,175.97,165.56,10.42,5.92
RouteID_06edc4cc-ea48-41bd-9a4f-81b78d82a479,170,240.88,254.8,-13.92,-5.78
RouteID_06fdf161-11e8-431f-9999-74b1ebc45e3b,144,204.35,215.8,-11.44,-5.6
RouteID_070b05b1-6cfc-4792-9817-b560e91d2584,121,116.74,108.22,8.52,7.3
RouteID_072e6491-e89f-4574-9edc-2447f558cfc7,196,246.32,252.52,-6.19,-2.52
RouteID_07563131-f0bb-4982-b1cf-4dc9a7b1876f,134,171.47,178.13,-6.65,-3.88
RouteID_0758e446-a472-4fdb-86bc-3bbf11f19143,149,179.03,175.26,3.77,2.11
RouteID_07640d94-d311-4121-b3fb-428b108a0df2,195,208.23,213.51,-5.28,-2.54
RouteID_0768e1ca-0763-41e6-815d-4127cf140751,169,162.95,173.99,-11.04,-6.78
RouteID_076973fd-9546-45a5-838a-0aa166a917b7,169,191.74,202.15,-10.41,-5.43
RouteID_076b21cf-9d76-4d57-9859-cf3fb783533f,174,210.64,222.53,-11.89,-5.64
RouteID_07706847-a419-4475-b4f0-065f620892d7,196,214.63,228.39,-13.76,-6.41
RouteID_0779b723-1953-4d57-abce-9bb4ae08e327,46,74.04,61.11,12.94,17.47
RouteID_077c0404-88b2-4abd-af5e-588f986b49a5,151,128.07,124.1,3.97,3.1
RouteID_0790e302-3975-4df2-b413-39851f69ae3f,169,247.15,256.68,-9.53,-3.86
RouteID_07933b35-6c8f-4053-960a-2c7dc87bafa6,168,146.83,152.97,-6.14,-4.18
RouteID_07957d30-aa6d-4214-8014-dc224d1178d4,123,165.31,164.75,0.56,0.34
RouteID_0795a4c6-157b-4c24-946e-7e07d04c7df7,154,188.84,217.61,-28.77,-15.23
RouteID_079d4ab4-c868-48f9-a06d-f154992deefa,100,107.44,97.75,9.69,9.02
RouteID_07b4cf8f-c1d7-4c14-8983-7fe6fa582d86,175,230.59,220.7,9.89,4.29
RouteID_07ba8c18-25e0-4314-b7df-3916b1ad2f02,156,201.29,204.89,-3.61,-1.79
RouteID_07cb4afc-be0e-4f46-afe0-aa81d527c40d,138,173.07,186.21,-13.13,-7.59
RouteID_07cfee03-e540-4384-8394-32bc37f25bff,115,137.06,136.65,0.41,0.3
RouteID_07d46ee6-2edc-4d6b-be85-751d2496aaa1,189,184.48,212.63,-28.15,-15.26
RouteID_07d56536-0262-446f-a671-9d14be955be4,131,173.97,176.85,-2.88,-1.65
RouteID_07dd133b-23f7-4a97-8882-d97ed2c0058d,140,191.59,189.94,1.65,0.86
RouteID_07e31b9c-198c-4a2d-aee8-9c5dab86b782,67,110.68,116.45,-5.77,-5.21
RouteID_0809e036-d621-4169-a08b-8d4b78aa41ca,162,223.59,195.63,27.96,12.51
RouteID_080b86e3-05b0-47d7-9b6a-402f98564460,143,166.05,182.68,-16.63,-10.02
RouteID_0812f2e0-9345-4952-9996-984fc1513006,133,159.13,168.93,-9.8,-6.16
RouteID_0814e8d7-b1fe-4d7c-a3b5-8c9fe9925136,186,171.94,189.14,-17.2,-10.0
RouteID_081b5f83-db73-4642-a274-76d4dd7a8c32,205,270.43,277.14,-6.71,-2.48
RouteID_082285e1-3890-486f-b252-1adc253a2799,178,194.77,194.0,0.77,0.39
RouteID_083b2a55-7d70-4113-a375-dbfc50dc86da,196,230.66,230.55,0.11,0.05
RouteID_08424eaf-ced6-4025-938e-0e7f25fb9f13,96,130.42,126.38,4.04,3.1
RouteID_084af699-0d58-4db1-84c8-bc0073e439fb,146,248.34,273.72,-25.37,-10.22
RouteID_085ed7bf-c737-4dea-9b99-ce3fbc274bdc,145,201.05,190.38,10.67,5.31
RouteID_0861441a-2da3-42cb-a2a3-cea549ad520e,154,183.57,192.87,-9.31,-5.07
RouteID_086a4378-ed4d-44fe-a1d6-666bc0eec804,161,195.98,197.37,-1.39,-0.71
RouteID_087636e9-8cd9-4bb4-b9c8-957b843bbca2,161,237.36,253.2,-15.84,-6.67
RouteID_087e7f16-0b04-4a0a-9799-1302a8312186,124,133.24,130.84,2.4,1.8
RouteID_0882ddec-59ed-4b24-8f20-ae86af26a6aa,149,124.7,124.41,0.29,0.23
RouteID_0884dbd3-a368-499d-a5b4-e4d6954528ec,120,197.09,207.99,-10.9,-5.53
RouteID_088b3069-d09e-4bc4-a540-46ca0feec1fd,166,187.12,191.93,-4.81,-2.57
RouteID_088cbe58-2832-41bc-a89a-7de4016208cd,124,175.87,183.1,-7.23,-4.11
RouteID_08922e5e-3107-46d2-aaff-5cf6b063a635,175,178.21,176.01,2.2,1.24
RouteID_08a2125e-f7d0-420e-8d09-7957c94d2802,125,188.21,189.07,-0.86,-0.46
RouteID_08a53481-3de6-4688-ab69-b88fc2cc1d9c,98,135.42,137.98,-2.55,-1.89
RouteID_08ad4b2e-786d-4f2b-a965-9d85aef3ef49,188,152.49,143.89,8.6,5.64
RouteID_08b5ef59-25b8-4b41-b385-9e4f9b8b01a9,139,202.49,202.01,0.47,0.23
RouteID_08d62dfb-b7a1-4248-ae10-3c101e8191b3,146,174.33,180.77,-6.44,-3.69
RouteID_08d72635-761a-4081-ac80-ed356a036095,169,188.39,196.11,-7.72,-4.1
RouteID_08d77c2d-b0ce-4658-94c1-712451e916b8,169,157.55,163.7,-6.14,-3.9
RouteID_08dca96c-c0a7-4397-b1a5-ba96aa17873b,204,193.18,219.14,-25.96,-13.44
RouteID_08dded4c-ab6e-49d7-b202-fd997e444532,157,165.31,177.72,-12.41,-7.51
RouteID_08e9fee8-f7e5-42a0-a100-04099a4be6e5,84,115.44,107.63,7.8,6.76
RouteID_08eca476-373b-4d96-878d-2dbee9ad5c2c,117,165.76,160.72,5.04,3.04
RouteID_08ed55fa-db09-4f94-bd8c-5d403a90416e,157,217.69,209.17,8.52,3.91
RouteID_08fecdf4-4f01-49c6-bd22-c9402d21d90a,160,180.53,186.22,-5.69,-3.15
RouteID_090b26d7-b319-4ebf-a4d1-20db1031a6e0,160,147.16,150.27,-3.11,-2.11
RouteID_0921cebf-49ed-4e14-a8ad-89e6be212d11,127,140.91,145.23,-4.32,-3.06
RouteID_092c229e-9d6e-468b-accd-0372d87a181c,194,246.61,255.83,-9.22,-3.74
RouteID_09337e68-6b35-469d-84af-a1011685982f,162,186.96,195.9,-8.93,-4.78
RouteID_09384cd9-a77d-4655-9b67-20847719a230,171,191.43,205.01,-13.58,-7.1
RouteID_093afb7b-78c3-4350-a498-a84909ad4897,171,173.9,188.33,-14.43,-8.3
RouteID_096d768f-4473-49c1-966a-29bf3d2fe3a9,145,163.99,180.39,-16.4,-10.0
RouteID_09707b5d-9a50-4f13-aa7e-db13fcc6bb95,170,208.13,217.92,-9.79,-4.71
RouteID_0970c11e-3bfa-4ddb-b4eb-7eab71b44d0d,153,213.26,230.49,-17.24,-8.08
RouteID_0978feb1-735b-43b3-a092-a97936d7c509,135,143.89,155.03,-11.14,-7.75
RouteID_098b1a3e-859b-436a-b116-5357677706b1,135,129.39,130.73,-1.34,-1.04
RouteID_09a5440f-82cb-4b2a-a612-276cb58573a1,175,206.82,208.0,-1.18,-0.57
RouteID_09a9a44d-e007-42de-9437-31b5fd392648,90,104.25,119.51,-15.26,-14.64
RouteID_09c1a521-4deb-4c34-84f1-3cccd4a1c037,130,146.96,147.78,-0.82,-0.56
RouteID_09c35c1a-aa78-4e28-94b7-3bba972a9d9d,192,210.95,215.2,-4.25,-2.02
RouteID_09c666c7-6279-416f-ad47-14ef43dfa174,145,190.35,203.86,-13.51,-7.1
RouteID_09c6d5be-68a5-4af5-91f4-4fb13a10faf5,153,225.83,237.43,-11.6,-5.14
RouteID_09cbff70-3e09-4f9d-825e-3148b3930a4c,118,161.58,170.69,-9.11,-5.64
RouteID_09d597c9-ae5c-4fe8-8379-710bf99f3184,174,183.86,203.54,-19.68,-10.7
RouteID_09da300f-98c7-4f1b-80f2-8d0761360d25,166,195.02,196.96,-1.94,-1.0
RouteID_09e7344a-c5e3-453b-a18e-a0534a75344b,176,183.29,202.71,-19.42,-10.59
RouteID_09eb81d9-48bc-45ba-8913-298181131e3b,138,189.76,202.77,-13.01,-6.85
RouteID_09f5fbc8-1326-45b0-a20a-fc2c432dfb0f,151,214.89,220.68,-5.8,-2.7
RouteID_09f8106a-2b7f-41f7-b995-1868813d1b82,175,213.83,218.13,-4.3,-2.01
RouteID_09ff2f98-260f-419f-a3f1-fb593380fd4c,134,166.05,168.68,-2.64,-1.59
RouteID_0a0029bf-3e93-491f-843c-f889a83f2bfb,84,101.91,110.23,-8.32,-8.16
RouteID_0a05762c-a2aa-4875-8d6e-04d5b35336fe,151,159.52,183.44,-23.92,-14.99
RouteID_0a087ce2-2896-45cf-ab24-0a3c8be98387,182,179.08,183.65,-4.57,-2.55
RouteID_0a1a1cfe-a5da-4463-b3ac-f2bb3a01718f,80,78.11,77.89,0.22,0.28
RouteID_0a28a1a5-62bd-4e5c-b2a2-bfc16713e9d1,105,191.81,176.82,14.99,7.82
RouteID_0a2ed99e-580f-4e6e-a168-67a5359f3fa1,155,220.72,220.77,-0.05,-0.02
RouteID_0a426a82-2c44-4a74-845d-3311c935f4c5,167,186.81,189.52,-2.71,-1.45
RouteID_0a76f445-7219-4159-b82a-0194ab1bdc91,124,134.31,118.29,16.02,11.93
RouteID_0a7c11fe-c561-4293-85bb-c44c9bcfb12d,171,259.23,239.35,19.88,7.67
RouteID_0a8650ca-77d1-459b-a8dd-da8442bbf1cf,143,155.58,156.07,-0.49,-0.31
RouteID_0a9df7e1-6ddc-4173-808f-5e1a97b18027,150,167.12,178.74,-11.62,-6.95
RouteID_0aa7e7aa-97d6-4614-882e-4e24f0790a0e,165,253.43,263.83,-10.41,-4.11
RouteID_0ab02029-d853-4303-928b-2fb8f38b6827,173,177.71,176.7,1.02,0.57
RouteID_0abc266a-ae67-4d85-b3d6-7bfd1adcaeb3,100,152.8,157.8,-4.99,-3.27
RouteID_0ad088a2-492e-41a9-a79b-751d4adb05d4,184,293.79,304.64,-10.84,-3.69
RouteID_0ad2ef29-c940-4e42-b6f7-245d71252a7c,152,177.89,180.26,-2.37,-1.34
RouteID_0ae06a5d-815d-40a9-82a1-3716ca60be21,160,233.47,250.51,-17.04,-7.3
RouteID_0ae21c35-5e33-4c25-92bc-61eae9c30b7b,168,199.38,221.25,-21.87,-10.97
RouteID_0ae40c8b-c169-473f-930e-91c73ac13374,173,187.34,184.27,3.07,1.64
RouteID_0ae91b91-4598-458a-ada2-53243610ef82,169,207.98,257.33,-49.35,-23.73
RouteID_0aeaa5cd-2c8a-41c8-acf6-483a45548e12,108,150.26,150.66,-0.4,-0.27
RouteID_0aebdf93-4e40-4a01-8bd7-5701160a38e3,183,218.37,226.63,-8.25,-3.78
RouteID_0aece401-280f-441f-b2a5-e020ea16a92e,130,284.31,269.95,14.36,5.05
RouteID_0aee14b7-460f-425d-ab89-c3794a40d28a,167,159.1,155.19,3.91,2.46
RouteID_0aef75fe-d9d0-4dd9-b44b-b6af0ff26b52,149,199.41,220.05,-20.64,-10.35
RouteID_0afff62b-f7e0-4927-8b8e-02430e52f8d4,177,236.39,242.56,-6.17,-2.61
RouteID_0b2292e8-d421-4d4e-b80a-47c07e0e00e1,169,190.51,220.29,-29.78,-15.63
RouteID_0b333582-4eb1-4007-98c6-ccf6a772cc9d,151,205.47,226.82,-21.35,-10.39
RouteID_0b364fb7-1273-4943-b5f8-bd78bbc663f1,138,175.59,171.91,3.68,2.09
RouteID_0b36e28e-5f67-4f56-ba6a-573d8456ba49,180,144.68,176.39,-31.71,-21.92
RouteID_0b73f489-4d6f-4c14-bde0-dbc18efceed1,177,189.71,199.91,-10.2,-5.38
RouteID_0b7a3819-3fe1-46de-82e7-be2deec38ca4,159,238.32,256.21,-17.89,-7.51
RouteID_0b7d10d6-b31e-40ab-b607-e71b39499697,162,221.3,241.62,-20.32,-9.18
RouteID_0b855834-e4da-4fce-9935-9c1fa2629315,154,189.53,153.74,35.79,18.88
RouteID_0b8725b5-51e1-4b53-9857-c3fa156a9727,118,126.28,92.79,33.49,26.52
RouteID_0b8ce670-78c2-42ab-8a93-0749754c8582,169,200.34,214.38,-14.04,-7.01
RouteID_0ba2fe6a-030b-4a56-b9ca-d401cee48b75,154,158.61,154.41,4.19,2.64
RouteID_0ba3c3c4-c1c2-41b9-afd5-931ef5cd0a3b,172,184.63,159.85,24.79,13.42
RouteID_0ba52062-f98a-4750-a6ef-0a72ff35202e,203,174.33,169.94,4.39,2.52
RouteID_0bab9078-6d9d-46b7-9752-bdd7ee373a24,122,118.96,124.18,-5.22,-4.39
RouteID_0baf9c14-6f12-4a24-86d4-66db6a30dae5,109,163.23,168.02,-4.79,-2.93
RouteID_0bce0fe7-3ec0-41d8-8f90-3c766c493da1,146,176.2,175.03,1.17,0.67
RouteID_0bce18ed-a437-47ff-b24d-cc19138b8d8b,111,129.98,110.49,19.49,14.99
RouteID_0bd8bbb9-f94a-4745-b7e6-1e852f5977de,179,183.26,202.64,-19.38,-10.57
RouteID_0be0c72e-605e-4417-ba4b-673da933ff69,173,247.59,273.17,-25.58,-10.33
RouteID_0c07e64c-e784-4f03-8744-ba4fc269358a,182,196.68,213.21,-16.53,-8.41
RouteID_0c2c04fa-8052-4195-85b7-1b648d3832bd,149,181.26,188.29,-7.03,-3.88
RouteID_0c4039ff-ce1c-40ee-be9c-beb97b4033c1,188,235.72,240.37,-4.66,-1.97
RouteID_0c4437df-e93a-4ad9-b3de-360a3307c32f,124,182.07,190.67,-8.59,-4.72
RouteID_0c447c13-3547-48d4-a611-cd444bd2ec25,131,112.24,114.97,-2.73,-2.43
RouteID_0c4771e0-0e1f-4d40-888a-29795fcdcde6,156,174.86,171.73,3.14,1.79
RouteID_0c546903-794a-4f5f-8506-62b38fc49843,141,195.69,199.66,-3.98,-2.03
RouteID_0c5a8256-913c-40f4-999e-b425a01f4c86,84,102.31,104.57,-2.26,-2.21
RouteID_0c5e2318-07e9-4e93-a10d-9de9237e6323,159,205.58,216.73,-11.15,-5.42
RouteID_0c669d0f-15d4-4c69-bd3b-cacf0a5827e6,137,87.63,88.8,-1.17,-1.34
RouteID_0c760e98-d14f-4f85-a36e-dc99506e82cf,189,212.29,245.85,-33.56,-15.81
RouteID_0c76acc3-adf1-41d0-8684-8de17d5ec568,151,167.07,166.34,0.73,0.43
RouteID_0c82deb5-e294-4d4a-b14a-e6fa2e5e14bf,98,78.29,79.55,-1.26,-1.61
RouteID_0c99a794-71e7-4820-8f01-5ae9b9abdb47,196,279.43,284.92,-5.48,-1.96
RouteID_0c9c6564-709a-46bb-8c14-1fbe67736ae3,171,216.26,234.51,-18.26,-8.44
RouteID_0ca0ee61-a91d-44a7-ad79-d02ea10be3b8,145,146.12,139.81,6.31,4.32
RouteID_0cb5baba-ba3f-46ea-8e45-c3cd8158cd14,109,165.69,172.2,-6.5,-3.93
RouteID_0cb74f30-d88e-42c0-b066-991430e51d3a,113,116.38,128.2,-11.82,-10.15
RouteID_0cbb00a7-62b1-452c-83f1-a787e616582b,90,175.05,196.02,-20.97,-11.98
RouteID_0cbdf262-3039-4432-8746-bcc6905103e5,126,170.61,177.04,-6.43,-3.77
RouteID_0cccbc52-db93-4233-b0c6-6284602d5312,166,166.95,152.69,14.26,8.54
RouteID_0ccdd302-3cfb-4d70-9841-22f3edb3716c,166,206.23,215.14,-8.91,-4.32
RouteID_0cdeeb0e-202f-4061-9933-7b1862af3e32,117,236.18,236.16,0.02,0.01
RouteID_0ceccda6-0964-412c-a24c-6a37db035d17,136,246.99,278.74,-31.76,-12.86
RouteID_0cf8f2ce-28f9-46de-8fe0-22e84a3b8ca2,83,82.29,84.29,-2.0,-2.43
RouteID_0d23ffb5-662f-4ba2-a3b1-0b4749b9170d,131,181.77,197.14,-15.37,-8.46
RouteID_0d43becd-aec2-49de-9bca-0fea424a6b81,190,263.62,282.3,-18.68,-7.09
RouteID_0d784cbf-7dc4-43df-ad52-879ab7a7227b,181,164.34,176.32,-11.97,-7.29
RouteID_0d85b6a3-31ec-4ae0-94e8-1b9ad6bd3635,167,243.73,227.36,16.37,6.72
RouteID_0d8e5b52-0380-40b7-80d8-940907528f19,134,146.82,151.98,-5.16,-3.52
RouteID_0da56f16-616e-425d-8680-66aaa5528579,131,154.75,145.74,9.02,5.83
RouteID_0db008e1-9cca-413e-b783-aef9d2287fec,198,217.63,220.76,-3.13,-1.44
RouteID_0db2e8f5-b962-4889-a67c-f1478e704594,168,230.26,228.96,1.31,0.57
RouteID_0db3e57e-e62e-446b-b811-621dbebe23b0,157,224.17,239.76,-15.6,-6.96
RouteID_0dcdf502-afe0-4526-9b0d-5800bd81ffc4,145,211.15,215.61,-4.46,-2.11
RouteID_0dd0f98d-f565-4769-9719-92ef1c9e284a,85,98.1,88.09,10.0,10.2
RouteID_0dd9ad00-49d9-4f82-88ba-6fdb6b77fe93,158,172.76,165.41,7.35,4.25
RouteID_0de3590f-89e5-44e8-bd7e-b23fab94345a,188,209.36,216.91,-7.55,-3.6
RouteID_0de748ab-c851-45d2-8a25-897e401314cd,143,167.81,173.58,-5.77,-3.44
RouteID_0dea4caf-f044-4170-bf66-944c0eb27785,149,231.87,219.88,11.98,5.17
RouteID_0dec584d-baeb-4470-878e-252600fb61db,160,185.33,217.75,-32.42,-17.49
RouteID_0df605eb-a6e2-4f8a-ac76-b4f8b74ac68e,151,151.18,151.29,-0.11,-0.07
RouteID_0e13b867-bfbf-4698-8347-560bbfcdba9b,160,206.05,223.43,-17.38,-8.43
RouteID_0e13e578-80f5-4746-b750-48be5996a2a0,110,149.7,130.25,19.45,12.99
RouteID_0e217d92-1e37-4216-bb49-b9858c120b52,181,184.8,187.98,-3.18,-1.72
RouteID_0e26f254-84a2-4d1a-af72-87901f5f67ae,100,113.72,120.73,-7.02,-6.17
RouteID_0e2bd841-c72d-43b7-a296-af3637d00307,128,117.95,111.49,6.46,5.47
RouteID_0e348e1c-0718-4e5e-95c2-f2a5332b23b0,183,245.24,257.88,-12.63,-5.15
RouteID_0e51e9ca-53a4-49cf-b5a1-93302533f2a6,141,167.77,147.95,19.82,11.81
RouteID_0e547edb-658a-499a-b88f-a6e4802e1a70,185,225.31,202.11,23.2,10.3
RouteID_0e578fe5-fd0c-4a21-badf-f8aae5f16853,179,214.14,231.99,-17.85,-8.34
RouteID_0e596e6f-6500-46c9-aa2b-650fc4a3d890,89,122.73,108.99,13.74,11.19
RouteID_0e5c207d-7263-4555-95d2-e67768635fde,88,109.61,87.5,22.11,20.17
RouteID_0e5d65a8-587c-48b0-86d7-226e83a1a5f4,109,159.31,137.06,22.25,13.97
RouteID_0e796e1f-cab0-46b2-96f7-c0d0c1b90ac7,180,220.43,225.64,-5.22,-2.37
RouteID_0e7eb7e0-86be-44a7-9c29-be110ee8bcd5,178,212.79,216.29,-3.5,-1.64
RouteID_0e8122d6-7a61-453b-af3c-150ef0a43110,98,94.93,98.96,-4.03,-4.25
RouteID_0e8a5182-d742-4c4f-adf3-abb60ece3239,170,156.24,173.66,-17.42,-11.15
RouteID_0e986992-bd2d-4f6b-bfd0-1038abd90bae,157,165.51,171.48,-5.97,-3.61
RouteID_0ea2374b-9211-4dc0-8797-b6f0e0ef6f2a,157,203.91,205.85,-1.94,-0.95
RouteID_0ea2dfc6-a173-4fd1-8228-99b48ac39906,193,233.43,252.76,-19.33,-8.28
RouteID_0ea7aa41-f026-4aee-8379-8099b94aff6b,142,146.38,148.34,-1.97,-1.34
RouteID_0ea8ffd3-673d-473e-8219-382f2a88c999,114,111.26,112.44,-1.18,-1.06
RouteID_0ecca9f8-0fd2-4468-8b6a-81d447e11b0f,137,141.02,144.14,-3.11,-2.21
RouteID_0ed01e9f-3cd6-4156-a73e-54b480e13c61,56,74.15,71.14,3.01,4.06
RouteID_0ee35cc6-e564-47d0-a3e4-f8a1c3a14622,145,174.26,187.27,-13.01,-7.47
RouteID_0eee5943-ffd3-4d46-bc3d-0a93ed3f55cc,122,153.34,159.03,-5.69,-3.71
RouteID_0f06dc7e-3a18-42da-b99d-955af01771e5,159,218.68,227.72,-9.04,-4.13
RouteID_0f09dff8-b32b-43d5-8030-37122ed9c14a,162,189.19,204.69,-15.49,-8.19
RouteID_0f0c1d0a-168c-4b0d-8927-aa7da75af649,162,252.19,271.85,-19.66,-7.8
RouteID_0f0c3154-3638-48d6-bc4f-a5bd55ac7632,183,197.32,208.61,-11.29,-5.72
RouteID_0f0f05d6-0cad-4612-9489-a36a0f004772,139,168.47,153.82,14.65,8.69
RouteID_0f145ccf-c2f7-438e-be66-7034a84c0083,182,172.1,162.38,9.72,5.65
RouteID_0f1c8e8d-9b63-4f06-8087-507320c11131,123,115.14,118.97,-3.82,-3.32
RouteID_0f3c5ec9-353b-442d-98d4-d9a206b55996,166,196.93,203.5,-6.56,-3.33
RouteID_0f3e0568-9883-4a69-98ef-da347607da28,160,229.77,241.9,-12.13,-5.28
RouteID_0f45e017-5174-4e33-afb8-7bc0b60fd8d6,181,177.66,175.75,1.92,1.08
RouteID_0f495b0a-fda3-417e-b688-0fb261c213bf,155,132.66,134.0,-1.34,-1.01
RouteID_0f6118f8-4987-424e-bb98-6733ab1812e9,114,111.82,91.98,19.84,17.74
RouteID_0f6698fc-5c29-4f27-86a3-e6a22c8051ca,144,184.38,188.16,-3.78,-2.05
RouteID_0f770c92-9a79-4924-8d33-856d3db80f5d,185,182.77,181.41,1.36,0.75
RouteID_0f78fe4f-5f36-4f8a-8be0-d47faaa943ba,132,209.7,191.82,17.88,8.53
RouteID_0f93be8c-42ea-4381-819c-abbf99a17125,159,241.58,252.33,-10.75,-4.45
RouteID_0f992c30-7f91-45b6-ad2e-e95bf685dd94,134,184.2,183.81,0.39,0.21
RouteID_0f9d12ce-b419-497a-8207-ca58f7ad8771,137,176.3,167.52,8.78,4.98
RouteID_0fc7c562-0e3b-410a-95b1-f7280e015529,137,133.34,129.5,3.84,2.88
RouteID_0fd2f534-5d7c-4dc0-bf3e-a2c3242499bd,179,207.74,226.72,-18.98,-9.14
RouteID_0fd331f1-2f86-4287-8f9e-86cccc4817d2,142,162.47,160.45,2.02,1.24
RouteID_0fff807c-dd59-446f-abbf-a1695edf4747,87,104.61,112.22,-7.61,-7.28
RouteID_10024d74-e0b7-40d3-86b1-996ece1d15fc,93,177.33,168.35,8.97,5.06
RouteID_1009bcda-0773-4385-ba9e-5c4bd0f59025,144,216.73,217.56,-0.82,-0.38
RouteID_1014accc-6fb2-454b-88df-f5ca4d38ddf8,138,152.18,176.35,-24.17,-15.88
RouteID_102fa550-3cd6-4172-b418-046cd1c78cd1,172,180.14,192.19,-12.05,-6.69
RouteID_10309128-ab56-4ce9-963d-1598064bad99,176,186.86,189.97,-3.1,-1.66
RouteID_103806a2-ef80-4814-888d-7ecc9180e6c6,99,151.55,161.7,-10.15,-6.7
RouteID_10414f59-03d2-4c9a-9ef5-230ae0dfab17,163,167.47,168.99,-1.52,-0.9
RouteID_1061c303-94d1-4bac-b556-bdac106a19c4,91,151.35,167.17,-15.82,-10.45
RouteID_107f1548-fbec-4de1-b846-4ce133a0ea7d,94,153.81,166.01,-12.2,-7.93
RouteID_108e6b91-1286-46f8-a1f1-4afe9426753d,188,229.36,258.79,-29.43,-12.83
RouteID_109fc056-8065-42c9-b262-d735b8e68e92,192,205.51,205.29,0.21,0.1
RouteID_10ba45a9-a47c-404b-8777-929e3bf97ce0,146,234.91,255.17,-20.27,-8.63
RouteID_10c5d207-2b3d-407a-ba49-87f552e7aff9,178,230.24,245.88,-15.64,-6.79
RouteID_10d3035b-c1ad-40ec-989d-621de5c09bde,120,91.56,81.92,9.64,10.53
RouteID_10e1767b-6ad7-45d3-b24d-dfbff4936b89,137,222.43,210.76,11.67,5.25
RouteID_10e93cb5-c148-4604-a7f3-08938cce0861,203,246.75,269.29,-22.54,-9.13
RouteID_10f9bd69-beb6-433e-baaa-e0238cb93a13,167,187.42,206.64,-19.22,-10.25
RouteID_1102698e-232b-46cb-b52f-ec3f97a11dbe,117,150.97,137.9,13.07,8.66
RouteID_11187993-1664-4137-81af-81fe8cb2dee9,162,235.82,240.16,-4.35,-1.84
RouteID_1125a47b-b164-42fc-b7f1-fbf46a51f0e8,159,235.62,241.23,-5.61,-2.38
RouteID_113395bd-f3df-47e1-b9db-dfa5a5b5591c,88,89.17,84.56,4.61,5.16
RouteID_11345ea5-9602-4ac7-866d-d140008b55a7,143,192.13,198.3,-6.18,-3.21
RouteID_114e0437-fec2-4e81-9fda-6738cf7cb458,79,92.64,77.89,14.75,15.92
RouteID_115305b1-4be3-4282-ad08-1c546b2fcb56,98,120.03,98.38,21.66,18.04
RouteID_1159e81d-0d3a-48fd-8771-154fd77c934f,135,143.23,113.94,29.28,20.45
RouteID_117c8287-12e3-41a1-bd4b-900af3038471,108,131.08,134.56,-3.48,-2.65
RouteID_1181a424-42d1-4cf5-bc52-370d43bbdfd5,160,200.92,198.28,2.64,1.31
RouteID_1191d558-1c58-4e1e-989f-520b338b3f5c,166,196.42,194.22,2.19,1.12
RouteID_11a83250-1603-4476-9cc4-1ec4c083dc40,179,167.44,183.77,-16.33,-9.75
RouteID_11cea4f0-f65f-4061-ae0a-a52607956603,203,211.47,226.71,-15.24,-7.21
RouteID_11fcf1bc-dbc0-4451-9646-009cd91672ba,143,162.84,165.78,-2.94,-1.8
RouteID_11ff0b06-87ec-4755-a731-2a2c3dfd45a4,130,170.61,171.4,-0.79,-0.46
RouteID_12125189-0a8c-409d-a723-6cfc7309e6e7,123,99.48,98.71,0.77,0.77
RouteID_1222de09-e858-467f-a963-6054feb3e67e,175,153.47,157.41,-3.94,-2.57
RouteID_122b83a8-608a-4a67-89df-633fb633e170,185,189.96,216.95,-26.98,-14.2
RouteID_1240a3bb-0e23-40fa-b6aa-ae4960962cf3,164,197.56,215.86,-18.3,-9.26
RouteID_12449585-f720-4642-b130-e66e137b1c50,118,142.99,144.75,-1.76,-1.23
RouteID_125d3367-08a1-46ce-bdf3-a3e9946600e6,105,97.11,96.16,0.95,0.97
RouteID_1271c690-26aa-4673-bf6e-df91a641bf7f,189,221.86,241.96,-20.1,-9.06
RouteID_12879cd2-cb92-4160-a781-cd44ff46e2aa,159,159.52,153.46,6.06,3.8
RouteID_128e4c3f-98f9-4428-9594-9325b5bf1408,119,138.13,138.4,-0.27,-0.2
RouteID_128fddbe-af47-4d21-9f7c-c8a6ecc6a162,173,185.77,200.34,-14.56,-7.84
RouteID_12ab4291-ccff-4378-8c2e-c6cd5a7d29ce,151,178.14,186.18,-8.04,-4.51
RouteID_12ad4b57-3f9e-4b4c-a415-bd5e6b879060,134,128.69,139.01,-10.33,-8.02
RouteID_12dd24e0-e0d4-4e87-bdcd-b9a352450cb2,74,64.0,69.26,-5.26,-8.22
RouteID_12e6f73f-cf81-4707-8600-abd206b142f8,143,186.23,189.57,-3.34,-1.79
RouteID_12e7c960-79ac-4183-96a9-23f968eb6c32,125,151.69,151.75,-0.07,-0.04
RouteID_13049cb4-e67d-468b-9b10-25c0180e5e98,109,253.83,245.78,8.05,3.17
RouteID_1308451e-c29a-4327-b0dc-7bdc86d50734,131,138.38,141.04,-2.66,-1.92
RouteID_13084739-93ee-46c2-9351-7c932f302b1a,149,200.78,203.2,-2.42,-1.21
RouteID_130daefe-43a4-403d-8a7e-95dc6b0ffadf,131,104.08,108.11,-4.03,-3.87
RouteID_13101816-1841-421f-bb0a-bc271df18f66,167,199.54,190.67,8.88,4.45
RouteID_13194db7-a1a0-4054-a1bc-6d586cd1eace,73,113.02,108.2,4.82,4.26
RouteID_1322c600-86b4-44a3-a8f7-909bc7b8007c,174,228.89,224.3,4.59,2.0
RouteID_133517ab-9198-4b67-960b-6eba7504104f,162,162.83,174.67,-11.84,-7.27
RouteID_133bda7f-2721-4923-9cb3-4ca92fff633e,157,200.62,187.06,13.56,6.76
RouteID_1346444d-8b0d-4423-a873-c4ac6f16de92,182,154.14,168.65,-14.51,-9.41
RouteID_134a45cc-2f4c-4b53-b07c-6300e3e917dd,175,218.79,257.85,-39.06,-17.85
RouteID_1364e8b4-de89-475b-9e38-3486ca12934e,140,131.64,135.53,-3.89,-2.96
RouteID_1364e982-c768-4248-818f-cefad0f4b136,170,212.14,213.16,-1.03,-0.48
RouteID_13702b8a-f4ee-451d-a059-d7e040ef690f,160,161.48,167.85,-6.38,-3.95
RouteID_139bbf0d-d504-430f-840a-86d0b6c61f59,168,198.85,222.37,-23.52,-11.83
RouteID_139f99be-c8f1-4759-a293-4fffebcb3976,197,187.23,203.89,-16.66,-8.9
RouteID_13ad1f23-c670-4b0b-b545-f2474c5a251a,141,231.47,237.81,-6.34,-2.74
RouteID_13ad1fc8-faed-4fbc-a5ff-04463fb0603d,177,216.61,233.35,-16.75,-7.73
RouteID_13ad9c2a-6ce8-4a58-b36d-c7bf56e1578d,63,73.52,71.45,2.07,2.81
RouteID_13ada16c-909d-4929-9837-959fa37bed11,136,134.79,133.47,1.32,0.98
RouteID_13b3222c-93df-473e-a4bb-f46317bb9865,107,120.02,131.57,-11.54,-9.62
RouteID_13b3b3a4-09c9-4194-a1f9-7d0ef061ffdd,143,173.9,181.21,-7.31,-4.2
RouteID_13b43097-3080-482c-9541-c15a1f2ed1fa,177,224.67,232.62,-7.94,-3.53
RouteID_13b645b8-cf92-4e72-b6cf-abc7e294a6fc,170,181.97,188.89,-6.92,-3.8
RouteID_13cad3af-2635-47d6-ab74-d53d785ceb62,199,235.4,243.26,-7.86,-3.34
RouteID_13dd84a2-1332-4103-b4a7-d4cfb9f7ae8f,152,154.75,158.15,-3.4,-2.2
RouteID_13f2e810-115c-4553-ae4c-fe694e794433,123,178.99,198.07,-19.08,-10.66
RouteID_141e1611-b425-47e2-aad3-8a1588539da6,185,193.52,192.31,1.21,0.63
RouteID_1429d19e-4b07-488a-b324-426f7ac09ee3,169,221.38,208.43,12.95,5.85
RouteID_1439c30d-fedc-44c7-bfb0-6e6af20e7caa,155,198.82,207.09,-8.28,-4.16
RouteID_14400e63-1a26-48f2-8b62-8c93b45df3fb,140,159.35,169.14,-9.79,-6.15
RouteID_1450f94e-2831-46cd-be0c-c4412a604ffb,179,267.64,254.31,13.33,4.98
RouteID_1455948c-77b6-4115-897b-85ca514cd6b6,154,167.56,182.71,-15.15,-9.04
RouteID_1459297d-63a1-4b7e-bc20-de002b255754,127,205.48,218.53,-13.05,-6.35
RouteID_145e9ce3-e1c7-4868-b2f0-c00d7c67340f,118,169.14,171.01,-1.87,-1.11
RouteID_1462e47a-5f19-48c6-8dae-965a7647f79f,151,186.39,205.92,-19.53,-10.48
RouteID_148eba24-2dfc-4911-88a2-eaa758f633a1,161,243.82,258.52,-14.7,-6.03
RouteID_1492199d-9760-4e63-af2b-25176190b8a8,173,209.19,208.61,0.59,0.28
RouteID_1498bacd-0e44-487f-b624-eab2d2e321b0,147,184.94,181.5,3.44,1.86
RouteID_149a586b-6e2e-4a13-ade9-4437e4021e3d,135,153.45,156.02,-2.57,-1.68
RouteID_149f5b35-b668-43db-aae3-7a2bbd4f89e9,164,242.7,257.18,-14.48,-5.96
RouteID_14a582dc-318b-4d9d-ae97-d79bce388116,174,234.69,254.67,-19.98,-8.51
RouteID_14bbcc7e-805e-4cdf-9a4d-3ba47006fa1c,117,169.04,144.7,24.33,14.39
RouteID_14c8f61e-7946-4cbd-a396-fcbf481e8795,156,181.44,197.54,-16.1,-8.87
RouteID_14cbe6d9-6446-4073-a4b4-12aa8193fb7a,177,170.38,194.59,-24.2,-14.21
RouteID_14d0e456-b5cf-44ad-a4ab-eaa88308c3b8,143,172.75,199.69,-26.94,-15.59
RouteID_14e47d87-3e00-4004-833e-c79cc905406c,171,182.27,211.94,-29.67,-16.28
RouteID_14e79e59-1113-4434-9211-466665e5c28b,177,206.52,211.83,-5.31,-2.57
RouteID_14ecef4d-a551-4d0b-8af6-8c9a6bad7792,144,157.32,173.17,-15.85,-10.07
RouteID_14f0720a-85ab-4d4b-9498-d371c3e82c39,161,243.99,244.49,-0.51,-0.21
RouteID_14f61971-f685-40ae-8c0d-89ac82959d09,143,193.51,190.66,2.85,1.47
RouteID_14fd2998-6eb3-4474-85bf-50fd444de912,166,187.1,169.55,17.55,9.38
RouteID_1512a0e3-0c95-45a9-905b-82dab77fe174,99,104.47,89.06,15.4,14.74
RouteID_1514544b-2828-4cdc-ad5e-7f30d4003a23,204,254.23,272.09,-17.87,-7.03
RouteID_15217517-0e3e-4355-bb72-551ff5e6b11d,123,142.9,128.7,14.21,9.94
RouteID_1537f298-8593-4828-81dd-2b3a701ae04b,161,203.14,207.7,-4.56,-2.25
RouteID_1548013c-d336-4c74-85f4-520ef48d5361,136,231.4,249.06,-17.66,-7.63
RouteID_1549b998-ded7-49d1-ad68-7fb070aab241,150,203.5,208.56,-5.06,-2.49
RouteID_156ee7ce-5700-416d-a7b0-51e331a3f63a,113,134.05,130.15,3.9,2.91
RouteID_157500fd-a2f2-46be-91fb-60e1dd6ac102,134,251.89,268.33,-16.44,-6.53
RouteID_1580568d-54e4-44e9-a44a-01ee2cc7c840,112,145.63,143.32,2.3,1.58
RouteID_158192d2-e58c-4333-bb3c-81f8ca243d59,166,250.83,248.09,2.74,1.09
RouteID_158a381b-2bb3-4b6c-b2ca-9c6d9667e078,132,215.98,227.73,-11.75,-5.44
RouteID_159684b2-71bc-4a2d-ae49-7affac5dd9e5,177,219.55,222.34,-2.79,-1.27
RouteID_1597a128-4d9f-4a1f-8d3a-1fe4b8f0e13b,161,174.33,190.87,-16.54,-9.49
RouteID_159ce8a1-6f11-40e6-81da-5b5a0fe99803,171,190.56,203.85,-13.29,-6.97
RouteID_15b2cf9a-514f-4e78-89a7-b61ce2551e87,76,114.15,119.68,-5.54,-4.85
RouteID_15b68f6d-b3ee-457e-a32a-d08de4875fd1,184,205.35,230.44,-25.09,-12.22
RouteID_15baae2d-bf07-4967-956a-173d4036613f,193,204.67,215.38,-10.71,-5.23
RouteID_2ba0bd20-1c35-4aae-aaf0-8947b75c6c11,169,187.0,197.59,-10.59,-5.66
RouteID_2ba4da65-464e-477d-81f6-a3faf8990dc8,91,76.9,69.55,7.36,9.56
RouteID_2ba8ff9d-875d-4dbe-818a-06c08bb94b7c,130,157.81,158.36,-0.55,-0.35
RouteID_2bbd0cf1-ad8a-40f9-9788-a76efdedd1f9,147,185.44,186.74,-1.31,-0.7
RouteID_2bd115b0-2c47-40ed-b15b-d9483a5495c2,182,194.67,202.39,-7.72,-3.96
RouteID_2bf09303-14e3-403c-bf4f-64ea3570d96e,131,152.2,142.77,9.43,6.19
RouteID_2bfd25af-7671-45b4-8fb2-65fa89017231,161,203.44,218.74,-15.29,-7.52
RouteID_2c02082d-e733-4bf3-a95e-10de3a3a7f66,157,173.08,181.53,-8.45,-4.88
RouteID_2c07358d-f02c-4f19-a8f2-2cc79eb1ad65,173,212.29,233.97,-21.68,-10.21
RouteID_2c07b5c7-d405-4d75-a17d-e4d770df9162,197,189.11,193.66,-4.56,-2.41
RouteID_2c09da33-4d0f-41e3-aa69-e5710c41049d,163,259.7,274.69,-14.99,-5.77
RouteID_2c0e5c10-da70-429f-ac34-2d2c0cb50d00,143,159.89,164.34,-4.45,-2.78
RouteID_2c320a42-0447-4527-a4da-3ad2708b4ea6,139,204.87,216.38,-11.51,-5.62
RouteID_2c397a4c-e6c8-4de5-94a6-00b14e226453,173,204.81,207.24,-2.43,-1.19
RouteID_2c635c41-a967-4fad-8a54-ba6bd2d62c30,171,152.31,169.51,-17.2,-11.29
RouteID_2c6573f8-f9d7-4eea-8067-fb11af7e2a59,155,233.18,263.77,-30.6,-13.12
RouteID_2c67f016-f735-4e05-9015-af7d2e1e2c3d,169,201.37,194.62,6.75,3.35
RouteID_2c6c62de-3009-430e-94a6-0c7ad201b04a,171,201.55,208.96,-7.41,-3.68
RouteID_2c70d576-6300-4ab9-98b0-594f86ab7ab2,198,202.04,223.46,-21.42,-10.6
RouteID_2c78cde7-ae14-4ead-ad71-b84b068d1a11,146,237.79,220.39,17.4,7.32
RouteID_2c7e1ef3-df3c-4f9e-9091-855c844dde2c,89,120.07,121.72,-1.65,-1.37
RouteID_2c8de355-2af1-429a-9713-4c8ef6684837,179,187.38,199.94,-12.56,-6.7
RouteID_2ca5212a-40f2-49cb-bd9d-8550dcf26c20,179,214.4,216.12,-1.72,-0.8
RouteID_2cb17fc6-3c60-4389-b4ae-ad001b9c7242,194,221.36,237.73,-16.37,-7.4
RouteID_2cbaef5c-d4c5-4493-af6a-ed0209a55f20,142,124.22,129.26,-5.04,-4.06
RouteID_2cc3f873-b155-4998-948f-8497e33828ee,139,134.51,138.77,-4.26,-3.17
RouteID_2cd36291-a3d5-41fc-acf7-5995443b3cd0,137,168.45,177.07,-8.62,-5.12
RouteID_2cdf41a8-a470-4600-be20-8d57c25a3e8c,169,198.66,195.18,3.48,1.75
RouteID_2ce76047-8ecf-4d44-b8b4-eca28cec123d,149,224.54,237.55,-13.01,-5.79
RouteID_2cf6ae7c-4fff-4582-a6b9-be83e652e506,146,176.89,179.98,-3.09,-1.75
RouteID_2d054b36-9862-4325-b6f3-149a198f9f05,178,203.6,219.79,-16.19,-7.95
RouteID_2d0fbc6f-c0b7-4bb1-ae6e-27242292b446,144,157.44,152.13,5.3,3.37
RouteID_2d1f539c-e6f3-4809-9d48-26c3fb4a7a96,55,78.55,76.19,2.36,3.01
RouteID_2d321f08-1bd3-4575-a894-f2478d0b6182,114,103.65,112.76,-9.11,-8.78
RouteID_2d382b0c-9d95-4c6b-a9a7-3c1e2a709e1c,172,205.67,204.81,0.86,0.42
RouteID_2d3cc438-f473-40d1-a08c-c0a28a1491b9,127,194.99,198.47,-3.48,-1.78
RouteID_2d4e54b0-866c-4adb-9639-a931e3252a4a,153,197.0,206.56,-9.56,-4.85
RouteID_2d6c74e9-54fc-4ab6-958e-127542d6fb67,171,116.82,116.71,0.11,0.09
RouteID_2d6c8044-549c-4075-916c-2e670b830206,134,164.36,151.58,12.78,7.78
RouteID_2d75ab3e-d79e-4b93-8129-757a658994a5,146,225.44,213.58,11.87,5.26
RouteID_2d7b2e87-282c-4695-abec-290e10432cda,154,203.21,201.31,1.9,0.93
RouteID_2d7c9095-06f6-451e-97cd-2e9607a554e3,104,142.24,129.34,12.9,9.07
RouteID_2d7e2067-9b7c-4d04-abb9-22a7981b0bd3,165,186.68,207.23,-20.55,-11.01
RouteID_2d83827e-d6b9-44a8-a631-532e7cc52cbc,122,166.69,182.56,-15.88,-9.52
RouteID_2d838f82-0651-4706-b9bd-7873a4c0c1a1,59,85.24,79.66,5.58,6.54
RouteID_2d918f75-96a8-4c09-9937-c0a1704259e8,134,118.49,128.02,-9.52,-8.04
RouteID_2d9ca2fc-5720-4cba-9997-c912b7c85c74,117,138.06,138.64,-0.58,-0.42
RouteID_2da1bf4b-ea5f-4344-a7f0-ca4fd648ab07,184,223.58,229.2,-5.62,-2.52
RouteID_2daf76cc-2b1a-4c42-86a0-e0b9ff042959,143,136.5,141.45,-4.95,-3.63
RouteID_2db4b83b-9a89-4ef7-aad5-471714b0be0a,191,253.41,277.87,-24.47,-9.66
RouteID_2dbd6a59-3032-4641-9a4a-0c8c07a299f1,128,229.1,248.92,-19.82,-8.65
RouteID_2dc58086-82fe-4e6e-b6df-589095b5ec45,143,214.77,236.63,-21.86,-10.18
RouteID_2dccd298-97df-4933-a141-907fac6d2064,88,148.02,149.75,-1.73,-1.17
RouteID_2ddf94c5-f531-48b6-9d65-d8cc514285b2,109,158.03,145.11,12.92,8.18
RouteID_2de51771-29ad-4bbb-a025-0ed9a978ba31,159,187.01,195.8,-8.79,-4.7
RouteID_2deeeb51-b72a-48c3-b3cf-59947943dc93,150,164.11,192.36,-28.25,-17.22
RouteID_2df9cf2f-f3e8-45cb-93e9-ac12238b8d32,169,227.02,242.66,-15.64,-6.89
RouteID_2e057b5a-a94f-4787-8655-7651fab0e5c3,135,136.07,132.53,3.54,2.6
RouteID_2e0ff2a4-44c1-45d7-b510-cb07cc1cd73a,68,72.85,66.66,6.19,8.5
RouteID_2e10823f-675f-4bd3-a405-91f8ec31f06b,121,149.98,141.61,8.38,5.59
RouteID_2e20508f-b63e-4c16-8d61-c758ca3b296e,152,224.75,218.51,6.24,2.78
RouteID_2e21249b-d9c7-48e6-9df5-2a21023add4f,104,161.72,157.35,4.37,2.7
RouteID_2e38f649-d176-4c83-926c-b49f255db5f0,163,235.87,248.19,-12.32,-5.22
RouteID_2e449b87-b983-4e15-a373-db3bd6dd9e84,176,231.12,241.82,-10.7,-4.63
RouteID_2e4d1e86-a6d2-4e57-ad54-107a1e546fb7,154,188.57,204.84,-16.27,-8.63
RouteID_2e5db3b7-b648-48d1-a5b1-82f7ed561297,139,176.7,183.66,-6.96,-3.94
RouteID_2e7a1943-f40a-4fe8-8010-d65d1db15238,146,190.85,194.44,-3.59,-1.88
RouteID_2e8f7b5f-d2fd-47df-b245-5a23ff2790a2,167,180.22,189.13,-8.92,-4.95
RouteID_2e92a0c2-7c2e-47d3-aec7-217cbd2ca5cb,154,197.17,203.62,-6.45,-3.27
RouteID_2e96cb20-82ad-4765-88c1-d410fc3fd49f,163,186.49,202.56,-16.07,-8.62
RouteID_2e99e6e2-f0d3-48c4-a948-f4e3907a42a3,164,194.9,208.64,-13.74,-7.05
RouteID_2ea18e1c-50f3-41e0-a054-101894fe52ae,124,127.42,120.67,6.76,5.3
RouteID_2eaad366-c92c-4852-a4b5-0bb7919d61c9,130,202.18,200.79,1.39,0.69
RouteID_2eb0bcbf-d7ec-4017-a2f2-d244f0e74f97,170,186.94,185.53,1.41,0.75
RouteID_2ebf55a4-b6df-49fa-9343-384a8d3d872a,119,188.6,195.01,-6.41,-3.4
RouteID_2ec15096-7944-4ff4-8c0b-49364d415515,131,209.97,212.86,-2.9,-1.38
RouteID_2ed48400-6ee3-48a7-855f-4a7c44390cf0,123,174.25,172.09,2.16,1.24
RouteID_2ed85545-6d09-4efb-b07d-e964dc0c2ba8,141,179.64,183.59,-3.95,-2.2
RouteID_2eec80b0-b2f1-46f1-a78e-8d5ef7b25aa2,203,175.39,204.2,-28.82,-16.43
RouteID_2ef351d6-22cb-4f74-9bd4-f738dec082a9,160,187.1,203.16,-16.06,-8.58
RouteID_2ef536c3-69e5-4636-a791-2551a97a1b40,132,155.74,159.87,-4.13,-2.65
RouteID_2f1377b9-b7f4-4c9f-acf9-4a48d3c06347,120,172.93,176.02,-3.09,-1.79
RouteID_2f1b6df3-4dc3-47ff-be00-22256aada956,191,197.67,192.77,4.9,2.48
RouteID_2f1dd7ec-c87a-4727-a351-558cf0789329,142,171.29,188.16,-16.87,-9.85
RouteID_2f1f9949-9c16-4419-8263-4852e052b897,145,163.0,162.52,0.48,0.29
RouteID_2f294cce-319c-40be-9a67-54cfa1a985a2,175,211.42,212.75,-1.33,-0.63
RouteID_2f396aa4-7bfa-491d-add6-c3bb1d81b872,158,281.02,285.46,-4.44,-1.58
RouteID_2f3cad2a-ddf1-4a3d-97ed-397ec19af444,126,169.25,170.82,-1.57,-0.93
RouteID_2f41c2ed-29e6-4a3f-a021-4f4049ea594d,159,187.04,186.21,0.83,0.44
RouteID_2f5a3ed8-00ad-4dd6-9bb0-808c993a1ec1,151,243.52,247.29,-3.77,-1.55
RouteID_2f63c0d4-b3cd-4748-ada4-b90cc963a76d,169,211.72,214.56,-2.84,-1.34
RouteID_2f675fbf-8c49-4adb-8a4b-396fa21d1bce,130,145.13,156.17,-11.04,-7.61
RouteID_2f743253-05fa-4a89-99b5-6d6a39b9e066,153,187.25,200.43,-13.19,-7.04
RouteID_2f76393e-948c-4fd3-94d8-3b0179aca9a4,135,125.06,115.27,9.79,7.83
RouteID_2f7867d1-33a7-45e3-a6d5-ff044cb2d1bb,193,270.24,261.4,8.85,3.27
RouteID_2f88e172-2bcb-42e4-8a3f-b41e6b5f1b1f,155,235.1,240.89,-5.79,-2.46
RouteID_2f8a849e-abec-4c4d-a197-df83e2826f04,173,257.06,258.74,-1.68,-0.65
RouteID_2f9817b1-57c7-415d-ae23-d45febd826ea,162,212.75,206.06,6.69,3.15
RouteID_2f9ea1a5-4b87-4a84-9c15-ac92ca79c38c,166,245.66,234.51,11.15,4.54
RouteID_2fa2f181-0c19-444d-a36c-938b0462270a,122,112.24,116.6,-4.36,-3.88
RouteID_2fa96a6c-f938-43d2-86ad-882dcf4ae353,159,194.16,201.19,-7.03,-3.62
RouteID_2fac13dc-55f3-4a80-82a8-22418dcfa54c,140,126.24,133.88,-7.65,-6.06
RouteID_2fb063a3-024f-4023-adc0-6cafbbdfd9ab,164,181.01,179.3,1.72,0.95
RouteID_2fb6391e-e28e-4627-ad9d-e0f455b625c1,129,183.8,174.77,9.03,4.91
RouteID_2fbce317-4620-4360-8e71-3a69e00d3823,99,130.75,126.27,4.47,3.42
RouteID_2fcc1778-fb33-45c2-920f-c25fac0f30b9,187,189.6,197.82,-8.23,-4.34
RouteID_2fda933d-e710-43c2-b6aa-e2eb14a01da0,144,151.12,160.14,-9.02,-5.97
RouteID_2fde356d-abca-4be1-9b51-11fb91b79f39,114,166.94,170.15,-3.21,-1.92
RouteID_2fe9a12f-7d94-4ffa-9f75-8306effe2337,173,240.63,238.48,2.14,0.89
RouteID_2ff4adf9-2ed1-4191-9ffc-5166001c9600,108,109.58,112.37,-2.8,-2.55
RouteID_3007fbad-e3e0-4c16-9f05-d710912b1560,157,177.77,190.08,-12.31,-6.92
RouteID_3012483e-16c5-46e6-94f5-675a8a1e7f4e,137,148.34,161.62,-13.28,-8.95
RouteID_301fedaa-aa55-45f8-b2f1-21a473f2e710,168,187.92,202.77,-14.85,-7.9
RouteID_3022aacd-3a6d-4e33-9283-347ac7339063,126,130.85,121.61,9.24,7.06
RouteID_30425aa3-2cb4-4e6c-afa8-0c67ee3f48cb,86,81.32,83.8,-2.48,-3.05
RouteID_30470a2b-d091-4b99-ad1b-707e21867a35,172,223.87,250.79,-26.92,-12.02
RouteID_304f3ae0-a95a-4e6a-a9c8-ff32a6741b63,108,113.98,113.57,0.41,0.36
RouteID_30525a61-6d54-411c-8719-091fb02378d6,137,152.6,151.95,0.65,0.43
RouteID_30529dec-7015-44d8-ba1d-b6bd9cf24fc7,143,177.62,187.33,-9.71,-5.47
RouteID_305e0b41-5d58-49ae-8ea2-1a46f4f0adfc,123,148.76,157.05,-8.28,-5.57
RouteID_305fa157-0799-408b-a5a7-4694b3ba77cf,163,180.0,196.54,-16.54,-9.19
RouteID_30665b13-bb8d-4b12-b97e-a67448928962,167,201.43,200.88,0.55,0.27
RouteID_307217da-5466-4551-a6f5-cdca21610198,168,178.03,159.89,18.14,10.19
RouteID_307b3b5d-2192-4c66-a2d7-398b68d1c63e,85,104.82,105.68,-0.86,-0.83
RouteID_30921b43-8adf-4303-aa79-65d219a17317,151,175.38,173.96,1.42,0.81
RouteID_3094a340-46f0-4d81-8284-05029e13cdc0,203,256.56,262.04,-5.48,-2.14
RouteID_309863df-4d96-4cef-aab2-9ef5c80b32b1,140,192.38,198.92,-6.53,-3.4
RouteID_3099fac8-b6f7-40cb-83c2-5354b85bc48d,134,120.41,126.94,-6.53,-5.42
RouteID_30a280ce-93ac-4dc6-92a5-de843e0e5d8a,152,165.32,180.91,-15.59,-9.43
RouteID_30ad3e01-dde1-4cf4-9b8d-c9825da3a2a2,182,195.31,216.53,-21.22,-10.87
RouteID_30ba5aef-b213-4fc1-9a12-2203ac03fdfa,78,92.04,105.71,-13.67,-14.85
RouteID_30caf8bd-0105-4ce5-b768-02fd5f1cf265,140,209.46,199.05,10.41,4.97
RouteID_30d661ec-021c-4471-b4b6-6a145e3d5a8e,149,156.27,164.52,-8.25,-5.28
RouteID_30da62e8-2411-4b93-a707-6f7e2ad804b3,173,152.02,157.46,-5.44,-3.58
RouteID_30e05636-ae2c-44cc-bc73-b40592a5c72d,113,148.36,162.21,-13.85,-9.34
RouteID_30e11739-4ac3-4428-8dba-25861ac6cbf5,193,266.74,265.4,1.34,0.5
RouteID_30f34e98-a08b-4085-bb3a-5f291a78581c,167,202.97,183.26,19.7,9.71
RouteID_30f7acd9-5253-4904-9ebf-baebfb119449,150,229.81,243.65,-13.85,-6.03
RouteID_30fa467f-054c-4d9e-acd2-b7dd347fcd26,146,233.27,236.91,-3.63,-1.56
RouteID_310b4adc-6c78-414a-9208-6c888aba3174,136,260.17,274.62,-14.45,-5.55
RouteID_31108e50-7540-456b-9068-ec339bf15bee,93,88.3,78.7,9.61,10.88
RouteID_311220c3-73c7-4f6e-be3c-79eb138f862c,157,244.62,271.3,-26.67,-10.9
RouteID_311f1462-3ad6-46ec-a49b-f1c774ea5d2b,109,136.46,132.75,3.71,2.72
RouteID_311f41bd-7244-4c8f-a759-d62deeb6417c,117,170.4,175.52,-5.11,-3.0
RouteID_3126ad22-48bd-4de4-83bc-b1e3bc6238d2,152,135.6,135.29,0.3,0.22
RouteID_312a4874-8c6d-48ee-b3f9-2d1138d04bcf,165,189.71,186.67,3.04,1.6
RouteID_312f9a06-70c3-413c-8658-ec121b053ca3,153,227.56,250.08,-22.51,-9.89
RouteID_314d5f77-ac29-439b-b860-3b1b2614ff4e,162,218.85,240.72,-21.87,-9.99
RouteID_314e91e1-bd37-40e5-b8a0-9ccf183e93ef,160,285.24,298.21,-12.97,-4.55
RouteID_314f7668-a26f-4dfe-be1c-509e5c4e22d4,177,170.85,170.35,0.5,0.29
RouteID_315651ac-bc80-4c50-99ac-25349bf3c5f9,166,214.36,214.26,0.11,0.05
RouteID_315dbc18-78a9-403b-b157-b237d517fc9a,143,178.15,180.31,-2.17,-1.22
RouteID_316e7e36-93a4-40a6-a98c-0f5077cd5aeb,172,188.09,179.57,8.53,4.53
RouteID_316fbf0f-2632-4634-9c41-02ef77bff058,137,138.41,150.82,-12.41,-8.97
RouteID_317a9c56-1b7d-4f57-8239-02e583f112ab,119,188.25,177.54,10.71,5.69
RouteID_31903cb5-e21e-41a2-9232-b6462f1f9d23,91,87.65,92.56,-4.91,-5.6
RouteID_3192e9cf-4b20-41d0-a178-4f06351e9284,137,210.35,216.31,-5.96,-2.83
RouteID_319f8bdd-08a6-4298-bb14-191d5e3d5325,157,188.31,193.82,-5.51,-2.93
RouteID_31bb816a-e5b6-4851-8292-0e9527f146b4,161,208.02,216.86,-8.84,-4.25
RouteID_31bd5c21-dd83-4ade-95c8-9c4943e533a7,150,202.37,214.99,-12.62,-6.23
RouteID_31bf59b3-3a2d-448f-bbae-af7aa0bb3350,139,179.48,186.83,-7.35,-4.1
RouteID_31c13a3c-d0bd-41e5-9ab1-008943cba968,175,197.19,221.3,-24.11,-12.23
RouteID_31c25440-74f2-4cee-8732-d9b884d24c37,181,204.72,212.23,-7.5,-3.67
RouteID_31c4bca9-5a1d-434a-aece-086de0f2699d,107,128.01,143.67,-15.66,-12.24
RouteID_31c66eff-109f-4796-b568-0407ef20198e,140,180.11,177.02,3.09,1.72
RouteID_31c7d29b-3ee4-4394-8638-0ec8c898408d,180,216.42,214.43,1.99,0.92
RouteID_31c9c3eb-1636-445f-9e4d-59d0b1af6d53,169,244.43,243.01,1.41,0.58
RouteID_31c9e02e-c92d-43eb-9190-f42221d9a2f3,53,106.3,102.9,3.39,3.19
RouteID_31e2e625-6575-4bc9-996d-316d751324c8,153,183.83,196.33,-12.5,-6.8
RouteID_31e2e8f4-23b4-40c9-898a-2e5e9afddb55,61,103.05,87.75,15.3,14.84
RouteID_31e81d17-2ba0-4b6b-a56e-507f3a27e414,177,264.2,282.09,-17.89,-6.77
RouteID_31ec52f9-845b-46a9-87df-d121596edd54,125,170.6,167.34,3.25,1.91
RouteID_31f25f06-9e3c-4ca3-b788-8809877e7c2e,164,198.6,209.18,-10.58,-5.33
RouteID_32082435-c4cc-446f-9430-9d46e42f40ab,180,193.17,202.38,-9.21,-4.77
RouteID_3215c3f1-0119-4cbc-ae59-11c68e96d21b,120,154.63,148.88,5.75,3.72
RouteID_3217c114-0f45-4b25-a954-9f5d4733f1c4,102,154.42,157.05,-2.63,-1.7
RouteID_321932f3-0d27-44bc-8bc0-26989e95b363,190,261.76,290.34,-28.58,-10.92
RouteID_321d7c0c-dcac-4fb2-aae2-7d83706b5bdc,132,168.75,175.84,-7.09,-4.2
RouteID_32312e61-aafb-40c0-9ffd-b90c202da598,189,193.05,206.37,-13.32,-6.9
RouteID_3233760e-5732-450b-b77e-f227732a52ea,116,119.4,126.74,-7.34,-6.15
RouteID_323dd1dc-2e5f-47b6-8de8-eecd0e227994,166,236.62,256.43,-19.8,-8.37
RouteID_323f0547-d988-4c67-818d-594bb38c8200,142,145.9,143.61,2.29,1.57
RouteID_324a9f8b-7e0d-4715-b476-23bfdc84f827,143,257.36,299.3,-41.95,-16.3
RouteID_3250f0cc-cffb-4adb-9995-e4fce1797ac6,111,151.79,153.89,-2.11,-1.39
RouteID_32560369-e517-4c2e-9aa0-046417dab413,115,92.71,95.47,-2.76,-2.97
RouteID_325848f4-4a72-4af8-9205-2562d79d6086,160,142.82,141.44,1.38,0.97
RouteID_326305b6-2e50-43b8-8c30-694c6f266c6c,167,240.25,250.06,-9.81,-4.08
RouteID_326b5d14-cc43-44a1-8a92-1ee9943f0c07,122,116.45,127.4,-10.95,-9.4
RouteID_326fd190-c150-4d29-90d6-fe3835a1c03b,173,231.57,241.5,-9.92,-4.28
RouteID_3271dd04-e485-401f-a084-f2db88b36fd3,138,250.56,277.02,-26.46,-10.56
RouteID_3276a7be-ab42-4e75-aeb9-b411c402297f,142,113.72,117.21,-3.5,-3.08
RouteID_3277046b-c5a2-424b-96c1-fad88faea64e,150,189.06,198.14,-9.08,-4.8
RouteID_3299cac7-b4a7-4ea6-8c0d-3ba4b63eedfd,156,134.34,130.77,3.57,2.66
RouteID_32a8b599-90ab-4f07-af83-9ae9c4bc65d4,126,159.41,154.93,4.48,2.81
RouteID_32b0c699-8410-4a25-8912-77e4f86b67fb,131,183.32,189.32,-6.0,-3.27
RouteID_32b617fa-11d1-4b08-a0ee-5271d30895f7,171,175.02,177.55,-2.53,-1.44
RouteID_32ba20d1-3045-4bd5-b1b6-1acaa44be26e,124,182.62,190.64,-8.02,-4.39
RouteID_32c3876c-a448-40b4-ab56-20ca60e41790,206,237.78,231.36,6.42,2.7
RouteID_32c9a146-86a7-4979-b6c2-c137e22fc9a7,71,79.12,73.62,5.51,6.96
RouteID_32d72c09-4a44-4ee8-9b2d-acea3833db8b,164,195.69,201.37,-5.68,-2.9
RouteID_32f76ed9-c12a-4328-9126-110611423397,160,233.16,228.01,5.15,2.21
RouteID_33047154-1022-4bfe-8deb-bf19f5ceafea,161,178.05,190.47,-12.42,-6.97
RouteID_330a58b2-7648-466f-8908-ba3f1f7b7708,117,118.91,105.45,13.46,11.32
RouteID_330e401e-12a0-44af-bab1-94db21eaf946,178,224.24,227.87,-3.63,-1.62
RouteID_330f0752-794c-4f53-81d2-a2a464e393a6,168,234.23,231.05,3.18,1.36
RouteID_3311502c-0d0a-4ae7-becf-f71dd6b2a390,135,182.84,197.38,-14.54,-7.95
RouteID_3317bf52-6be2-4663-807f-aff284f91207,132,120.36,123.4,-3.04,-2.52
RouteID_332f057b-2034-42d0-aaaf-d2c7667e6be0,199,218.72,230.53,-11.81,-5.4
RouteID_332f33d1-7d73-413b-8be3-a90bb7440865,78,131.14,119.98,11.17,8.51
RouteID_33301fa4-7fc2-49be-9e93-b99b1cb07ae3,147,105.65,104.62,1.03,0.98
RouteID_333363d3-7f54-4bf8-839d-7d11a4f803a5,176,195.88,209.75,-13.87,-7.08
RouteID_333da0a1-00da-4a38-8bc8-0887b764497a,172,214.57,193.21,21.35,9.95
RouteID_333dbf90-d6f6-43da-b8fa-d7da4449f597,144,200.73,211.58,-10.85,-5.4
RouteID_333f4358-d0de-4651-accf-82ab23e49577,128,133.66,134.5,-0.84,-0.63
RouteID_33400281-e8fc-439e-b550-045ecb5d5d60,141,165.83,174.9,-9.07,-5.47
RouteID_3360a020-8666-4eda-8748-0d6b64d33f9f,121,134.04,142.04,-8.0,-5.97
RouteID_3371790e-acf0-44d7-9291-787cb67b499f,188,245.29,260.45,-15.16,-6.18
RouteID_3376dca0-7185-40e6-a71c-f809addd38df,94,106.09,84.3,21.8,20.54
RouteID_3383825c-e42c-42cb-b4fb-9c992d79e3d7,166,194.65,205.47,-10.82,-5.56
RouteID_3387fe16-d804-4b28-b0ab-ee43f9cfcc84,149,175.8,173.92,1.88,1.07
RouteID_338b12bd-11b2-4ee0-8b53-f34d617fa763,151,188.54,157.8,30.74,16.3
RouteID_338c2b44-fc6f-486b-b4d9-56e879eb6889,160,208.68,216.72,-8.04,-3.85
RouteID_33a1c91d-4019-425c-9b45-149105e729bb,134,155.68,169.09,-13.41,-8.62
RouteID_33a2375f-02cc-4bd3-bf8a-5463c1bcee16,181,182.43,181.78,0.65,0.36
RouteID_33a3fbff-c3ec-4b4e-9a37-04c24429f94e,177,187.42,192.95,-5.53,-2.95
RouteID_33bac1d8-1edc-4f1e-b3ef-b6f251626265,122,201.79,225.71,-23.92,-11.85
RouteID_33d66e4c-af00-44f0-989f-546ae920b0b4,151,188.25,208.25,-20.0,-10.63
RouteID_33d94686-0453-4bd2-b407-44ad23c1a56c,133,175.92,163.89,12.03,6.84
RouteID_33db7d10-0d09-466d-8365-ed2c62a9d863,169,222.67,232.58,-9.92,-4.45
RouteID_33dcdca7-603d-4ff7-b9b3-200fdfef531d,166,199.44,200.84,-1.41,-0.71
RouteID_33e2d94d-92fc-47f8-aead-efd2b846e5bb,149,189.42,190.11,-0.69,-0.36
RouteID_33f6b1ca-dd82-49ea-be33-f9cc52e13cdf,172,203.27,229.72,-26.45,-13.01
RouteID_33fb2476-0e86-47f0-ad91-0a29a9c90ca7,164,182.77,199.07,-16.3,-8.92
RouteID_33fcd9ae-5f40-41be-a82c-a24f8cf3ea46,174,205.26,202.52,2.74,1.34
RouteID_3420e082-f7fb-4332-96cf-7e2a28055d85,133,117.1,109.37,7.73,6.6
RouteID_34261e1b-03b5-4ac0-81b1-bee1e06c035d,140,157.72,169.96,-12.24,-7.76
RouteID_342ad625-18a5-4c26-9af4-c68ee6822154,87,108.01,107.98,0.02,0.02
RouteID_342bf23d-4ba3-457e-b31f-e8fc3b31d62a,147,152.05,162.27,-10.21,-6.72
RouteID_344d8f76-88ff-4abc-a94b-2a96a4248750,189,170.51,183.01,-12.5,-7.33
RouteID_34601628-49e6-4c9e-92a5-a06ffe301e7f,190,214.33,221.35,-7.02,-3.28
RouteID_34628b01-eb42-4008-a0b5-9e91d7261485,138,219.88,234.76,-14.88,-6.77
RouteID_34693cf9-97fe-4ce5-8fae-ed8e5c36c9cd,138,285.5,266.89,18.61,6.52
RouteID_346c3d8c-2953-44cd-8439-560df8f23ddf,192,299.44,293.01,6.42,2.15
RouteID_34755acf-846d-4304-855c-013b9eaa55c7,138,186.01,177.46,8.55,4.6
RouteID_3484a110-b82b-4c64-b13a-14cae99d5a4f,138,226.82,252.95,-26.13,-11.52
RouteID_348fe936-86d1-4daf-a3cb-c3265648459c,152,184.56,181.6,2.96,1.6
RouteID_349e8635-ffe5-4116-96d5-186412e5a693,204,235.76,236.39,-0.63,-0.27
RouteID_349fe1a3-b174-415c-bf90-d3218c0afc30,106,121.56,125.27,-3.71,-3.06
RouteID_34ae8029-be7e-482e-9c6a-a62dd8841ae3,152,160.15,169.42,-9.27,-5.79
RouteID_34aed0fd-3b51-4a7c-8456-797a2435e565,189,220.79,215.76,5.02,2.28
RouteID_34c16599-a881-40fa-839b-b1b458692ea1,170,207.43,213.5,-6.06,-2.92
RouteID_34c6f9ec-7801-4c31-a828-badcf539b5a3,153,198.08,190.73,7.35,3.71
RouteID_34cdfe7f-f54b-451e-a25e-0a5544f2db41,160,171.91,158.91,13.0,7.56
RouteID_34e9da38-304c-4a9e-96ba-ecdce2ff9982,200,184.76,203.58,-18.82,-10.19
RouteID_35117cdf-a2f0-4d16-8b7f-fb3aaa715803,162,190.45,200.36,-9.91,-5.2
RouteID_35149220-f0ed-42e9-a243-f573e8bcd6ea,134,148.98,151.94,-2.96,-1.99
RouteID_35222ae6-1540-4b5c-ae35-20e9db557acd,159,230.45,219.4,11.05,4.79
RouteID_3522376f-811e-4fb2-997d-8827aeb84950,141,146.67,155.63,-8.96,-6.11
RouteID_3529f17c-d59a-449c-ab60-d2a4b760c688,193,199.11,216.8,-17.69,-8.89
RouteID_3532695f-e73c-4fd1-9e4a-39eb8a33d2a9,174,137.96,147.43,-9.48,-6.87
RouteID_353863a5-53c6-4bd7-922a-dcebe40d5a2d,182,251.31,292.5,-41.19,-16.39
RouteID_353ef551-db8d-4204-acb6-a25ce10f68db,156,211.11,215.92,-4.82,-2.28
RouteID_353fc935-5d8e-4d12-be06-0b4c8e698618,187,194.86,221.42,-26.57,-13.63
RouteID_35413d3d-9eac-4a9c-beb7-2ccc324ebf8d,150,184.77,193.41,-8.64,-4.68
RouteID_3542d89e-6824-451d-943d-4a6e924c2dad,174,181.54,191.34,-9.8,-5.4
RouteID_354b50cb-d204-4e21-b723-1e561903eae3,189,208.45,201.33,7.12,3.41
RouteID_354c6325-aede-4546-90e4-867a3f17c0ae,174,158.09,175.05,-16.96,-10.73
RouteID_354f3496-f3b2-432d-8a42-650f431fe9e8,152,145.71,149.63,-3.92,-2.69
RouteID_3552afd7-508a-4c67-992b-7716e297c97d,124,189.86,170.9,18.96,9.99
RouteID_3555b18c-dd74-4aae-bde3-caff4ebf67d2,175,174.51,184.65,-10.14,-5.81
RouteID_35624ed6-dcd6-4442-b251-2e91b32e78d4,192,226.78,238.11,-11.34,-5.0
RouteID_35648cd4-4a82-440a-8183-70da74410ddf,143,162.97,174.22,-11.25,-6.9
RouteID_3567e694-8715-4064-86eb-042254a67a7f,156,155.17,160.7,-5.53,-3.56
RouteID_356d77ad-db48-493b-a0f5-bd5e16102309,181,176.78,184.12,-7.34,-4.15
RouteID_3583940a-3b68-44e6-8f61-e39a6679d871,112,105.31,108.49,-3.18,-3.02
RouteID_358efc40-ca41-40c8-bf20-323366d00573,142,185.14,178.61,6.53,3.53
RouteID_35a060f6-881c-4fc1-bb06-a951e244eb27,187,202.14,204.4,-2.26,-1.12
RouteID_35bb95c3-ed69-4965-bc4e-774e06dea554,155,194.86,209.89,-15.04,-7.72
RouteID_35eff35c-d33b-41b4-81f2-f0dc9c0bd44d,172,230.82,222.93,7.89,3.42
RouteID_35f1944d-8af8-4a2c-9fb6-5446d405be39,131,128.89,124.46,4.43,3.43
RouteID_35f217ab-dcf3-424f-8ea6-730fa74ac8b5,146,144.49,160.21,-15.72,-10.88
RouteID_35fff3e3-0ab3-4c5e-b3cf-586e01b02500,199,228.13,240.63,-12.5,-5.48
RouteID_3601a45c-9eed-400b-801a-535f496a98f2,91,118.43,100.2,18.23,15.39
RouteID_36038c4f-c92c-424e-90dc-18f4fa41a286,170,212.72,205.89,6.83,3.21
RouteID_360a34bb-36b1-437f-90ff-7cd9da1518c7,106,153.31,148.93,4.39,2.86
RouteID_360d26f8-3f07-49d0-956d-cd73f36ba865,84,102.6,94.74,7.87,7.67
RouteID_36124571-ec4d-44ea-be46-1091b6abea2e,161,175.61,185.92,-10.31,-5.87
RouteID_3622549d-1e92-4bca-904d-f95b229dc1ae,147,180.12,198.41,-18.29,-10.15
RouteID_36265efa-86e1-47a8-9968-5ef0bf9adc83,146,266.85,273.5,-6.65,-2.49
RouteID_363306e9-cc27-4d14-996e-4a674ef0523a,114,244.92,247.45,-2.53,-1.03
RouteID_363d1622-7e89-4b51-bd6f-1bb76ff82c86,151,157.04,136.24,20.8,13.24
RouteID_363f8a31-7d39-410a-82c3-fb522bcb5eaa,187,206.51,219.95,-13.44,-6.51
RouteID_3656f15e-02da-4baa-b91f-114d3d4109f9,173,130.19,144.42,-14.23,-10.93
RouteID_365dcd65-1bcd-4089-a25f-5d63767c66a8,160,220.23,180.92,39.31,17.85
RouteID_366e024d-fbc2-4136-94b0-489dfd8ba957,94,114.85,115.97,-1.12,-0.98
RouteID_3682b9b4-e73c-4ca1-b8f7-50d1031e1657,166,214.24,221.11,-6.86,-3.2
RouteID_3692219a-8c6d-4c2b-b91b-98437af464a6,195,217.0,222.64,-5.64,-2.6
RouteID_36990f8e-c4a9-4b80-8bce-6d45915fb0bc,155,189.12,215.15,-26.02,-13.76
RouteID_369bde7e-abfa-45a9-8de0-31a2cabf834a,131,172.25,185.38,-13.13,-7.62
RouteID_36a3755c-b49f-450d-b640-17321abcc8b0,118,148.19,143.07,5.12,3.46
RouteID_36b9486e-aed8-4b0e-927a-304a83506d5f,148,184.84,185.05,-0.21,-0.11
RouteID_36c686bf-0c99-483f-90d7-d3fd17f30640,130,185.21,194.61,-9.4,-5.07
RouteID_36cac0e5-8285-48a4-b67c-1f577c904d5c,162,166.31,176.2,-9.88,-5.94
RouteID_36cb762d-6c25-4e74-aab4-c6508ed80bdc,103,113.93,114.43,-0.51,-0.45
RouteID_36cc3e07-cc8e-432b-9f63-85d0bc23ac79,148,180.26,173.95,6.31,3.5
RouteID_36d6879d-69ff-4348-8ebc-25f159ec34f7,170,175.6,185.51,-9.91,-5.64
RouteID_36e2ac14-d135-4292-8095-c25ec5a7d54a,148,184.02,201.54,-17.51,-9.52
RouteID_36eda224-e7d0-4b30-826c-f761429e58dc,114,125.16,115.49,9.67,7.73
RouteID_36f4b35b-f165-4fb2-a4a6-4e43cfad1909,172,230.71,246.94,-16.23,-7.04
RouteID_3705a456-1cd9-49de-9651-bed8bf6ae7e9,119,163.32,155.24,8.09,4.95
RouteID_370b3eaa-5942-4b64-8aea-1c630189986c,151,188.68,216.13,-27.45,-14.55
RouteID_3714d587-d1ae-45a3-9020-b33b790b0324,167,190.48,192.5,-2.02,-1.06
RouteID_37261e18-f9bd-4ad1-a70b-1995be3ef874,140,180.02,184.16,-4.14,-2.3
RouteID_373a7b8c-eefc-4a34-9eb3-24db255ebcc2,110,102.69,98.0,4.69,4.57
RouteID_3741a01f-2e2a-4f3c-8c26-120063f378fb,134,199.66,196.14,3.52,1.76
RouteID_375d70c7-00ba-45bc-968b-a9b565a1cfd7,168,238.86,260.91,-22.04,-9.23
RouteID_37616121-eed8-432f-bea5-da4355844ad5,149,205.67,214.0,-8.33,-4.05
RouteID_37776116-c874-4e10-98b8-8bc5c7b13bcb,153,234.88,253.84,-18.96,-8.07
RouteID_3785c6b6-cf11-4c01-8499-497fc3e59bb3,128,167.0,194.47,-27.48,-16.45
RouteID_37865167-b064-4f42-bc64-d20c1dd67a56,76,126.74,117.63,9.11,7.19
RouteID_378cb728-680a-4aef-8673-59d53d936fc7,146,230.53,237.94,-7.41,-3.21
RouteID_3791162b-86a1-4f33-a8a5-353670ba3315,73,89.07,74.52,14.55,16.34
RouteID_3792abbe-67d1-4ea1-a128-3700b2aaf247,161,175.63,194.86,-19.24,-10.95
RouteID_3795df9a-13df-4ed2-97bd-499086783238,112,104.15,103.78,0.37,0.36
RouteID_379827d1-197f-4e10-aa9d-320862a67d0d,114,119.12,117.53,1.59,1.34
RouteID_37a33550-a0e6-4669-9cb1-8e1d8a07b508,141,183.58,202.18,-18.6,-10.13
RouteID_37a68cb0-3b88-41ab-8b58-7d21b1fd356b,81,144.48,132.65,11.83,8.18
RouteID_37cd8689-ba2b-4f2f-961a-e2a9fe49e48e,104,156.28,155.08,1.19,0.76
RouteID_37de9947-2631-41f9-946f-775e94b8a806,106,97.13,87.2,9.93,10.23
RouteID_37e2ba04-42ef-4d3f-9cd3-bd1e924792cb,114,109.05,116.3,-7.25,-6.65
RouteID_37ecfebe-967c-4be1-9392-04c273fa951e,144,205.46,195.57,9.88,4.81
RouteID_37edd3c9-f472-450f-a2ac-2e770920fbfa,67,68.02,76.53,-8.51,-12.51
RouteID_37ff4419-741f-4b06-9551-7e4179a5a560,105,162.11,165.49,-3.39,-2.09
RouteID_37fff983-d5b2-4556-8d11-e1841ee5b815,140,159.69,167.14,-7.45,-4.66
RouteID_38089b72-9fac-405f-b238-31ec4d60f4ed,151,164.74,164.81,-0.07,-0.04
RouteID_381aa8f1-6424-4025-9855-f389f6e7bf7b,123,191.33,210.47,-19.13,-10.0
RouteID_3836378f-6f01-413a-85b6-36fa805bf264,117,113.88,116.66,-2.78,-2.44
RouteID_384bafad-5604-4bd9-9bad-fcf240635cd2,176,168.88,180.52,-11.64,-6.89
RouteID_386144ab-ba26-413b-8644-8c88db55b042,174,248.38,278.35,-29.97,-12.07
RouteID_3862d269-d228-46a4-901c-befb74d11581,120,155.8,156.57,-0.77,-0.49
RouteID_38746ae1-5f43-4784-b760-8b266d9d713d,133,176.77,176.89,-0.11,-0.07
RouteID_387bb16e-0c56-406b-87e2-a706a8663ce8,147,175.52,170.4,5.11,2.91
RouteID_388b572f-65b1-4b9e-9028-aaceffa962c6,196,189.4,199.79,-10.39,-5.49
RouteID_388bfe67-b779-4590-b859-a613a2e6fc0e,176,229.5,254.74,-25.24,-11.0
RouteID_388fac5d-ab51-4faa-9d56-1504f6f2e0d0,172,228.08,251.12,-23.05,-10.11
RouteID_3896aca0-c730-4df5-ad1d-ca80bbd66fe3,192,182.15,180.93,1.22,0.67
RouteID_38c7f3fe-f7a0-4394-bd21-3d6fb0f9f600,100,88.28,89.76,-1.48,-1.67
RouteID_38cbf69d-2724-495e-b861-ea8b2a1ac70f,163,229.23,217.82,11.41,4.98
RouteID_38d8894a-ff8d-4d60-afb7-e9b60be6410d,190,203.25,214.88,-11.63,-5.72
RouteID_38e85f87-f1b5-4b0f-8e4c-b74d35ec5615,167,203.81,229.02,-25.22,-12.37
RouteID_38edfc35-1e83-4107-8732-580b3aa17a61,156,285.06,310.46,-25.4,-8.91
RouteID_38f093f0-6e67-4a13-b88a-7a44e8736062,160,226.42,223.82,2.6,1.15
RouteID_38f779e8-f082-435e-b46d-2ff0c1a9c4f7,151,149.18,152.22,-3.04,-2.04
RouteID_38fa3dbd-7ead-425b-ae40-b28e0c7b0857,116,119.03,103.88,15.15,12.73
RouteID_390f5c8d-b355-45bf-a3d5-202ad6481475,65,80.55,77.66,2.89,3.58
RouteID_39254494-5883-46a8-96a5-3fe6decaa622,128,209.88,240.62,-30.74,-14.65
RouteID_3929fb55-2343-4528-b7f9-964301f72b2a,182,166.3,173.92,-7.62,-4.58
RouteID_393c7fff-7b46-49aa-a50d-1f79e0d49686,152,160.42,175.08,-14.67,-9.14
RouteID_39469384-3d35-4197-b127-8e08942bac4d,171,192.16,201.51,-9.35,-4.86
RouteID_394736e4-f960-48b6-939e-b02e892d0484,164,182.25,185.87,-3.62,-1.98
RouteID_394e2262-23b5-4540-b1a7-e5df216517b0,174,229.87,234.28,-4.4,-1.92
RouteID_394f406c-0114-41b2-92c4-43dcdc95f42a,179,206.68,236.33,-29.65,-14.34
RouteID_39544983-6dac-4e28-881c-c9510e974ef4,161,193.26,206.44,-13.18,-6.82
RouteID_3956c2c7-21e6-41c4-ac18-8343efaa6fa0,160,171.91,177.04,-5.13,-2.98
RouteID_395cb9a6-43fd-4691-8743-ada22aa7478d,121,132.76,130.72,2.03,1.53
RouteID_39629297-3e4d-4935-95c4-19a2d5336a3b,189,212.34,210.44,1.91,0.9
RouteID_39680395-d0a0-445e-9003-c0570f552f4c,125,115.23,106.2,9.03,7.83
RouteID_396b2ecc-29c1-4932-8360-4d9588f1f835,125,126.48,118.24,8.24,6.52
RouteID_397abf35-8191-4a3d-9243-7f3465fb77a8,144,152.31,162.56,-10.25,-6.73
RouteID_3984334b-4165-47f3-8b34-d381a730646c,203,228.35,264.27,-35.92,-15.73
RouteID_398ac827-c84b-4b47-86d4-3dfcee1ba4b7,112,104.69,105.2,-0.51,-0.49
RouteID_39b3e0f2-56aa-4670-9ef4-426bf2cbe85e,174,217.34,243.59,-26.25,-12.08
RouteID_39ba8798-36dc-42cd-9ab5-7a3a96666d1d,156,216.4,206.95,9.44,4.36
RouteID_39be76ca-2025-488a-8005-f31281d0cb06,159,180.84,200.48,-19.64,-10.86
RouteID_39c3ddf9-6c06-415a-bf5c-e73c0cd7db11,132,202.75,199.77,2.98,1.47
RouteID_39d064ae-1a2f-47e3-8631-83931932bc93,146,120.42,119.89,0.53,0.44
RouteID_39d0e251-8fd5-42ed-b703-fb2cb2854c86,139,136.18,129.92,6.27,4.6
RouteID_39d215ce-02d3-4ca7-9d73-1c6567d5dda8,110,155.59,126.37,29.21,18.78
RouteID_39dd1562-e86c-489a-a538-00964fd2646e,173,191.23,207.75,-16.52,-8.64
RouteID_39e1c636-5a37-4f77-b20f-d07d01004100,169,190.07,193.91,-3.83,-2.02
RouteID_39edd03d-0df5-49fa-868a-9de71302bf4b,184,191.66,191.74,-0.08,-0.04
RouteID_39f16101-b9f8-497f-a819-38c0dfb49e8f,104,175.07,177.17,-2.09,-1.2
RouteID_3a013dbb-7f9a-40ca-b588-7a5a116baf08,147,233.42,240.58,-7.16,-3.07
RouteID_3a02237f-90ef-4a9e-9a98-4bdbf34d39e4,175,217.74,221.13,-3.39,-1.56
RouteID_3a15b6ec-41f2-4666-8999-9f3a2a04e4d7,106,154.77,165.23,-10.46,-6.76
RouteID_3a191a76-f290-430e-a600-63d141fd98d8,155,231.59,237.26,-5.67,-2.45
RouteID_3a29aeb2-e625-4619-a115-f3f3112e0c44,173,180.0,198.56,-18.56,-10.31
RouteID_3a2f0de8-2cee-4f85-bf8a-7fc9126088ac,179,206.48,208.96,-2.47,-1.2
RouteID_3a309244-1ab8-4b15-b9b2-0112212b5318,158,219.65,226.71,-7.07,-3.22
RouteID_3a31487a-305c-4b47-91de-bb551e769a03,160,203.84,193.94,9.9,4.86
RouteID_3a314d8e-cc4d-4076-ab6e-e0ae1afcb19f,200,210.04,213.11,-3.07,-1.46
RouteID_3a37cd6b-b539-47ec-b102-9d540e78db5b,170,219.7,221.42,-1.72,-0.78
RouteID_3a426557-3c49-42c6-a10e-c453606fcad5,149,191.15,177.31,13.84,7.24
RouteID_3a4fb973-fd42-43f8-a8de-73ed099d6723,187,222.17,232.85,-10.68,-4.81
RouteID_3a65a106-397d-4f91-b569-2c328ad8a883,114,235.29,243.82,-8.54,-3.63
RouteID_3a6768a2-9a25-4d5a-b4ad-1a9b76a8397e,95,199.3,202.03,-2.73,-1.37
RouteID_3a6f0f3d-5e1a-49a3-acf7-3b5f92d93c96,149,185.15,185.8,-0.65,-0.35
RouteID_3a7c7e63-0728-4ac5-9137-024b9fce612a,195,261.32,249.67,11.66,4.46
RouteID_3a8b6456-85f1-4e74-a336-88497f784c21,181,200.21,202.23,-2.02,-1.01
RouteID_3a915225-afab-4414-bfee-438aac3ce2cc,106,141.25,119.41,21.84,15.47
RouteID_3abb8cde-e4a3-4fa9-80d5-d711d2006afe,124,139.92,140.41,-0.49,-0.35
RouteID_3ac29bd9-99cd-49b7-a541-23d142d312b9,169,217.08,210.96,6.12,2.82
RouteID_3acc2a86-ac05-45d4-8702-24fca828244e,177,173.37,188.43,-15.06,-8.69
RouteID_3ad13f78-3471-4c51-8e86-e30e382d6ff4,140,173.5,177.18,-3.68,-2.12
RouteID_3ad8a622-a549-4d7a-8545-071b9afeb2d4,178,243.94,266.91,-22.97,-9.42
RouteID_3b0cca24-6065-4f44-be1f-68ffb7d410ec,108,133.58,135.2,-1.62,-1.21
RouteID_3b12f89e-dc4b-4925-806b-eae8c50039b8,168,193.91,201.64,-7.72,-3.98
RouteID_3b2d81e4-94c2-4b5d-bfa5-79ad3b9c6495,174,262.05,244.53,17.52,6.68
RouteID_3b31b856-d7ae-409f-82c6-7bfee499dbb1,113,202.25,193.66,8.59,4.25
RouteID_3b583678-5cad-475b-b117-af034d15aae2,148,185.93,180.62,5.32,2.86
RouteID_3b5f5408-dbdb-458d-b0f2-783221986b9d,139,128.94,148.8,-19.86,-15.41
RouteID_3b607442-b9f9-4b17-85a9-0f7fefe2b2d7,147,146.41,159.03,-12.62,-8.62
RouteID_3b676853-3ed7-4401-8ef6-f346b18be700,158,165.95,159.28,6.67,4.02
RouteID_3b9f3471-7f84-4452-864f-81340bd2387b,180,199.82,209.1,-9.28,-4.64
RouteID_3ba7447b-dcee-4cfa-adf4-119376d332b1,151,175.42,180.28,-4.87,-2.77
RouteID_3bbf6364-905f-4b72-bd35-1e905f0d6030,147,184.76,190.9,-6.13,-3.32
RouteID_3bc56a80-aa91-434c-aadf-eae3170c110f,182,191.18,182.31,8.87,4.64
RouteID_3bc604d8-a81c-434c-854d-309419c22b3d,174,176.22,191.36,-15.14,-8.59
RouteID_3bc8017a-33c8-48dc-b754-0dc7fdf9d5e2,154,187.18,199.28,-12.1,-6.46
RouteID_3bc90a35-2d8f-4375-8608-ab3d2022ed0b,196,197.84,190.51,7.32,3.7
RouteID_3be507c1-d32e-43cd-8694-21d0744d19dd,141,194.81,200.59,-5.78,-2.97
RouteID_3befded7-2a45-473e-b6dc-1241ee259ae2,164,259.72,277.0,-17.28,-6.65
RouteID_3bf41c39-bf32-407f-8b90-5ce23030c920,155,183.42,191.43,-8.01,-4.37
RouteID_3c02dafa-8ab8-4e66-b663-2ef98bdfe911,131,177.2,177.94,-0.75,-0.42
RouteID_3c07276d-c213-4278-94fc-33046f48bcbf,186,163.84,175.42,-11.57,-7.06
RouteID_3c08b8cc-3198-4cee-9363-cfbfe5573422,145,182.15,186.04,-3.89,-2.14
RouteID_3c152246-8115-4333-a972-382f81b7c015,165,228.26,230.95,-2.69,-1.18
RouteID_3c27aa18-0a80-42bc-a48b-f140f02fcdd6,192,190.04,169.18,20.86,10.98
RouteID_3c28b650-ccda-43ac-a474-dcf88336a822,169,192.85,197.89,-5.04,-2.61
RouteID_3c3df004-7eb4-428a-9c02-09cb71481e94,145,177.63,189.34,-11.7,-6.59
RouteID_3c476cef-0e22-4347-88b4-6106925cd689,165,184.75,190.31,-5.56,-3.01
RouteID_3c4a3048-87a0-48ff-9254-cca0fbe4aaec,143,163.32,156.93,6.4,3.92
RouteID_3c4d3348-5a44-4aad-bafc-15d5da9168e3,166,174.46,182.57,-8.11,-4.65
RouteID_3c5018d1-aae5-465a-b4b2-9fe4e25a8ea8,160,180.18,175.19,4.99,2.77
RouteID_3c502133-f305-41bd-a707-bec4922296ac,169,188.66,193.67,-5.01,-2.66
RouteID_3c731ed4-b932-474a-ad41-2710b4389698,175,197.8,210.17,-12.37,-6.25
RouteID_3c7f2f66-86cb-4915-a58e-33c96d9300e8,176,212.14,206.89,5.25,2.47
RouteID_3c8018ac-1733-47e8-a037-1fba9d193607,185,251.38,257.49,-6.12,-2.43
RouteID_3c896b9d-349b-4324-a32d-c8c4d8dff7e7,163,134.13,123.81,10.32,7.69
RouteID_3c94d1aa-d42d-4ad3-b33b-768122f91a96,157,165.37,180.71,-15.34,-9.28
RouteID_3c983c94-8f7f-4f13-b516-2a75947e8781,116,100.88,98.2,2.68,2.66
RouteID_3cb62fdb-461f-439f-9909-d030d7e8855f,138,131.27,123.73,7.54,5.74
RouteID_3cd1e7b0-ffb2-495e-97b0-5a7fe6a8e5e6,71,85.83,83.62,2.21,2.58
RouteID_3cf57650-5fa8-492c-8460-4c2bb776753b,157,183.37,184.09,-0.71,-0.39
RouteID_3cfa9be0-707a-4111-b5c2-c46678a2e23e,102,98.09,99.83,-1.73,-1.77
RouteID_3cfbceed-9942-4a81-8779-aab64d07f2f5,171,220.73,202.98,17.74,8.04
RouteID_3d08fddf-85a1-45b4-b6e8-7a541f9661b0,130,208.19,236.45,-28.26,-13.57
RouteID_3d0d8561-0b68-4acf-b0b3-1173deb524b8,159,186.76,184.74,2.02,1.08
RouteID_3d1a53e2-a016-467b-a838-fa61a862070d,162,212.8,223.02,-10.21,-4.8
RouteID_3d1c19b1-7ba6-4325-946f-222069688a0d,172,195.62,200.05,-4.43,-2.27
RouteID_3d345dba-3c3b-4335-b306-3c8a45bd20ac,156,220.66,204.5,16.16,7.32
RouteID_3d39e2dd-75b3-4341-b690-0447eb4d2573,204,199.14,198.67,0.47,0.24
RouteID_3d4282c2-4d81-4d3f-9d2a-3081013f98e9,124,198.69,201.43,-2.74,-1.38
RouteID_3d4c9fc0-7630-43e5-8d1d-3069c5475341,118,119.67,110.56,9.11,7.61
RouteID_3d56029d-9739-469d-86fa-f9e5d3ea3da7,173,194.62,205.4,-10.78,-5.54
RouteID_3d5646ee-8960-4909-b370-83ba7b97c0de,148,236.77,238.72,-1.95,-0.83
RouteID_3d5834b5-0ab7-4c67-9522-a287b478370c,111,113.4,114.73,-1.33,-1.17
RouteID_3d5aa0f9-7bd6-4714-aa9a-b82ee47d0668,123,167.68,161.87,5.8,3.46
RouteID_3d5ccabe-26ed-48b9-91d3-d0358b46f348,102,103.27,105.78,-2.52,-2.44
RouteID_3d5cd4fb-0ed2-4373-88d0-812749fc7115,164,185.78,192.85,-7.07,-3.8
RouteID_3d88f0d8-a007-4eab-9229-5d7b96abf53e,172,185.86,196.93,-11.07,-5.96
RouteID_3da25600-25c9-4afb-89cc-68793362f25d,165,181.82,198.81,-16.99,-9.35
RouteID_3da7a128-1dd6-46bc-9446-b0210d1c63b4,102,97.85,95.69,2.16,2.21
RouteID_3db51e0a-e571-490e-b470-a7c4d126310a,97,99.84,92.22,7.62,7.64
RouteID_3ddbcb9b-ffe4-4fde-8b1f-8b5b0ad1a2ce,196,203.82,231.1,-27.28,-13.38
RouteID_3de71d89-7ebe-40c9-b5c1-d617f6608833,147,215.23,220.18,-4.95,-2.3
RouteID_3de748d8-4151-4048-85fd-ab64a7644d19,182,224.0,221.31,2.68,1.2
RouteID_3df50218-258c-45cf-804d-79accb01c249,151,195.53,196.73,-1.21,-0.62
RouteID_3df6516d-3deb-448f-a524-c88aee03452d,145,187.17,192.81,-5.65,-3.02
RouteID_3dfca529-f5fd-4363-8364-88fd16aa6f77,164,223.64,227.32,-3.68,-1.65
RouteID_3e05fa99-cb59-4042-822f-5e0f41ffdf9e,161,203.09,204.32,-1.23,-0.6
RouteID_3e087683-c2ba-485c-9f72-04153fc289e9,185,246.97,236.35,10.62,4.3
RouteID_3e09a7b9-a9cb-451e-9cf5-7dfd63462053,119,108.27,104.8,3.46,3.2
RouteID_3e0bd236-3213-4ee4-bcca-8c7066538ca1,121,166.08,170.94,-4.87,-2.93
RouteID_3e373ec2-0d4c-40be-95a3-8ad433792680,142,162.33,163.83,-1.5,-0.93
RouteID_3e40db5a-9f6b-4d43-bbcc-7ec7d19393ac,188,217.15,221.72,-4.56,-2.1
RouteID_3e53a58a-3755-4c9f-b082-c79181b3883f,148,185.68,190.67,-4.99,-2.69
RouteID_3e54ed23-e1e3-40d6-9b7c-da13803a62f2,156,172.93,182.84,-9.91,-5.73
RouteID_3e5e9b2d-d396-4e36-93e5-ae03f37c805d,129,151.14,139.97,11.17,7.39
RouteID_3e75fb55-5471-4c9e-a709-e09b279d9ad9,131,179.73,178.73,1.0,0.56
RouteID_3e8bc64e-0e47-4e9e-903b-9f5c5d13580f,146,198.14,202.7,-4.56,-2.3
RouteID_3e965dbb-eb45-4c11-ad8e-1f488c359f67,138,173.23,196.03,-22.81,-13.17
RouteID_3e97b5dd-6bf7-4b19-8078-88ee44eb9dee,122,110.12,106.99,3.13,2.84
RouteID_3e9833ff-2eda-4a7d-9c74-c752fb8b7543,219,224.49,220.18,4.31,1.92
RouteID_3e9d4e48-228f-4a28-a4a4-1b3e39ae1bf5,177,188.4,186.23,2.17,1.15
RouteID_3ea3922b-c8c6-4c97-957f-88f7d03877f0,172,170.93,170.22,0.71,0.41
RouteID_3ea91f2b-e1bb-41e1-9849-c867c7f8d941,175,151.81,149.16,2.66,1.75
RouteID_3eaab78f-ddcd-4738-9991-0210ffbaedf9,128,118.34,111.84,6.5,5.49
RouteID_3eacb89f-17f9-4b2b-bccd-1dc42828aaf5,150,177.24,196.68,-19.44,-10.97
RouteID_3eaf5434-82be-47d4-aad9-419601f2607c,136,164.24,172.1,-7.86,-4.78
RouteID_3eb11f23-b042-409f-ae33-2d52e8f253fd,186,167.15,161.44,5.71,3.42
RouteID_3eb3f5a3-ef86-4c15-a249-55d7ef1af3a9,150,203.44,197.05,6.39,3.14
RouteID_3ebc23cc-f78c-4a1c-b3f0-63bf8a1bcef1,161,190.21,208.34,-18.12,-9.53
RouteID_3ecdfa07-ffa8-4403-ac97-10d251507758,90,88.4,83.64,4.77,5.39
RouteID_3ed5fdae-234b-4580-881e-79992a69a246,105,119.93,120.42,-0.49,-0.41
RouteID_3eda9108-78a6-44f9-9f72-d3344b45f5c0,120,132.14,126.8,5.34,4.04
RouteID_3ee33558-4681-44ae-b274-9bbd0c3aa6ef,179,194.91,210.07,-15.16,-7.78
RouteID_3ee88232-6969-4088-b260-929229a8b2a3,119,101.99,112.67,-10.68,-10.47
RouteID_3f074f11-dc47-4fff-a9bd-a4f73350bd41,155,245.51,245.67,-0.16,-0.07
RouteID_3f166f0e-fd2e-47ab-96a0-6cbc99cc6eef,166,197.82,219.54,-21.72,-10.98
RouteID_3f3276e1-0109-4535-8a24-123c2bba4aad,148,199.47,203.51,-4.05,-2.03
RouteID_3f4452c6-fdd3-434e-8d29-38a65de555d3,202,243.45,246.34,-2.89,-1.19
RouteID_3f48ffcb-e583-4b0f-8015-5bdde2bbd142,204,240.31,246.84,-6.53,-2.72
RouteID_3f4f357a-7fe7-45ea-a1dc-98bc265fc788,163,176.96,178.99,-2.03,-1.15
RouteID_3f531cec-49cf-4209-a1a0-3997b5648a5e,72,98.9,86.91,11.99,12.13
RouteID_3f5cab24-ce9f-4eca-b10c-6bcba85424f1,142,179.38,172.25,7.13,3.98
RouteID_3f6bc445-d402-41a4-9eef-87129567a023,131,169.61,174.54,-4.92,-2.9
RouteID_3f733b9c-3a7a-46a0-ac61-defb77505041,168,192.56,194.4,-1.85,-0.96
RouteID_3f845183-c88c-4204-95dc-394d799dd8ad,108,157.3,168.48,-11.18,-7.11
RouteID_3f89788a-6211-4aa9-8513-4857b03e0275,169,175.98,170.01,5.97,3.39
RouteID_3f8d3ced-7539-48f0-be5d-497907715831,144,172.31,198.89,-26.58,-15.42
RouteID_3f8e145a-231b-45e8-8238-fafb32c24241,163,128.42,134.19,-5.77,-4.49
RouteID_3f9aa220-b402-4bc7-8a3d-e844b20057b9,166,204.58,223.2,-18.62,-9.1
RouteID_3fa2cc97-2c60-497f-82f4-8e5ee7ab15a2,154,160.31,155.43,4.88,3.04
RouteID_3faddeb0-f762-4545-9ad4-ce24432e68fa,168,196.99,202.35,-5.36,-2.72
RouteID_3fb6e0c3-8a28-462e-9f13-d51d90498e3d,154,175.11,180.02,-4.91,-2.8
RouteID_3fcd6e73-c461-4d33-9010-c831347aa679,120,183.51,196.79,-13.28,-7.24
RouteID_3febb400-6c60-4c51-a760-9dc0802bec0a,160,205.81,217.53,-11.73,-5.7
RouteID_3ff61e93-fcfb-41cd-9463-668d75b961a3,132,200.67,207.56,-6.89,-3.43
RouteID_3ffa7ca8-1488-4e69-94ca-261db4584840,175,184.68,199.47,-14.79,-8.01
RouteID_3fff6288-f601-4eba-84c5-ab72e0ad7f03,150,181.19,194.99,-13.8,-7.62
RouteID_4001eb18-9051-42bf-b469-7f124c91eb0a,135,180.23,165.82,14.41,7.99
RouteID_403077fc-2907-4740-b50f-fa6d0d9a7d30,77,97.77,93.89,3.88,3.97
RouteID_403116dc-8cac-4e95-a1c2-9a3eff73db3a,185,186.83,212.25,-25.42,-13.61
RouteID_40434caf-9b19-42e2-aaa5-ee9f56325db1,105,149.56,138.28,11.28,7.54
RouteID_40515bc5-a731-478f-af8b-9140d10022e7,144,205.35,189.25,16.11,7.84
RouteID_40665ef9-479f-401f-b26d-198c952365b6,189,250.95,258.12,-7.17,-2.86
RouteID_4066d91f-514c-4950-bc53-d92022929fa3,152,203.42,216.73,-13.31,-6.54
RouteID_406ab702-e971-46c4-80d1-1660994a2dbc,161,175.3,154.47,20.82,11.88
RouteID_406c97f8-7c8a-464e-84dc-17b0cd03489a,174,242.36,239.91,2.45,1.01
RouteID_407500ae-03f2-4d5f-a233-435f0a8235cd,162,174.27,175.94,-1.67,-0.96
RouteID_4075bcdb-ed96-404b-841a-493c7e586ddc,166,214.41,204.28,10.12,4.72
RouteID_409c10cd-2609-4624-957a-bf606cd1b8e6,173,198.58,207.29,-8.71,-4.39
RouteID_40a29e61-0030-4d43-9348-e6d3b26947b3,153,236.54,250.87,-14.33,-6.06
RouteID_40a94601-2a40-4561-99c2-cadb614abe30,180,193.67,191.62,2.05,1.06
RouteID_40b5e511-650b-44e0-8748-4cf6ed6eaa94,170,211.88,230.1,-18.22,-8.6
RouteID_40bd3c21-33f1-462d-8f6b-8e87d815d049,130,128.84,121.71,7.13,5.54
RouteID_40c0feff-8790-403f-a095-1cb1938555d8,136,143.92,158.31,-14.39,-10.0
RouteID_40de7cab-aed7-488d-ba53-322900222c7b,175,214.38,230.93,-16.54,-7.72
RouteID_40df29e4-d5a3-4f3c-adc0-04465a890696,73,124.02,125.86,-1.83,-1.48
RouteID_40ed9b43-c996-4432-ae2f-372f9533082c,196,205.78,193.47,12.31,5.98
RouteID_40f87ac3-6cee-4468-b400-664f32c2554c,171,263.05,270.89,-7.84,-2.98
RouteID_410cfd1a-a562-4d20-95a0-e0e084573f25,148,155.69,144.71,10.98,7.05
RouteID_410d477d-94e1-4e18-b7df-fbeac64938ab,144,185.7,167.22,18.48,9.95
RouteID_41124cef-9057-4484-817a-9f26d7f25d85,87,184.72,181.52,3.21,1.74
RouteID_412ace27-2a6b-4312-913f-9a56fc62bcdf,127,136.95,144.09,-7.14,-5.21
RouteID_4130e948-43ae-479c-8cab-3fe16c8ff5aa,164,236.89,247.16,-10.27,-4.33
RouteID_414c6bbd-cb54-4ef0-b52f-d9919241f165,96,88.27,85.38,2.89,3.27
RouteID_4158b0b8-1bbd-4526-8fec-a661557b6548,170,215.28,212.03,3.24,1.51
RouteID_415b6fc0-4a88-4b33-ac11-c292b80aa00f,179,196.45,206.74,-10.29,-5.24
RouteID_416284e3-8072-4042-85cf-c6ac948e5723,157,148.6,154.65,-6.05,-4.07
RouteID_4167b371-09f7-4d2b-b191-ab891eecfc70,191,216.17,226.62,-10.45,-4.83
RouteID_416921e2-b706-47e7-9de8-c2ada3fea9b7,103,138.17,145.23,-7.06,-5.11
RouteID_416d50cc-81c3-47b5-8638-c4cad5764df2,147,156.69,172.02,-15.33,-9.78
RouteID_416dc2f1-1697-4443-ab4a-755a89b78499,105,132.14,122.53,9.61,7.27
RouteID_418b37f8-85cd-424e-a9fe-392af2131743,140,177.63,176.0,1.63,0.92
RouteID_418d1df9-0dbe-474b-a091-3c428ec6b213,179,262.17,283.05,-20.88,-7.96
RouteID_41a343e3-80fa-4073-aca6-eee03beaa4bf,92,206.62,227.79,-21.18,-10.25
RouteID_41aaf468-e168-48ce-ac13-fa5195745f5a,147,187.07,191.92,-4.85,-2.59
RouteID_41b37a38-8fd0-4ab8-82c4-3e9bc30ef185,141,155.01,153.74,1.27,0.82
RouteID_41d79900-22f1-4eb4-bda9-cffdd9f88043,179,184.2,208.8,-24.6,-13.35
RouteID_41d8c851-184c-4870-98ae-767c35af3f7f,105,153.82,160.87,-7.05,-4.58
RouteID_41e3914a-c1c0-43ae-aa07-c7afa0d84583,165,179.19,190.02,-10.83,-6.04
RouteID_41e41276-2263-4bdc-bb67-ad5a6308eb69,177,154.99,155.12,-0.13,-0.09
RouteID_41f97e6a-11a7-4037-9bc3-7fc17e15f6f5,163,181.3,204.52,-23.22,-12.81
RouteID_42017eb9-e34f-46fc-8beb-760b86fe3fe0,192,235.39,255.75,-20.37,-8.65
RouteID_420560f7-859b-40c8-b7c4-c997f913cece,170,182.71,186.91,-4.2,-2.3
RouteID_420669f8-6ebe-4658-b1e4-ce3b65fa0ffb,207,220.0,244.3,-24.3,-11.04
RouteID_421683f0-5e20-4679-81c8-5774b83d603c,127,227.76,248.17,-20.42,-8.96
RouteID_4233ad72-959d-4e69-995f-5d71162dae13,150,221.57,212.36,9.21,4.16
RouteID_423aa100-6d85-4805-ac6b-71bbbc18797c,90,122.16,111.69,10.47,8.57
RouteID_424259ee-6890-466d-9dd2-76b0f17c2202,123,184.45,191.25,-6.81,-3.69
RouteID_424d1707-3799-4d20-a7df-01fbd107d483,139,129.88,135.17,-5.29,-4.08
RouteID_425b7756-0203-4c81-a71c-16279520774c,85,84.82,82.45,2.36,2.79
RouteID_427573e2-0faf-4139-abb8-21426b741772,193,242.59,248.64,-6.05,-2.49
RouteID_4276f248-21d6-4247-943c-c5c4a2a04a1e,172,228.57,230.96,-2.39,-1.05
RouteID_4277741d-ffe3-4594-a70a-b06d4c5b0936,111,121.98,108.19,13.79,11.31
RouteID_42844f7a-6050-4107-b8c6-cf6f2dd589cd,114,108.43,104.03,4.4,4.06
RouteID_4287ebd4-651d-4c65-84bc-3575339bf6f9,110,123.08,131.84,-8.77,-7.12
RouteID_4295ab5a-c8ab-4823-9115-f5f409368705,144,169.38,181.52,-12.14,-7.17
RouteID_42aceda3-7e8c-417a-82d6-70b6098fe00a,172,211.4,223.9,-12.5,-5.91
RouteID_42b3561b-d2f6-47c2-9e19-0810688239ee,141,165.91,177.34,-11.43,-6.89
RouteID_42d19e98-851e-4d5e-9fca-8060c1c12ed7,118,106.84,101.23,5.61,5.25
RouteID_42d51f08-d43d-4a60-8d12-538461d742ae,124,158.24,160.08,-1.84,-1.16
RouteID_42e1ee14-e0fe-4a71-b8b2-045cb6a2d767,103,156.01,137.54,18.47,11.84
RouteID_42e7d467-b118-46a0-b609-d53e8b168543,157,219.29,197.1,22.19,10.12
RouteID_42eaae80-7d36-43a7-bd1a-7b8ed8b7b3d5,178,158.09,154.28,3.8,2.41
RouteID_42ec642f-018f-4498-a05e-9a7e2cf3fd2f,149,229.4,231.0,-1.59,-0.69
RouteID_42efc86e-3425-4fa5-afd9-bbf3c34f2e31,137,173.09,190.36,-17.27,-9.98
RouteID_430b3398-b635-423a-bfb0-09a6ca8c0412,146,237.27,244.27,-7.0,-2.95
RouteID_43111a46-baca-446d-ad84-3d2d0c236381,146,198.08,202.28,-4.2,-2.12
RouteID_43142eba-92cb-4be6-8d24-416bf0c70723,157,201.55,210.42,-8.87,-4.4
RouteID_4317b6fb-43a1-4fd2-9528-7b92e500e496,113,205.08,214.53,-9.45,-4.61
RouteID_4338a9e4-8ad0-4020-b912-5350788eb45f,169,200.79,219.4,-18.61,-9.27
RouteID_433f5bfb-47d0-472b-b8c3-8f205868f0e9,108,126.93,127.38,-0.45,-0.35
RouteID_4342da29-6167-4baa-a556-5cc085a970b7,119,125.98,139.76,-13.78,-10.94
RouteID_43468dbc-221d-4d1a-a025-67b539817861,150,161.46,170.23,-8.77,-5.43
RouteID_434f5a5d-2d92-46b8-abde-934ab80cef2b,137,144.79,143.24,1.55,1.07
RouteID_4358d059-9a07-4141-9008-36cea866a8bb,130,126.25,133.24,-6.99,-5.54
RouteID_43592c37-156e-4268-a013-d6e78671ad4c,117,217.47,235.09,-17.62,-8.1
RouteID_435f5347-f924-48d3-8219-3a06ccb32c84,144,235.33,258.42,-23.09,-9.81
RouteID_436fe1a0-09db-4b51-b436-aa7e2aa38df9,131,210.87,198.77,12.1,5.74
RouteID_43767e82-7ffd-4b7e-9fb0-044a723f8878,168,165.68,190.47,-24.79,-14.96
RouteID_438dba37-58b5-4cc0-bae7-488a1d32a3da,118,167.53,167.94,-0.42,-0.25
RouteID_43933a4b-1a29-457b-a0df-36223ad1d3bc,129,141.38,124.55,16.84,11.91
RouteID_439dfa62-eb8c-47b1-9b28-af165863dff2,112,148.45,140.43,8.02,5.4
RouteID_43a9861f-2403-43f7-8d6c-38fb62f8a597,150,216.57,219.56,-2.99,-1.38
RouteID_43a9d332-6915-46c5-9862-15a868e84038,152,183.89,200.86,-16.97,-9.23
RouteID_43aa044b-75d0-4fb6-bd65-f86c51846d9f,91,89.76,84.41,5.35,5.96
RouteID_43c3796f-10d3-4dc8-a66e-c86387c9b177,170,233.89,268.22,-34.34,-14.68
RouteID_43c5479c-69d5-415c-af7d-ec09bcc4c92d,143,187.68,178.76,8.92,4.75
RouteID_43d07a01-6751-492a-9233-e14ea684804d,207,240.54,242.57,-2.03,-0.84
RouteID_43d6f077-0ef6-4e39-bad5-6ef1d699aa38,175,239.31,231.54,7.77,3.25
RouteID_43ddc48b-f428-44aa-8c4e-a68545d0bb6d,129,126.32,121.31,5.01,3.97
RouteID_43dffcb4-b327-4a81-8a1f-41487dd84876,190,253.21,254.69,-1.48,-0.59
RouteID_43eebb1d-c70b-4372-9cf9-48c42f06144d,182,181.39,197.84,-16.45,-9.07
RouteID_43eff27b-a40b-44ee-b729-caca0f560716,157,230.39,232.72,-2.34,-1.02
RouteID_43f1ec8f-e45c-4f13-a08c-2f6e37e8ddfd,110,168.8,181.6,-12.8,-7.58
RouteID_43f5cde7-87b8-4f2f-bf29-6bc1d9e08d00,170,248.13,234.5,13.63,5.49
RouteID_440142d0-e650-4d5c-8c15-e88541e0c0aa,164,139.64,138.6,1.04,0.75
RouteID_4403addb-64a0-447c-a3a2-8317c498897e,168,159.94,173.91,-13.98,-8.74
RouteID_44210f00-bf2e-4e37-a081-be5a4606fdf0,150,172.67,177.12,-4.45,-2.58
RouteID_442e55e7-90c0-4f87-af31-819c71a83314,189,154.9,154.4,0.5,0.32
RouteID_4430db80-e89c-4a32-8791-25f785fd05f4,163,196.69,215.98,-19.29,-9.81
RouteID_4437c267-d648-4a6c-ae4e-114375dab475,175,221.27,219.83,1.44,0.65
RouteID_4437d348-1be7-45e0-bbcf-6d9819da0377,123,126.49,135.81,-9.32,-7.37
RouteID_444019a5-0419-4329-b915-3944c175af4b,167,179.38,175.93,3.45,1.92
RouteID_4449a5ec-3a32-4188-86bb-c4c7253de5c2,145,253.56,243.86,9.7,3.83
RouteID_44585757-796e-4db2-93b6-f5c7b27f42e3,116,210.79,202.64,8.15,3.87
RouteID_446dad63-8a4a-48f1-a332-bba9c8d24c8c,171,213.66,219.37,-5.72,-2.68
RouteID_446f5a82-3a7c-47c5-8b0f-6957b8a5b34d,154,240.54,219.48,21.05,8.75
RouteID_4475d9b6-b148-43e4-9ffe-a13224d2b7e3,168,182.64,195.11,-12.48,-6.83
RouteID_447e725b-f364-4292-8e11-fc3c5f2bf86f,156,173.61,177.07,-3.46,-1.99
RouteID_4497ac23-a8f7-4717-b598-47c2a72e6617,148,169.56,171.7,-2.14,-1.26
RouteID_44a88e4f-3d5e-48df-91ad-b61aa465a348,195,231.33,244.11,-12.78,-5.53
RouteID_44ac8904-5504-4623-bf2e-eb959a062bc0,136,146.42,148.36,-1.94,-1.33
RouteID_44b4299d-24a9-4153-b081-904d5580cbc5,202,258.1,267.38,-9.28,-3.6
RouteID_44b9118b-edbe-436b-a916-7621b0cc0731,175,189.76,195.64,-5.88,-3.1
RouteID_44eaa33d-401e-4a61-bbdf-0b29e819543a,103,114.48,92.99,21.49,18.77
RouteID_44f05e18-630d-48e2-b07f-ae93261c1ba3,129,126.42,132.19,-5.77,-4.56
RouteID_450e7d9a-fa77-40e5-ac6c-4971f79e7ab4,195,208.68,199.11,9.57,4.59
RouteID_451a5232-f32b-4eb1-9051-945bae918d36,138,218.18,217.55,0.63,0.29
RouteID_452b0b8e-df19-4965-b9c9-36cfc700721b,161,144.06,145.88,-1.82,-1.26
RouteID_452c0278-638f-4f85-8f2b-63c030d3af43,197,201.54,214.41,-12.87,-6.39
RouteID_453c9b75-6341-4f85-a47d-ed0c51a5cb16,151,162.18,172.89,-10.71,-6.61
RouteID_4541d1fc-3ce6-4fc8-99be-3e0d4b5383c2,76,95.55,95.72,-0.17,-0.17
RouteID_4544f2d1-edc1-4ac9-8b0a-5118e844045a,90,110.04,104.16,5.88,5.35
RouteID_4569e072-a4c3-4d5f-974f-439b1d9b91bd,188,225.55,236.1,-10.55,-4.68
RouteID_4572dcba-e4a0-4de7-9470-055f8722979b,124,151.48,140.45,11.03,7.28
RouteID_45873b4c-da47-4e8d-9b3c-bdcd53a7449d,125,129.53,122.6,6.93,5.35
RouteID_458d8ea6-d48e-4fa7-bae4-7750f0c9954a,158,173.51,187.6,-14.09,-8.12
RouteID_45c00152-26e3-4d97-b4ed-2ea44ca03afb,187,247.53,261.6,-14.07,-5.68
RouteID_45d665b7-f5c4-475a-8237-0ec3f21597e9,149,192.99,207.11,-14.12,-7.32
RouteID_45d8fba9-02b5-4f6d-b7a2-3ea1779cd9f9,99,112.99,84.46,28.53,25.25
RouteID_45da35ee-e369-4303-a7d7-37ff90fe6dce,142,130.79,124.08,6.71,5.13
RouteID_45f55036-b864-4399-9b69-b8c6bd0a6d65,170,215.36,235.39,-20.03,-9.3
RouteID_46032303-ab9b-45de-8ebb-10596e261b3b,141,153.12,164.04,-10.92,-7.13
RouteID_4604dbcd-6b1f-4941-8b2b-28809e54dd9e,151,211.93,223.73,-11.8,-5.57
RouteID_461362c5-9c9a-4570-b98f-f8617a4e3de4,143,222.2,227.41,-5.21,-2.35
RouteID_461d7ad7-e85d-47f1-b367-64a36c002b7a,145,251.0,265.05,-14.05,-5.6
RouteID_4627833f-6e12-4980-9cf0-7a4ee8bed3ce,171,216.32,225.61,-9.3,-4.3
RouteID_462dcfbb-edda-4204-bc82-c859b8890f66,119,145.82,142.97,2.86,1.96
RouteID_4642b6e3-62d1-46e8-bb5d-fbb9eb4bfa71,166,260.64,260.56,0.08,0.03
RouteID_464479a8-74a9-4e08-b8af-16fa628d3d50,167,174.72,165.31,9.41,5.38
RouteID_464488dc-917f-4823-9d17-714d8fc44b9d,186,179.06,181.42,-2.35,-1.31
RouteID_464576f3-ed2d-4797-995c-238c0a0f09ab,157,235.23,261.23,-26.0,-11.05
RouteID_4673173f-cb2a-47c4-9bab-bbb7b46e83ba,141,140.45,144.56,-4.11,-2.93
RouteID_4674d12a-24c1-4665-9dbb-1ec21f451234,147,215.97,235.2,-19.23,-8.9
RouteID_468a08d3-4f88-4059-9190-95053d4436b7,178,284.47,294.91,-10.44,-3.67
RouteID_46a0f815-4afe-4eaa-b34a-754e712e9b9a,132,158.58,162.87,-4.28,-2.7
RouteID_46a3091f-d960-4b2f-8d02-f7f2b0197aa7,175,215.69,233.44,-17.75,-8.23
RouteID_46a7e9e1-56d1-4492-9ddf-e8a4f0093760,172,195.99,188.23,7.76,3.96
RouteID_46aa4a73-b48b-4d87-a5f6-1ee4614c64d6,169,109.59,108.0,1.6,1.46
RouteID_46aac938-688c-4671-80f4-406cc7b3e1e7,153,167.3,177.71,-10.41,-6.22
RouteID_46ad0f6e-1e1c-4e42-b851-e33cbfb0466a,157,166.59,141.39,25.2,15.13
RouteID_46bd777c-fe55-4bf4-a0d9-6094ee4b07db,152,197.11,207.0,-9.89,-5.02
RouteID_46cb85fd-a14e-4500-bb23-e5a23572b52f,162,220.38,231.39,-11.01,-5.0
RouteID_46d6745b-dfb2-4242-969a-599a49db14c4,126,146.32,156.11,-9.79,-6.69
RouteID_46de55e4-b5bb-48fd-baa1-6d8b147e3535,151,170.26,188.29,-18.02,-10.59
RouteID_46ead2f2-e1e3-4ab3-838f-835a944d6a59,88,80.04,68.35,11.69,14.61
RouteID_46ec78c2-54e8-4c59-a3c5-c19927d0c886,175,194.68,211.49,-16.81,-8.63
RouteID_4702bd1b-4553-42b3-bab9-dde9dab1c31f,132,171.17,194.75,-23.58,-13.78
RouteID_47031169-4f7e-45b2-851f-221ff269b054,159,196.47,205.68,-9.2,-4.68
RouteID_47098b63-05a2-4dd7-9998-49abb6db18ce,175,196.64,212.59,-15.95,-8.11
RouteID_4711a81d-e30d-42d9-be13-036970e61832,135,173.41,176.69,-3.28,-1.89
RouteID_47499a90-e9cb-4292-ba31-d68e67212b79,148,189.78,189.38,0.41,0.21
RouteID_474fd8e0-c4c4-4fbd-9823-b9b2184cd73d,136,182.14,171.62,10.51,5.77
RouteID_47634668-1bba-4783-9fb1-be88822a3e78,174,161.45,185.16,-23.7,-14.68
RouteID_4765734b-1db4-47c0-b391-af8a6084eb38,172,237.82,264.03,-26.21,-11.02
RouteID_476da649-cb39-45d0-a9c5-5f2a0af43301,123,123.41,123.17,0.25,0.2
RouteID_4774356d-68a9-4ec9-931e-7da95882fafe,144,118.18,117.9,0.27,0.23
RouteID_4777b19b-d4f8-4b72-9cc7-c7a70f1954af,162,223.62,223.75,-0.12,-0.06
RouteID_47805220-642f-4293-bc20-bf3a1c4f5b24,118,127.4,130.77,-3.38,-2.65
RouteID_479657fa-4210-427c-b5cc-06267c91636f,195,191.09,208.01,-16.93,-8.86
RouteID_47a15b54-0a83-4152-86cd-ce9eaf400c39,168,195.11,225.95,-30.84,-15.8
RouteID_47a640a0-19b4-4a82-b675-00da3fd29b3d,166,182.07,182.17,-0.1,-0.06
RouteID_47a76580-bd09-4e77-91bc-a6778ceda7f9,151,160.87,169.97,-9.1,-5.65
RouteID_47a84731-eced-422f-b3c8-56137ec6d772,165,252.16,242.05,10.11,4.01
RouteID_47ab2d15-2eaf-4a78-ab56-65a65586d629,166,208.09,212.59,-4.5,-2.16
RouteID_47ad9422-08c1-4ba0-a135-10cd9433b302,142,192.98,209.27,-16.29,-8.44
RouteID_47afeff8-d7b2-4f18-9858-fe337950aa2b,183,195.76,219.97,-24.21,-12.37
RouteID_47bfbc99-9703-4e42-9e6e-ed6164522653,205,244.11,245.35,-1.25,-0.51
RouteID_47c74567-2e76-4d97-ac26-43e9197b9829,107,103.0,101.7,1.3,1.27
RouteID_47c9ed8a-a4e7-42ca-8358-236fd06e9f59,130,147.68,150.91,-3.23,-2.18
RouteID_47d09204-e2af-4293-b151-7ec5c992ba96,169,239.36,248.13,-8.77,-3.66
RouteID_47d13b50-08a2-470f-9769-35f0bc0e9c3b,121,164.23,163.87,0.35,0.22
RouteID_47d52d08-bf08-4632-a0b5-dc6397cba32f,123,178.01,182.47,-4.46,-2.5
RouteID_47f38c7b-541d-4906-8dc8-eb397451b294,182,196.76,193.57,3.19,1.62
RouteID_47f85093-e0ae-40b1-8de1-eafb7b40542e,150,206.98,199.82,7.16,3.46
RouteID_47ff76de-3e60-4f87-bc7a-2b2fa8f724a3,119,96.63,90.66,5.97,6.17
RouteID_48002fe3-19ce-4438-af15-536f019b012e,130,106.17,111.73,-5.57,-5.24
RouteID_48274e67-29e0-4db7-8f67-eb2d2c3465a0,118,143.41,144.74,-1.33,-0.93
RouteID_4832e138-2d99-43e5-bc69-ce0e227440d0,87,94.04,86.73,7.31,7.77
RouteID_483c89cd-41cd-4995-a1f1-432eb9fddeed,191,215.02,242.81,-27.79,-12.92
RouteID_48454abb-1c54-4ba1-9ca2-468eb287525c,135,114.58,104.69,9.89,8.63
RouteID_4848e48f-2d39-4306-a83b-d866172a9a6a,131,172.26,184.15,-11.89,-6.9
RouteID_4853a875-8cc9-4cd8-ab54-6e137907503c,138,151.72,142.09,9.62,6.34
RouteID_485ecbba-31b8-488d-872e-32fd4565e694,151,189.87,191.37,-1.5,-0.79
RouteID_485fe6e4-9e23-4df5-ac1b-1b9dfebf0051,163,232.25,225.41,6.84,2.95
RouteID_48610cd4-79a0-4191-b0d2-8ac3da3efd09,177,188.5,197.58,-9.08,-4.82
RouteID_4868549b-ed30-4b83-af03-0201f78974ae,180,204.38,212.38,-8.0,-3.92
RouteID_487471cb-b4c2-4f71-a9c1-b11d7a8e8970,87,83.54,77.43,6.1,7.3
RouteID_4876274c-ac2a-4d5f-a1d3-e0879352ccf1,158,181.5,172.43,9.07,5.0
RouteID_487a97c7-12c1-427e-90e3-f43562ccd9fa,184,192.17,217.28,-25.11,-13.07
RouteID_488c0478-2fc2-4687-956d-12fea458fa4e,125,175.37,181.66,-6.29,-3.59
RouteID_4893f932-c8d5-4f01-80d9-b3e4c0e16fdc,122,110.88,105.76,5.12,4.62
RouteID_48941770-22e1-4c37-9d62-b3db81900ba6,165,132.87,138.66,-5.8,-4.36
RouteID_4895db7d-cd33-40e5-a1b1-e6259fc02528,134,107.32,118.35,-11.03,-10.28
RouteID_489c725a-0693-46ad-bb2f-fbed82dc5837,130,186.25,196.84,-10.59,-5.69
RouteID_48a5536a-7ee7-41d8-aac2-2e5cea375987,106,129.43,114.72,14.71,11.36
RouteID_48a9235d-3613-4cd9-aa8c-abdf64c9940c,80,122.75,112.26,10.49,8.55
RouteID_48b81b0b-4502-40c8-8a0a-0e67178f1bb3,91,91.71,95.63,-3.92,-4.27
RouteID_48c140d4-c791-4b5f-9d8f-cc9758297b7a,149,220.37,205.35,15.02,6.82
RouteID_48d12006-30d7-411d-91f8-a35eeef548ec,141,194.66,203.09,-8.43,-4.33
RouteID_48da8106-c758-4ff7-96d1-826bd6b90212,150,157.21,159.33,-2.12,-1.35
RouteID_48e08959-987e-4746-bf10-3eb08ca299d5,161,155.08,194.75,-39.68,-25.59
RouteID_48e2d5d6-ec00-4a6e-8df0-ed31b78410f3,161,239.05,244.82,-5.77,-2.42
RouteID_48e5adb4-daf6-4c2a-a9dc-0576a45721a3,158,185.29,186.5,-1.21,-0.66
RouteID_48f4cfad-d734-4683-b61e-4d25ae3153ab,121,104.91,105.93,-1.02,-0.97
RouteID_48f9b32e-0f38-431b-a0b0-69bfbef633f0,124,158.68,167.96,-9.28,-5.85
RouteID_490bc1a9-1899-41f2-b05f-e88a2bc18570,170,234.76,245.08,-10.31,-4.39
RouteID_4911a788-48d0-4229-ac92-a70d3a5fa2cf,168,229.28,233.92,-4.65,-2.03
RouteID_491b6101-ac90-4b30-82b1-86cadb2df6a8,180,153.6,163.93,-10.33,-6.73
RouteID_49241a0e-00eb-401a-93ab-ce909f56dd8a,131,157.64,163.86,-6.22,-3.95
RouteID_4929e984-b062-4f4f-9513-c1f7cefea730,161,243.1,250.8,-7.7,-3.17
RouteID_492ce47a-9335-4631-be76-87ab87744cdc,175,181.39,175.29,6.1,3.36
RouteID_49462c90-b093-4cf6-a0a9-a9d8aa382c7d,114,130.93,142.12,-11.19,-8.55
RouteID_494a66df-24d3-426e-9305-b48e04f4c899,139,159.33,167.02,-7.69,-4.83
RouteID_4980361c-9672-43d5-9097-ca7d66cdb83b,81,92.12,86.97,5.15,5.59
RouteID_49923878-b335-40da-9584-6153a1f8eca1,96,100.85,97.49,3.36,3.33
RouteID_49961695-52b0-4efd-b85c-690a056f7de6,94,127.43,137.41,-9.97,-7.82
RouteID_49a6e711-1006-494f-b4c9-847cbbbf0cbf,157,200.56,218.68,-18.11,-9.03
RouteID_49aefc69-73cc-4e12-86d4-2d1953b90f37,151,184.82,183.4,1.42,0.77
RouteID_49bd90dc-53bb-4bb0-b021-de56763bc405,191,220.24,230.28,-10.05,-4.56
RouteID_49c71725-58f8-4365-8b74-6c5fce67ecef,200,247.27,270.34,-23.07,-9.33
RouteID_49c9fd9b-6a3b-4b97-a121-575f3cd69578,80,79.12,80.0,-0.88,-1.11
RouteID_49ca91d5-1cd5-4efa-9fed-7fca0de15f89,130,169.09,149.93,19.17,11.34
RouteID_49df3871-c437-47a2-aa71-658abcba5f9c,150,176.47,172.13,4.34,2.46
RouteID_49ef11ce-d64e-4025-903c-8de13b52e63b,175,150.29,157.5,-7.2,-4.79
RouteID_49f82f0d-95e3-486c-be9c-0bf6b71b77ee,132,204.73,207.22,-2.49,-1.22
RouteID_49fbd281-adbe-48c7-9a99-587bcf5a9435,151,143.31,151.66,-8.35,-5.83
RouteID_49fdeaf1-936b-4f96-85b6-cc1a5cc07569,121,131.35,112.75,18.6,14.16
RouteID_4a0472b0-c5d2-450b-b4fc-9e725092134e,158,197.32,189.51,7.81,3.96
RouteID_4a08b1ea-e05b-40da-86c0-02c623747663,200,179.12,212.25,-33.12,-18.49
RouteID_4a112202-c581-4d03-b44c-3c94cfb2b347,127,176.59,156.78,19.82,11.22
RouteID_4a128593-fe8a-4e47-a95b-b391fdd9668a,196,251.28,282.83,-31.55,-12.56
RouteID_4a17ea28-88d4-4437-9fd8-69b7d5c9fc9b,100,119.59,113.36,6.23,5.21
RouteID_4a181647-05ea-44e8-8f97-4bfe99767d0c,160,189.16,196.92,-7.76,-4.1
RouteID_4a3b2f02-cdfe-45a9-be1c-746d2d2827bb,180,184.97,200.28,-15.31,-8.28
RouteID_4a421e29-d853-4132-9a76-194fdb82c67a,153,219.97,204.1,15.87,7.21
RouteID_4a43f8e8-4b6d-4454-b312-62d6759688d6,176,190.4,206.02,-15.61,-8.2
RouteID_4a48cec1-86b0-442b-9edf-02a07bdc07d3,157,169.13,182.6,-13.47,-7.97
RouteID_4a55ad0d-d039-4c05-b5e7-78b7bba78c3d,125,176.53,184.21,-7.68,-4.35
RouteID_4a6788f2-62dc-428f-a5b9-f7f9bfacba96,172,237.75,259.47,-21.72,-9.14
RouteID_4a68c371-bd49-4327-a798-88c0a62f03f7,167,173.89,172.07,1.82,1.05
RouteID_4a7b7894-f2a8-4ce8-9046-70bacb59cb01,182,211.18,220.17,-8.99,-4.26
RouteID_4a873b5e-4a66-4156-aea6-6206f6d95f4e,203,261.23,257.35,3.88,1.49
RouteID_4a8fe215-9746-4b0c-94f0-dd0127bb07ff,141,139.02,149.2,-10.18,-7.32
RouteID_4a9ba924-33dd-480b-b10a-243631b9673d,147,185.03,185.26,-0.23,-0.13
RouteID_4aadbfdb-3928-4b4b-bd14-072f9d60fa0f,188,188.46,212.4,-23.94,-12.7
RouteID_4ac5068d-f0db-45d3-8201-1dac6892d3d0,153,173.85,192.5,-18.65,-10.73
RouteID_4ace7e5a-c2ce-4d2e-b1a7-83e3696442b2,116,115.96,114.21,1.75,1.51
RouteID_4ad4622a-f156-474c-aa2f-c0e80824ddbe,189,239.53,266.58,-27.05,-11.29
RouteID_4ad4ddf8-61da-4947-a4ad-3da624c9bf03,185,216.86,234.38,-17.51,-8.08
RouteID_4ad59250-4ad4-41ce-83fc-129767c22283,110,97.35,96.16,1.19,1.22
RouteID_4ada5c23-a76d-4137-88b8-3d0e6c851575,153,162.72,169.74,-7.03,-4.32
RouteID_4aea89a5-7f4b-4c3b-946b-943bc36148fa,169,203.7,208.5,-4.8,-2.36
RouteID_4af4142c-1f8e-4f08-bb12-e46084393fd2,137,144.26,155.62,-11.36,-7.87
RouteID_4b0a7777-49c8-4442-b515-754c37e968ab,118,168.4,181.02,-12.62,-7.49
RouteID_4b0d937a-2513-4bca-9833-bbf1a5d63590,93,125.94,128.53,-2.59,-2.05
RouteID_4b0f8b14-9dbf-4cd0-9ad0-f9b6ce31bb4d,97,124.19,112.11,12.09,9.73
RouteID_4b163e49-3e85-43e6-b994-9ca8ae72ea1a,110,130.75,139.38,-8.63,-6.6
RouteID_4b23c253-d842-40cd-b3e4-14ba69d2e679,108,101.03,98.99,2.04,2.02
RouteID_4b2c6211-0573-4c7e-840d-c2e8b1db468f,120,152.49,159.31,-6.82,-4.47
RouteID_4b2d1472-a97f-4331-ae2b-d0a9b3851e4e,167,175.95,191.7,-15.75,-8.95
RouteID_4b35ee2e-75b7-4286-97cd-0a559e3b230c,150,178.06,183.38,-5.32,-2.99
RouteID_4b3e7da9-5627-4b1e-af9e-63e549a76152,183,212.92,222.52,-9.6,-4.51
RouteID_4b4a91db-cf27-4f99-92b1-1776afd7daff,178,194.63,191.27,3.36,1.73
RouteID_4b4d8e72-7e4d-4a97-94c3-1c2b653c8503,115,218.41,231.68,-13.27,-6.08
RouteID_4b5582b2-ad30-46b5-a814-eef450c82107,176,201.41,216.03,-14.63,-7.26
RouteID_4b5df090-96f1-491e-91e2-0799de36bd93,156,231.61,232.48,-0.87,-0.37
RouteID_4b6de95e-9ce9-4622-8665-55e527f36e0a,63,86.39,73.95,12.44,14.4
RouteID_4b732bb5-3016-4df8-941d-9c61ea1c4b93,188,212.72,206.39,6.33,2.97
RouteID_4b87f7c6-6f56-48d7-9dd8-916e6213fd7b,85,83.1,87.08,-3.98,-4.78
RouteID_4ba0d71d-b87a-4bad-81a8-e4645e118ca4,85,150.11,114.36,35.74,23.81
RouteID_4bcd7569-a73e-442d-a246-f4549d2191fb,80,90.06,84.79,5.27,5.86
RouteID_4bdd10f2-f001-49c7-8ec9-d43e7b9a2109,152,205.84,231.34,-25.49,-12.39
RouteID_4be375b3-a89d-406f-9605-08e0a7ffc4da,156,207.1,222.67,-15.57,-7.52
RouteID_4be756fe-f03d-40e1-a1fe-09c45c8b608f,179,257.44,257.0,0.44,0.17
RouteID_4bf6d9a4-2c45-4a3c-b9e3-49a48715df06,164,191.15,186.6,4.55,2.38
RouteID_4bfb788e-9ac8-4fce-b513-7da84e7de698,155,178.97,200.62,-21.66,-12.1
RouteID_4c06b261-0443-46af-8deb-555e34156507,93,114.78,98.25,16.54,14.41
RouteID_4c13d6b3-6365-4f00-8c7e-e41c646166b4,97,127.29,103.33,23.96,18.82
RouteID_4c2beef4-22d2-49b4-94d2-b59b9ca2fb4a,181,214.77,216.68,-1.91,-0.89
RouteID_4c2de082-63b5-4eaf-8932-97fc441af165,145,143.79,136.7,7.09,4.93
RouteID_4c41f82f-0a8a-4bf8-924a-3aa71df59478,134,157.93,156.13,1.8,1.14
RouteID_4c5e413e-b8b5-4a3d-96fa-f50a55cddf12,154,181.62,193.69,-12.06,-6.64
RouteID_4c5edacb-b2d9-4532-aa56-b6f5c8f323ef,105,150.52,147.35,3.17,2.11
RouteID_4c5fa0a1-95d0-416a-8189-5988f4b9a77c,190,207.4,212.73,-5.34,-2.57
RouteID_4c74b4bb-2a34-4d7d-a38c-f66584f1e478,61,106.38,102.17,4.21,3.96
RouteID_4c7c1e59-bdef-4f62-b237-7bb61964a1a2,163,213.03,223.32,-10.29,-4.83
RouteID_4c7ff8bc-4533-448b-a253-0c502571ec76,107,152.94,129.2,23.74,15.53
RouteID_4c891ac7-a6c7-4258-808d-10d006273620,129,168.82,187.2,-18.38,-10.89
RouteID_4cab5921-6d5d-4530-99d4-e00cd672cc0b,183,210.67,231.77,-21.09,-10.01
RouteID_4cb01a85-ffa0-45e6-b3c0-0d3dfd3374cd,66,74.03,67.46,6.57,8.87
RouteID_4ccc8f33-d04b-47de-8465-0b5c3a96d5e2,115,126.29,137.74,-11.45,-9.06
RouteID_4cd2cad5-e50c-40d7-af2f-8fc5fc6b56b0,126,180.92,170.78,10.13,5.6
RouteID_4cd39093-4444-4bee-b342-444a00a70dfc,180,203.43,190.83,12.6,6.19
RouteID_4ce87306-6d7d-49ce-8198-ab00a6fa7f4d,137,228.6,236.24,-7.65,-3.35
RouteID_4d0a01f5-526a-4f35-a113-7d6847fdc0cb,211,259.29,264.02,-4.73,-1.82
RouteID_4d118278-6f3d-4ed3-9983-dd8f580aea61,202,184.21,197.45,-13.24,-7.19
RouteID_4d123e52-f8da-4d59-b4e4-6d2c225435e0,179,218.58,231.99,-13.41,-6.14
RouteID_4d246681-549e-4e28-a834-4efacbedec9b,184,210.22,220.15,-9.94,-4.73
RouteID_4d258d43-b053-4f00-96ef-55bb58cca10a,162,206.58,239.4,-32.81,-15.88
RouteID_4d2c7f2b-3863-45ed-962a-bc0d07727eeb,164,204.29,229.44,-25.14,-12.31
RouteID_4d3d69c6-28b9-44fe-9b04-4d5d643eb26f,162,206.53,211.88,-5.36,-2.59
RouteID_4d460f58-115e-43b9-b39b-29c4d4236326,205,219.7,241.39,-21.69,-9.87
RouteID_4d4a68f3-982f-4fc2-ba37-a897902e3013,149,184.14,166.4,17.74,9.63
RouteID_4d529881-1843-46d1-b94d-161030939c6e,201,195.81,202.73,-6.92,-3.53
RouteID_4d57edec-1cea-482c-9e00-1748e3e08b21,108,178.99,185.84,-6.86,-3.83
RouteID_4d5d2a1d-dbf2-421c-81be-577e95c723b9,165,148.78,157.7,-8.92,-6.0
RouteID_4d60fbeb-9860-4995-8f5c-145416eb24c2,157,161.34,163.27,-1.92,-1.19
RouteID_4d763cb6-27c4-4f87-aca7-4b66ecf04c1d,147,164.97,171.44,-6.47,-3.92
RouteID_4d79bf85-4521-44ec-aebc-b64ef04e56df,141,209.94,230.29,-20.35,-9.7
RouteID_4dafd262-7537-43e9-a084-884b96c541d2,154,249.25,272.62,-23.37,-9.38
RouteID_4db24e6e-58e3-489f-8422-a1c3515b0591,117,121.9,105.46,16.44,13.49
RouteID_4dbd5173-6f32-46c3-94be-8ffc91953de7,145,205.08,190.97,14.11,6.88
RouteID_4dc98443-88a4-4ee2-a4ff-76a9cddbf947,146,166.38,141.5,24.88,14.95
RouteID_4dcd5392-9ae4-48a3-9056-a29e42b99d8b,158,191.9,204.36,-12.45,-6.49
RouteID_4de283f3-bf15-4b42-b48c-52cf20d11db8,86,73.39,73.08,0.31,0.42
RouteID_4df0e27a-1875-43e7-9e27-b5b095cd31cf,112,241.83,266.19,-24.36,-10.07
RouteID_4df8fc23-9f6a-48ad-97ab-4b49918c2c68,134,265.9,298.96,-33.06,-12.43
RouteID_4e0329b7-6ae9-4125-9e94-4703129f7d97,85,117.27,97.64,19.63,16.74
RouteID_4e0b9d0a-1aca-4a6e-a3ee-edad92990ff8,124,194.7,195.92,-1.22,-0.63
RouteID_4e0ba736-945b-40f9-8773-a0abfd273cac,191,150.76,154.25,-3.49,-2.31
RouteID_4e0f1142-3e28-4537-b661-f2bfdb3419fc,173,229.56,261.23,-31.68,-13.8
RouteID_4e15c904-2e4d-4bf8-8b00-c1c911e7cff0,185,256.0,254.66,1.34,0.52
RouteID_4e2585d2-8443-4767-865a-3b2ae994eb00,175,170.93,186.22,-15.29,-8.95
RouteID_4e29a605-0633-4472-b3ec-1e3a5ee6dae5,150,190.85,198.95,-8.1,-4.25
RouteID_4e2f5cf8-00e2-4ae5-8d04-47803cdd944f,126,166.64,171.59,-4.94,-2.96
RouteID_4e38c550-0fbc-4459-8797-8f4c329ba0db,169,218.11,244.53,-26.42,-12.11
RouteID_4e52b964-70f4-4f90-a388-24ec1fc89c54,145,140.42,146.73,-6.31,-4.49
RouteID_4e52e108-9f9f-4c23-ad03-de78121daa38,154,144.69,140.96,3.72,2.57
RouteID_4e5a3902-45ef-458b-994f-078abde86dd6,173,196.97,201.76,-4.78,-2.43
RouteID_4e5cef8d-029f-43c4-944e-b60f61e7abf8,181,202.16,219.5,-17.33,-8.57
RouteID_4e64eea8-784f-4486-90ba-572700a16933,118,149.9,142.98,6.92,4.62
RouteID_4e6a1048-3174-4c3e-8e7f-e9982a5d1f72,103,111.27,121.75,-10.48,-9.41
RouteID_4e6f9dd3-7949-45ed-aa93-d1bb033dc649,75,113.29,101.53,11.76,10.38
RouteID_4e77db93-16ae-4e5d-bce9-33aecee5bb1c,106,123.56,115.4,8.15,6.6
RouteID_4e957c42-bcfd-47ea-90a0-f0d2b361cbad,134,148.49,158.39,-9.91,-6.67
RouteID_4e987be9-fe95-48ff-92bb-67d76ba983f9,86,80.12,80.17,-0.06,-0.07
RouteID_4e9d9377-5f48-4a7d-a8ec-b9d2a184de13,177,160.42,176.2,-15.78,-9.84
RouteID_4ea5ff5f-3456-4809-8568-6fda7022f4aa,195,159.64,151.32,8.32,5.21
RouteID_4ea6084c-0bd4-4877-8532-89fc4b3bf68e,182,254.19,268.34,-14.15,-5.57
RouteID_4eaa27f5-8816-4888-a7db-addf9f5d3ee0,106,130.18,123.09,7.09,5.44
RouteID_4eaa5670-c2e9-44e9-bffa-09e24592c22d,182,170.04,179.5,-9.46,-5.56
RouteID_4ebf3b13-1bcb-45f3-a9b1-9e956813805b,173,187.68,194.82,-7.14,-3.81
RouteID_4ebf5fd1-a7fd-4763-b052-bd34f8632708,174,248.41,249.72,-1.31,-0.53
RouteID_4ec52062-78b9-444a-8899-8f46ddef050e,168,232.58,258.41,-25.83,-11.11
RouteID_4eccb79b-a588-4886-aa3a-195bd5df0b17,170,195.68,204.66,-8.98,-4.59
RouteID_4ee08a2b-476c-4f63-a0a8-9c0e79d240a0,163,245.57,254.31,-8.74,-3.56
RouteID_4ee6e0c9-a4e9-4e61-8d09-e271daeaa28f,102,115.87,111.47,4.4,3.79
RouteID_4ef0f393-0ece-49cd-b5c4-524b53438199,156,188.35,195.17,-6.81,-3.62
RouteID_4f05b93f-0fea-4673-a749-7b32e0dec5c4,184,198.37,214.9,-16.53,-8.33
RouteID_4f186b3d-6198-48d9-aa87-ec638aae2ac2,160,186.09,160.68,25.41,13.66
RouteID_4f24bb57-2e5c-401c-aa28-56248499d15a,172,234.67,235.68,-1.01,-0.43
RouteID_4f3a5b7a-3731-4519-88ff-c6664d0aa130,99,145.45,153.35,-7.89,-5.43
RouteID_4f5da18b-8a76-4ab9-99bf-aa8e266e4ab1,172,150.45,174.46,-24.01,-15.96
RouteID_4f66141e-d116-4ff2-807b-eccea9b45171,132,154.57,149.44,5.14,3.32
RouteID_4f68e69a-fba0-460e-9549-08843453b1a5,162,206.29,211.91,-5.62,-2.72
RouteID_4f6d6e78-2f6a-4463-b487-2e27989fce38,187,166.78,148.95,17.83,10.69
RouteID_4f87bd50-8d7d-4186-8936-b909f8fccdd7,163,192.41,193.36,-0.95,-0.49
RouteID_4fa1fd32-d27c-4c38-9a54-fd1bf765b305,91,95.38,93.88,1.49,1.56
RouteID_4fa51ef4-04db-4cfa-9c1c-0a97787a074a,165,176.78,192.39,-15.61,-8.83
RouteID_4fa6359b-652b-44e1-b287-3e3dc4d8c6d3,202,209.41,208.07,1.34,0.64
RouteID_4fc4a782-3b1a-47d6-b512-ed239066207d,149,180.4,168.62,11.78,6.53
RouteID_4fcff59e-6155-470a-be78-09cda8c1480b,146,138.29,138.3,-0.01,-0.01
RouteID_4fdce5e3-9097-44cd-a61b-7a88f8d42d43,130,228.2,245.5,-17.3,-7.58
RouteID_5001d1fc-7d6a-474d-84c7-fa4ff20857d0,176,164.92,168.39,-3.47,-2.1
RouteID_500498a6-2184-46c7-9df6-24b5f11bbbe3,158,185.84,198.69,-12.85,-6.91
RouteID_5004ad96-584b-4cb5-b9a8-0af9f3620adb,108,106.21,109.0,-2.79,-2.63
RouteID_501c81ef-9127-465a-a9fc-22ef9ac88ce8,138,147.14,153.08,-5.95,-4.04
RouteID_5030cbc4-ff0d-41eb-9659-6f7a1b03a434,194,237.03,257.78,-20.75,-8.75
RouteID_503df691-0708-450a-bef4-7658d33d2dd7,161,224.21,234.52,-10.3,-4.6
RouteID_503e4336-5e92-4d31-ae63-665c8c521373,147,193.88,211.5,-17.62,-9.09
RouteID_5059625b-4bf5-4576-b778-da34326ac4dc,157,187.61,200.68,-13.07,-6.97
RouteID_50797270-cb23-4f82-8782-fd0a7c05dddc,180,208.13,222.68,-14.54,-6.99
RouteID_50a5d1d0-c816-449c-9bd2-a9f1f88d9566,172,189.33,205.62,-16.3,-8.61
RouteID_50a6e150-0a1c-4d47-b382-6be32e4c863f,128,147.81,152.34,-4.52,-3.06
RouteID_50aa921f-d65e-435b-9f2d-d675764160e0,150,174.7,159.13,15.57,8.91
RouteID_50b07f01-e894-4337-ba70-068795833db7,171,213.46,199.94,13.52,6.33
RouteID_50c62b04-1f94-496d-893f-bac0d71e8ace,184,215.71,197.83,17.88,8.29
RouteID_50d65918-5846-4b9c-bd75-fb456dc0481e,147,170.78,162.85,7.93,4.64
RouteID_50d8b2b0-0c4b-4da6-bacc-546a3cb04293,174,226.0,280.78,-54.78,-24.24
RouteID_50dcddf3-8bea-4a2c-b1f6-3bfd5535e3ca,186,216.65,228.37,-11.72,-5.41
RouteID_50e0fba7-4e3e-466f-abdc-ffce115639b8,150,179.05,179.84,-0.79,-0.44
RouteID_50e628b9-c7fb-40f7-9db0-2740534ef67d,113,212.57,228.15,-15.58,-7.33
RouteID_50f647bf-63f2-4be3-af9d-81c6cb55e810,173,225.7,241.5,-15.8,-7.0
RouteID_50f8492b-1989-4643-b9cc-738ce27d791c,122,153.36,156.36,-3.01,-1.96
RouteID_50f8cb54-c9a4-470c-8e6d-634b1fea2403,152,194.46,207.51,-13.05,-6.71
RouteID_50f929fe-5f58-46dd-9cab-90574df65db4,160,202.46,220.96,-18.49,-9.13
RouteID_50fd429a-faec-41bb-84c5-1e4f17c7032e,150,202.73,213.37,-10.63,-5.24
RouteID_51194935-19ab-4948-b7ca-48e4fc0c88f3,163,197.04,202.26,-5.23,-2.65
RouteID_51405738-6d48-4ab7-a03c-c237cc4fca4a,183,242.22,258.06,-15.85,-6.54
RouteID_5142e911-e3c9-4387-a70b-b3199862d6f3,199,208.89,203.5,5.39,2.58
RouteID_51552b4e-509b-489c-8022-ceaedf84b5f7,151,122.77,115.53,7.24,5.9
RouteID_5158b56f-22b5-4a3f-9e57-2feacd281633,118,155.9,164.3,-8.4,-5.39
RouteID_516c0fc6-77df-4bfb-a0c8-f88a53072256,111,149.63,141.94,7.7,5.14
RouteID_51839f70-714c-4fe7-a1bc-73b2170c65af,117,139.76,139.72,0.03,0.02
RouteID_51871c29-4cbf-47d8-b980-6416032f0232,100,87.19,101.99,-14.8,-16.97
RouteID_5192f0c4-8b9e-4264-938c-049873a6942a,147,172.59,166.52,6.07,3.52
RouteID_5196944e-09bb-4d20-b70a-779046f07996,95,99.09,99.85,-0.76,-0.77
RouteID_51a2aca9-3f75-43d6-9e35-0bf0f5e6f44c,117,146.13,131.2,14.93,10.21
RouteID_51b50138-b502-43ab-b88d-8e36455e61b0,94,118.33,114.92,3.41,2.88
RouteID_51b6ead0-0714-4e2c-9284-3cb8ea14a34a,156,180.38,188.7,-8.32,-4.61
RouteID_51c446dd-1dba-422c-b79c-222077f8c84a,123,116.34,118.48,-2.14,-1.84
RouteID_51c8949a-11e0-459c-b60e-b65daedd74eb,193,253.72,259.25,-5.52,-2.18
RouteID_51cf7509-9dfb-4bc7-9c97-f4b9dc51b881,184,240.65,243.32,-2.66,-1.11
RouteID_51ddfbc6-4dd8-4c59-9dfa-dbec0ebc5eb8,140,153.8,155.51,-1.71,-1.11
RouteID_51e19278-a452-4b39-9974-f6f82b225ed9,169,248.99,276.5,-27.51,-11.05
RouteID_51e3dd4c-9e9d-4849-a548-c8370bd53738,116,236.39,244.04,-7.66,-3.24
RouteID_51f6a16b-4db6-450c-9236-23b60c00327c,103,104.29,99.9,4.4,4.22
RouteID_52083d91-046e-40ea-9697-e9c3982329e6,124,190.55,199.11,-8.55,-4.49
RouteID_52084da6-2f7d-4b95-9080-35a2971b71a2,159,237.6,249.44,-11.83,-4.98
RouteID_522e01fd-6ca9-4e2e-996b-f1dca9b9aae6,122,124.49,111.12,13.37,10.74
RouteID_522f582f-040b-45c7-90a1-7ff84787d5b5,65,67.0,63.16,3.85,5.74
RouteID_523b64fa-55d8-4731-878f-9aae7c4b3ffd,106,134.54,144.02,-9.48,-7.05
RouteID_5240ed70-895a-4bc9-90a6-b836fe81458e,170,237.88,261.49,-23.61,-9.93
RouteID_524ccce1-3fa2-4691-a928-c621ac00553d,159,167.53,157.88,9.65,5.76
RouteID_524f1f36-536b-43d2-82ff-ff6a1eade62f,173,189.33,197.08,-7.75,-4.09
RouteID_5265ec72-4ba1-418b-bcf3-b4de2e99166c,132,227.57,249.8,-22.23,-9.77
RouteID_52678b73-48d0-4cbd-a39d-3f96b271e7a5,96,138.46,133.68,4.78,3.45
RouteID_527451e7-c250-4de8-9f63-c217768c93cb,100,106.98,121.34,-14.36,-13.43
RouteID_528ac794-f7b3-4096-934d-36ca4357a734,85,119.44,109.48,9.96,8.34
RouteID_52a82475-83e3-4d0d-82d4-87655a74dfa8,155,187.57,204.99,-17.42,-9.29
RouteID_52cde6f3-d482-4296-91e1-1d2688ca88a7,152,211.35,241.18,-29.84,-14.12
RouteID_52cec372-52dc-4491-8bf3-e1c96b3b14a6,203,212.16,242.43,-30.27,-14.27
RouteID_52de130c-ee5a-4403-9085-491d59faf5ee,137,197.12,212.9,-15.78,-8.01
RouteID_52e5608e-5f51-4ac3-9c16-658c28ee020a,193,240.23,236.56,3.67,1.53
RouteID_53024438-1392-405d-93f5-c30c38e7a981,122,151.65,162.82,-11.16,-7.36
RouteID_5308438b-7afd-406c-afee-83f1e2aa6fe9,207,196.31,203.47,-7.16,-3.65
RouteID_530a9ef1-10d1-4b8d-918d-da87858953c3,130,189.0,193.04,-4.04,-2.14
RouteID_53190a48-2fc2-484f-a5e8-561652ad559a,98,170.06,190.56,-20.5,-12.05
RouteID_53232ef3-63aa-427c-bbdc-e46e79ac798e,132,115.3,117.57,-2.27,-1.97
RouteID_532e0000-67c5-4a66-a00f-764b0fe02a3c,183,194.19,195.67,-1.48,-0.76
RouteID_5331cad2-f5bb-4a38-a174-fc11d3078ca0,144,183.67,185.77,-2.1,-1.14
RouteID_53351a96-e689-41ed-a59b-bfad352cce0a,156,184.98,195.15,-10.17,-5.5
RouteID_5347b03d-b86d-4fd7-b78f-7275245bca3c,107,152.77,142.3,10.47,6.85
RouteID_534b1229-baf5-47c8-968a-7baa780251ce,181,173.66,190.18,-16.52,-9.51
RouteID_535175f8-e81e-44a8-b34f-82ca00b52fbf,143,218.87,233.65,-14.78,-6.75
RouteID_5351d642-1ff3-42c7-ad7e-836ffd6f20d3,156,215.4,223.81,-8.42,-3.91
RouteID_5354d2bf-bff3-4a0c-91ec-894b4b2d225c,145,165.23,177.15,-11.93,-7.22
RouteID_5358ee90-4175-4957-b7b3-53c228e555e4,151,183.93,190.66,-6.73,-3.66
RouteID_53697fe6-8f48-4e2d-a2ba-fe59c9050361,103,127.44,119.32,8.11,6.37
RouteID_5374484f-dd15-4e49-b09d-7aa5fa60960a,111,159.37,157.35,2.01,1.26
RouteID_538b2dc3-30d8-453b-b3a1-a9ad6d620031,173,197.35,207.37,-10.02,-5.08
RouteID_538e9947-4800-4b15-8d8d-b76a622b3106,178,247.7,248.0,-0.3,-0.12
RouteID_538ec175-af08-43b0-9853-97470472beb2,164,211.61,213.84,-2.23,-1.05
RouteID_53983e24-47d6-48e5-9218-cb359a96c8ad,138,123.89,123.44,0.45,0.36
RouteID_539bdbc0-be18-4c91-83ac-2a50726555c2,51,65.25,57.8,7.45,11.41
RouteID_539d83c2-0f77-496a-a68c-9431daf9186f,119,191.6,179.14,12.46,6.5
RouteID_539fc41a-4ef8-43bb-9bc6-cddc7ed4379b,84,101.14,104.35,-3.21,-3.17
RouteID_53a0ba1a-3fd4-41f2-86b7-976184c6c4e1,176,195.74,203.33,-7.59,-3.88
RouteID_53b67b27-6f23-4a88-8d61-deab85fe3a9d,170,185.51,193.41,-7.9,-4.26
RouteID_53c0e0a6-63af-42e1-8e18-e5d923c24a27,164,223.11,217.0,6.12,2.74
RouteID_53f8ef36-f8f0-481f-b48c-3f199f2aae5f,171,177.76,186.84,-9.07,-5.1
RouteID_53fdc5d1-a9e8-4abe-833f-c6233ca6ef08,173,186.88,204.73,-17.85,-9.55
RouteID_5404e6dd-2459-4f3d-a153-681d420c3c7e,176,206.98,200.8,6.18,2.99
RouteID_540e3276-c530-44fd-ae2c-4baec101b97c,149,177.8,169.04,8.75,4.92
RouteID_5417d9e8-2639-45ac-a4d9-7368f8a6afb2,172,226.09,229.17,-3.07,-1.36
RouteID_54223ade-5a96-48d8-9e51-f43b0ba0e3b3,159,170.08,175.4,-5.32,-3.13
RouteID_54353bf0-17d3-4890-a4e5-27b601067357,160,156.57,159.26,-2.69,-1.72
RouteID_543bd176-5fbb-4b12-8bcf-a9b99b94ec78,115,120.99,106.34,14.66,12.11
RouteID_54474de8-35ad-4a0d-a68a-d03b47c5bf9c,200,216.57,229.85,-13.28,-6.13
RouteID_5447f44d-7286-42bd-9c17-65260ec9eeb6,166,180.01,190.44,-10.42,-5.79
RouteID_54566faa-4623-4f86-ae27-0e7d24e96b3b,139,198.81,187.33,11.48,5.77
RouteID_5461ac15-4445-49d2-997e-29ceb4d32335,89,131.61,122.25,9.36,7.11
RouteID_54642494-039b-4edb-b54e-b3c939ea3462,140,171.6,177.66,-6.06,-3.53
RouteID_54756ba3-40b8-4c03-8465-7fd4fac2a7e1,119,131.0,137.96,-6.96,-5.32
RouteID_5486294a-503f-4346-b8a9-862e988cbe7c,151,237.59,234.45,3.14,1.32
RouteID_54a46612-ecdc-4384-b8ba-9c43854d6343,128,236.29,247.76,-11.47,-4.85
RouteID_54a52d70-8840-4fa3-81be-af11da123d59,144,162.26,154.16,8.11,5.0
RouteID_54ac8d11-46fa-438c-bf08-038c160a03dc,175,226.23,233.41,-7.18,-3.17
RouteID_54bce2b9-20bc-42eb-85da-391874835204,163,177.47,190.76,-13.29,-7.49
RouteID_54c96270-28dc-456b-9a33-6e1650a8317d,159,213.01,232.92,-19.91,-9.35
RouteID_54cdd958-37bb-4862-902c-01ee65a2100c,172,194.16,209.42,-15.25,-7.86
RouteID_54e2cec8-1a26-402a-b838-8e17b6da331b,160,161.53,160.9,0.63,0.39
RouteID_54e36dc7-b409-419e-8c80-bbae7667ce29,140,130.88,131.13,-0.25,-0.19
RouteID_54f6dc02-827c-4258-9d95-03cf9b372d3a,136,245.77,254.6,-8.83,-3.59
RouteID_54f908c7-3c6a-48ba-b224-1f3103e6da70,114,108.6,99.94,8.66,7.97
RouteID_550488d7-0746-42a9-a279-319f4fa4f6f4,182,260.97,275.14,-14.17,-5.43
RouteID_551aa202-0406-406f-9b1a-077e96212484,166,164.35,176.17,-11.82,-7.19
RouteID_554fc365-f78e-4224-8ad1-72c1bfb2e910,99,109.83,124.17,-14.34,-13.05
RouteID_55510e20-c0b5-4a21-8756-fbe7e8394a1b,157,192.5,209.29,-16.79,-8.72
RouteID_555b3187-ab69-4e29-81cb-6ba4a99702dc,119,144.12,152.29,-8.16,-5.66
RouteID_556b46ba-d415-4184-befc-b9e9bd1de580,162,217.04,234.81,-17.77,-8.19
RouteID_557d303e-4492-4447-aaef-42b8f696c687,110,142.64,124.31,18.33,12.85
RouteID_557f0993-75be-4d5a-afe8-d9c978803865,146,178.07,178.62,-0.55,-0.31
RouteID_5588756f-5963-424d-ada6-cf0fb77c82cd,168,224.4,245.07,-20.67,-9.21
RouteID_559b59f7-ca9e-46b3-ab04-28c7c2007740,170,238.26,272.1,-33.84,-14.2
RouteID_55a3ec8e-b526-4d70-ad9e-b58b3606a638,125,154.44,159.18,-4.74,-3.07
RouteID_55b59c53-88a9-4789-9961-d9c53c469acf,92,128.33,128.22,0.12,0.09
RouteID_55c91bcc-bdda-4187-8836-12a586d00ba2,120,156.8,168.36,-11.57,-7.38
RouteID_55da9f43-0e5f-4d06-bdfb-9f440534fd3b,134,139.34,143.08,-3.74,-2.68
RouteID_55ed19dc-8677-4292-ab02-bc90551676cb,117,195.5,189.78,5.72,2.92
RouteID_55f39e2d-0eab-49a7-8160-2d2abf7e2a3c,137,146.99,144.04,2.95,2.01
RouteID_5608ede3-f70b-473b-9f2a-20eccf92f64f,148,100.58,107.33,-6.75,-6.71
RouteID_56091001-7bc6-4478-9381-517ad525ee92,166,208.94,203.06,5.87,2.81
RouteID_56092cb7-b3c3-4b8d-9712-87fa16aac72c,154,163.71,180.81,-17.1,-10.44
RouteID_5610df96-59bd-46b3-9fc4-36867e804a0f,204,241.35,258.25,-16.9,-7.0
RouteID_562005aa-6626-4fcd-a2c4-ea42f0528bdf,147,167.27,159.06,8.2,4.9
RouteID_56382178-95dc-498f-889f-bbd9abe8a8e4,188,212.81,233.09,-20.28,-9.53
RouteID_56442300-1cfd-4de6-9500-4fb3f05f3c89,167,166.93,155.62,11.31,6.77
RouteID_5644a04b-9599-4c8d-89ef-866b7bb15f41,171,244.29,237.8,6.49,2.66
RouteID_564bf3fd-d6c1-4472-a178-eee383b6a727,166,185.26,191.76,-6.5,-3.51
RouteID_565093b1-570d-4a0f-a854-456cb01f3b8a,155,172.28,181.76,-9.49,-5.51
RouteID_565aa867-7ad6-4b33-9179-989d34043e20,174,194.7,206.81,-12.11,-6.22
RouteID_566a5a54-e252-4640-83ff-11ec3a124929,147,182.81,187.59,-4.79,-2.62
RouteID_566a75a2-9b14-4795-9ca4-05bd866997a6,91,81.82,77.34,4.48,5.48
RouteID_566a8cb7-2f7f-49f3-b26b-0bdba0b63245,135,164.62,169.63,-5.0,-3.04
RouteID_566fe729-57ff-4911-8168-41ba90f9aab6,198,227.4,243.39,-15.99,-7.03
RouteID_56738dd6-f16b-4bcb-89c5-e750e338d659,164,182.14,188.21,-6.07,-3.33
RouteID_567ae078-26fb-4e84-ac52-29ac01500fe3,147,149.06,144.94,4.12,2.76
RouteID_5681dca6-48d8-48b1-b481-f1e31b03a3ed,135,214.05,210.25,3.79,1.77
RouteID_56a5b984-b11d-4841-ab3d-05f96a589895,119,219.9,227.56,-7.66,-3.48
RouteID_56a5bf95-18a9-48ef-a083-4a478af2e4ae,157,205.65,214.91,-9.25,-4.5
RouteID_56d944b5-ee5d-4190-92ce-2c79e5f142f3,185,221.55,233.15,-11.6,-5.24
RouteID_56e66ffc-e668-4b42-ae4c-843c74406af0,215,250.73,263.08,-12.36,-4.93
RouteID_56ef635f-96e9-4855-a95e-ae622bfe9482,167,149.63,160.06,-10.43,-6.97
RouteID_56f4d009-518b-417d-8bc6-6ed63b64d3d3,116,115.34,124.04,-8.69,-7.54
RouteID_56f838b7-285f-41ee-a77d-f499426ce9f2,68,103.64,93.43,10.21,9.85
RouteID_5701b7a5-7531-402d-a008-9f2441415a36,172,207.27,213.06,-5.79,-2.79
RouteID_57048e73-5959-4949-bfff-8e975c09260c,143,178.2,183.37,-5.18,-2.91
RouteID_5705c34a-fb6c-4a3e-b96e-c3ebc8ee9368,180,168.81,164.77,4.04,2.39
RouteID_570b43ee-c262-4418-97de-a5a9dcc7547e,147,234.1,244.15,-10.05,-4.3
RouteID_570da705-c87e-48e4-a788-29cb7063b74d,113,216.53,188.05,28.48,13.15
RouteID_57104be2-a333-4721-91a7-42c0a4957124,161,199.63,205.55,-5.91,-2.96
RouteID_572a851f-ad18-4033-b04e-21adac25f792,190,220.41,256.02,-35.61,-16.16
RouteID_57337783-1c1d-4917-b828-6bee33d858f2,67,90.48,81.28,9.2,10.17
RouteID_5737dfd0-a878-4065-96cf-fda8f6672005,192,162.09,183.47,-21.38,-13.19
RouteID_574a6f8f-91b9-4adf-979b-8a3db4b016c7,50,63.44,59.73,3.71,5.84
RouteID_574baa38-5f17-49fc-a72c-1de7461af647,135,193.66,206.74,-13.08,-6.75
RouteID_57505d1f-c6b3-4888-862e-4c844dfd08ee,179,261.6,278.42,-16.82,-6.43
RouteID_57555127-bbfd-4bbe-8b9e-d94ceaaac97a,175,261.86,279.86,-18.0,-6.87
RouteID_57556a85-abb9-4694-b664-c2bcd1d9ca3b,168,226.96,239.23,-12.28,-5.41
RouteID_5756f864-0311-422a-a8dd-911edae3f21e,173,154.66,160.79,-6.13,-3.96
RouteID_576a619c-9e93-4059-b13a-cb42b70f5e73,152,255.88,287.78,-31.9,-12.47
RouteID_576b2920-da3a-4a68-bcaf-ab98e3449b38,189,213.53,185.72,27.82,13.03
RouteID_576d72a8-c9f9-4f1a-b23e-dc2f170cbf57,184,213.72,216.82,-3.11,-1.46
RouteID_5791ca52-f624-4eca-ac8a-428b0c6e0d27,159,219.17,229.84,-10.67,-4.87
RouteID_57a142df-26e1-481d-8f99-2c43808c161e,168,238.05,241.34,-3.29,-1.38
RouteID_57a62f06-8af4-4d99-9c7e-0e9973aa113b,147,198.62,205.9,-7.28,-3.67
RouteID_57ae834f-313c-469e-8ac1-8f89f9b30694,205,240.13,261.88,-21.76,-9.06
RouteID_57af31ed-73bb-4183-8074-11ec6d1df083,133,173.33,150.34,22.98,13.26
RouteID_57bf5363-e471-49d2-a479-03e8cde0f0d7,113,183.59,167.35,16.24,8.85
RouteID_57c8ace6-38c2-462f-a85e-be0a77f0b4a3,41,82.25,69.74,12.51,15.21
RouteID_57cccf5b-1467-4c71-830c-7343c2098224,145,228.81,251.59,-22.78,-9.96
RouteID_57d6793b-e49b-478d-9acd-9d60d5ee5406,153,239.61,276.05,-36.43,-15.21
RouteID_57e75fc6-a866-486c-b693-2e48ab4b6436,161,174.92,184.09,-9.17,-5.24
RouteID_57e96591-d86d-4d77-84ae-85e2c08a7911,167,187.85,196.3,-8.45,-4.5
RouteID_58016688-db15-46d0-bf21-d64f323f8740,152,210.47,211.65,-1.18,-0.56
RouteID_5809741c-18f3-4152-a8c1-eb087a579b40,119,168.15,179.59,-11.45,-6.81
RouteID_580edacf-4f04-41b2-8432-673905e2c070,181,177.29,193.19,-15.9,-8.97
RouteID_581b70db-f11a-4bdf-a93f-2637f25c0e87,134,170.08,182.69,-12.61,-7.41
RouteID_5822725b-210a-4809-9f5c-f34c986fb0e2,127,190.14,187.71,2.43,1.28
RouteID_5839723c-9b10-4398-bacd-092924d9ac64,187,221.05,229.83,-8.78,-3.97
RouteID_583e5462-0015-4a27-83d8-991d0bd0cdd2,118,137.15,150.51,-13.36,-9.74
RouteID_58405a50-8e98-46d0-a99f-601d91393849,147,172.99,175.68,-2.69,-1.56
RouteID_584dc4bb-64cc-44fa-a078-3491be8d4fef,178,237.18,254.38,-17.2,-7.25
RouteID_5865e1c6-0feb-49f7-99c7-da35c99a253d,178,154.84,151.2,3.64,2.35
RouteID_586ebeef-3109-4bf0-a325-a8e3b95464fd,173,169.4,166.48,2.92,1.72
RouteID_5882b775-0a9d-4c54-bc51-f63c8b09e9de,182,231.24,229.62,1.62,0.7
RouteID_58858eaf-b42f-4a2a-b3bf-5a4df9f00c76,163,152.05,148.18,3.87,2.55
RouteID_588ce876-9aa0-4100-a791-212c50fdca24,142,178.81,184.66,-5.86,-3.28
RouteID_58914695-8100-4e81-9dd1-d6c57c2917a0,153,186.39,175.28,11.11,5.96
RouteID_58995bb1-936b-4363-a4a7-a5b1f2ff7d66,169,219.31,230.18,-10.87,-4.96
RouteID_58a6906b-aa93-4225-941e-8512c1e15aec,135,193.75,186.47,7.28,3.76
RouteID_58b0e6b6-13c6-4913-a5a6-8a75167da4e6,194,203.61,227.65,-24.05,-11.81
RouteID_58bee64a-4e27-447e-a45d-40983cb71169,75,128.01,109.6,18.41,14.38
RouteID_58ca4f5c-4b2e-4575-b6d0-37ad29eb08f0,110,97.18,83.74,13.44,13.83
RouteID_58d07521-f7a1-4650-b75c-a6760497e3a9,117,139.73,158.17,-18.44,-13.19
RouteID_58eb268c-8b24-4e8d-a143-32fb8eb7c9aa,192,245.54,243.15,2.39,0.97
RouteID_59063a31-08ed-41b5-9771-2acb695070c2,130,138.61,137.32,1.29,0.93
RouteID_591e892e-70c0-41d4-a53e-e739a7dcff18,180,197.34,218.44,-21.09,-10.69
RouteID_5926bce8-4855-4270-892e-cc609d826b16,151,170.86,185.97,-15.12,-8.85
RouteID_5928e9f3-e3ec-4df6-bccb-e7b416d05fcb,167,185.53,196.99,-11.45,-6.17
RouteID_59343af6-b53b-4425-a868-770e8febf1bf,166,157.81,171.37,-13.56,-8.59
RouteID_5937018f-af06-4dce-81f0-01d34342273c,136,220.32,234.41,-14.09,-6.39
RouteID_59444c75-ae09-4961-9f74-3f547319b7f6,188,193.32,180.12,13.2,6.83
RouteID_595f6e94-1d4d-4e65-8e45-dff69cc156bc,135,179.0,197.09,-18.08,-10.1
RouteID_596ad004-7413-4482-9d13-8ae514af8656,135,274.53,296.98,-22.44,-8.18
RouteID_5970790c-ef7f-455d-8162-740af880f42f,166,224.06,232.0,-7.94,-3.54
RouteID_59897c3f-d218-4a97-837f-f0724885d938,156,230.81,238.78,-7.97,-3.45
RouteID_598c477c-982b-4a5a-bb0b-ea60b1d94f12,130,191.4,202.35,-10.96,-5.73
RouteID_598c75ac-dd3a-4b0c-b091-4d7d3c6406d9,107,100.42,104.98,-4.57,-4.55
RouteID_599f5d4b-9066-41e8-82b5-f3791d13205c,163,200.46,212.72,-12.26,-6.12
RouteID_59a577b4-9b30-48e2-9038-d1da8e695d7e,178,226.6,218.04,8.56,3.78
RouteID_59abfaad-3d5b-46f0-a8b7-6e2889b17235,194,201.29,212.51,-11.22,-5.57
RouteID_59ac8c76-b560-4942-8e30-35b392e49051,188,261.49,271.25,-9.76,-3.73
RouteID_59b809b6-be7a-4e0a-8773-1c03209c0586,181,193.95,217.49,-23.54,-12.14
RouteID_59b8c778-dea5-411c-bfd6-d23d6058d5b7,160,237.37,212.82,24.55,10.34
RouteID_59cdcd1d-0dc4-44c1-a240-567baaa0b725,156,208.1,212.39,-4.29,-2.06
RouteID_59d024af-760e-45ea-a720-903d7ff67109,177,191.01,206.3,-15.29,-8.01
RouteID_59deb78b-6e64-4d40-b58b-a9da3353dbdf,198,256.45,256.98,-0.53,-0.21
RouteID_59dfa148-c89d-4ad4-ac4f-f44d1245bdcb,161,179.44,188.63,-9.2,-5.13
RouteID_59e5d64b-61a0-4207-85a4-f4327561f191,157,198.22,214.12,-15.91,-8.02
RouteID_59e9d4fd-01aa-48aa-a89d-54607042c7ca,156,201.05,222.35,-21.3,-10.59
RouteID_59eaa35d-04d9-48a1-a577-8a857999b75c,168,257.81,257.34,0.47,0.18
RouteID_59f3a83d-63b5-42fe-a18e-9eb145ef1ca1,166,245.08,252.8,-7.72,-3.15
RouteID_5a0bd838-5919-434a-88e5-28995b0b4e20,101,103.94,97.5,6.44,6.2
RouteID_5a1e4624-a5c7-4e5d-af12-293b1feb5d9a,116,162.22,145.35,16.87,10.4
RouteID_5a265b14-1b0f-4b50-a91f-42514e639b0b,102,191.09,210.31,-19.22,-10.06
RouteID_5a496d4d-0bc3-4316-8fa8-f2db72c4fc9f,180,237.9,246.79,-8.89,-3.74
RouteID_5a5702bc-7d7a-447a-9377-8464402e0c2f,189,189.17,198.0,-8.83,-4.67
RouteID_5a571cc7-0a75-423d-be9c-0f7cea4ba743,135,197.23,204.89,-7.66,-3.88
RouteID_5a6c0fb5-81ef-434c-9201-704a8c809221,129,191.77,201.81,-10.04,-5.24
RouteID_5a6f3943-d3c0-4b2e-9717-03a32d8a89be,155,178.79,191.04,-12.25,-6.85
RouteID_5a6f7b82-2bf7-4ace-9898-f4c19d021ba7,165,163.49,170.79,-7.31,-4.47
RouteID_5a774ce5-87f6-4a79-90dc-d89aa39ab18d,84,74.17,73.41,0.76,1.02
RouteID_5a8713f4-ce4d-4684-82ab-063d17123500,150,173.9,177.39,-3.49,-2.01
RouteID_5a8b259d-736c-48c9-bda5-6b207f42c0aa,131,201.22,196.93,4.29,2.13
RouteID_5a9d5e01-5ed9-4862-beb0-9d582ac54f10,186,189.28,174.91,14.36,7.59
RouteID_5ab24a12-62bf-4b91-9b49-3be9c3509b7b,138,243.03,258.18,-15.15,-6.23
RouteID_5ab704be-b4c0-4d78-9935-1f9ed37d1303,169,211.78,228.73,-16.95,-8.0
RouteID_5aba8abc-16d8-4d96-8ab0-db12cc6e1927,188,212.82,222.81,-9.99,-4.69
RouteID_5ac1990e-8811-4228-87bc-0be7abb764ca,97,113.18,111.92,1.26,1.12
RouteID_5ac2f55e-4960-45d2-873e-2f854ee84046,155,145.87,154.05,-8.18,-5.61
RouteID_5ac5589a-a088-456c-9925-f5a7a3d68098,128,236.66,262.12,-25.46,-10.76
RouteID_5ad0aa27-f172-4aa5-a5b6-ce86618ec180,152,169.48,176.0,-6.52,-3.85
RouteID_5ad43b12-e242-4ee5-a25a-08d8b0ed9e04,182,162.45,167.6,-5.14,-3.17
RouteID_5ad95424-9ff6-4612-b802-ce2b9a623c4c,147,181.69,184.65,-2.95,-1.63
RouteID_5adcf2b9-f7e2-4db7-b0e0-ef1231ea1bb6,119,181.37,207.51,-26.14,-14.41
RouteID_5ae28398-6835-417b-87c8-3fd893727bc9,161,164.78,160.81,3.97,2.41
RouteID_5ae55644-a110-4c87-a994-3342132ebfff,131,149.86,164.73,-14.86,-9.92
RouteID_5af5d62a-c0b0-4ff0-bcd9-a18ecee43b1b,117,216.93,225.43,-8.5,-3.92
RouteID_5affaf77-93cc-445f-a822-0df4540069e1,171,187.09,189.45,-2.37,-1.27
RouteID_5affbcef-7a2e-4d5f-a8a2-976115852193,165,178.47,184.47,-6.0,-3.36
RouteID_5b0122f2-b384-4c27-adcc-8d7eb50f347f,156,150.75,161.36,-10.61,-7.04
RouteID_5b0cb784-87d6-4821-8d44-6b1807fae6e6,114,138.6,151.47,-12.88,-9.29
RouteID_5b22064b-3abd-4ad5-b44d-a2a24ee24b2f,178,227.09,244.86,-17.77,-7.83
RouteID_5b253a36-8ef8-4e6a-bd1c-71180596e46f,132,186.61,185.18,1.44,0.77
RouteID_5b2828e3-f862-4a42-80ef-a6e184ee1922,189,264.41,263.12,1.29,0.49
RouteID_5b2be924-0ee8-4fa4-952c-25037ce5169f,159,163.87,181.73,-17.86,-10.9
RouteID_5b339e14-1d21-4607-b4cc-866babb08a62,89,140.35,142.14,-1.79,-1.28
RouteID_5b34950d-64c2-451b-b69d-b4d3cba3a1f5,80,138.46,120.83,17.63,12.73
RouteID_5b4e2125-7a25-47aa-b883-3675022011c5,126,161.44,174.8,-13.36,-8.27
RouteID_5b55afe6-86c9-4508-af9b-3f6522bb1979,184,167.14,171.69,-4.55,-2.72
RouteID_5b5b697c-b685-4b83-869f-51629b4dddd4,149,246.45,260.08,-13.63,-5.53
RouteID_5b6069c5-1b9f-46a6-b1f1-0e4e6dea6a6d,180,250.03,249.18,0.85,0.34
RouteID_5b68580f-14e4-43c5-a125-f2ca7c64fc7d,155,171.51,176.08,-4.57,-2.66
RouteID_5b6fc875-52db-4555-a0fb-bfad00788996,167,194.82,196.4,-1.58,-0.81
RouteID_5b7266a6-79f7-400c-b64b-111ce858665e,98,100.75,95.67,5.08,5.04
RouteID_5b7362fc-e490-49c8-a8cd-8ae3ad99bcd7,167,228.59,242.95,-14.36,-6.28
RouteID_5b7abdc4-876b-4a35-b371-ed7409bec01b,67,80.73,67.15,13.58,16.82
RouteID_5b84c0a1-9594-4afd-8904-375e747ea183,148,224.3,203.34,20.96,9.35
RouteID_5b8f09af-b478-4f36-967a-d031636b1a76,141,158.92,156.47,2.44,1.54
RouteID_5ba1c887-0fd1-4b4c-b7d8-500940287806,147,213.55,217.29,-3.74,-1.75
RouteID_5ba348e0-9879-4023-a755-bd7aea6e9273,132,151.19,160.02,-8.83,-5.84
RouteID_5babc19b-e80a-439a-b1de-d69d23cfd3a9,127,158.33,161.57,-3.24,-2.05
RouteID_5bc6991c-6ee3-44b1-9da7-d26eae44d44e,88,113.97,116.57,-2.6,-2.29
RouteID_5bca5338-407d-43fd-bfea-90db3700d062,155,204.64,211.36,-6.72,-3.28
RouteID_5bd4b035-1ec7-48ec-87a0-ea8f54cafaaf,114,116.4,110.15,6.25,5.37
RouteID_5be5334c-9e09-4a6f-9658-f4821cd4ef88,174,196.89,211.96,-15.07,-7.65
RouteID_5bf303a5-7013-4272-a70c-e0b61e03afeb,150,116.06,124.21,-8.14,-7.02
RouteID_5bf96cc3-6bb3-48cc-8cbf-8697f1424c45,171,191.85,222.17,-30.33,-15.81
RouteID_5c22f6c4-93d9-463a-93d5-d7f4eafb761a,64,76.8,72.29,4.51,5.87
RouteID_5c254029-6aa3-47f9-885b-1fc0d5e19c31,164,181.6,194.54,-12.94,-7.13
RouteID_5c29e832-e56a-4354-a99d-1a8c82488e0a,168,199.67,202.99,-3.33,-1.67
RouteID_5c2f0054-b50b-4fc4-a67a-a6f89bea1055,194,180.26,194.78,-14.53,-8.06
RouteID_5c330b18-81e1-4af7-9a32-67edaa0cab82,151,198.96,203.14,-4.18,-2.1
RouteID_5c3ebb31-030b-4c7a-8b58-8e15c5d46840,197,226.79,235.02,-8.23,-3.63
RouteID_5c3f964a-8453-44d9-8aaf-88781c8ccc44,152,156.55,150.92,5.63,3.59
RouteID_5c41535e-faa9-4225-a030-c0221910e81d,73,103.03,93.14,9.89,9.6
RouteID_5c43005c-f08c-4bbf-ae5b-c018047ea384,126,109.7,112.21,-2.51,-2.29
RouteID_5c4e2af6-7ada-4378-8a9c-a0a2a74a2424,155,157.95,149.98,7.97,5.05
RouteID_5c5167a8-861d-4cfd-a017-41ef613e1cbd,95,137.09,128.41,8.68,6.34
RouteID_5c5ea7c7-5dc3-4797-9d34-7de282df4818,180,177.99,190.08,-12.09,-6.79
RouteID_5c6a5d1d-7592-4583-9501-9b0e3acb4b99,204,238.59,250.52,-11.92,-5.0
RouteID_5c95858c-31d7-4e44-98e5-86c087b04b35,126,182.66,182.23,0.43,0.24
RouteID_5c962c08-90d0-4373-a7da-46e5f47be7d5,162,259.28,296.19,-36.91,-14.24
RouteID_5c999be3-a3fb-4f29-b7d4-9b0a0cd04d4b,143,139.9,146.04,-6.14,-4.39
RouteID_5ca7a11e-1922-498a-9a6b-baa29e4b19d0,108,99.94,96.45,3.48,3.48
RouteID_5caedd77-5956-4331-8139-52ff860213eb,141,211.97,201.49,10.48,4.94
RouteID_5cb66cca-5657-4d1a-930d-0da206555c85,190,180.55,175.62,4.93,2.73
RouteID_5cb6c8cd-271f-40b0-b81b-651d3c245fc4,141,207.24,196.55,10.69,5.16
RouteID_5cba2a9c-426b-4620-a36f-6f1032798ae7,166,184.83,213.84,-29.02,-15.7
RouteID_5cba4c58-7518-4733-865e-53b49aeb53f1,100,115.0,125.74,-10.74,-9.34
RouteID_5cbe4f41-139d-4c82-8109-648bda1b6852,122,176.21,182.49,-6.27,-3.56
RouteID_5cc00f81-1913-4a61-bafe-7a0bcd07215e,137,145.58,154.54,-8.96,-6.15
RouteID_5ccca533-3e49-4990-a41a-f7f66a9e6552,180,207.93,212.62,-4.7,-2.26
RouteID_5cd92188-c7a1-4964-a84d-58bd85596502,143,181.98,202.56,-20.57,-11.31
RouteID_5ce012cc-8240-43fc-9ea5-0217b6e50ace,139,176.67,193.06,-16.38,-9.27
RouteID_5ce60f73-3fe6-4933-a6c9-a92c1513cadc,138,241.08,198.19,42.89,17.79
RouteID_5ce9a389-d2ee-4f81-9dda-274f10134446,179,201.94,212.73,-10.79,-5.34
RouteID_5cf49335-ffe1-445d-93ba-5030e422aa0b,129,134.06,135.09,-1.03,-0.77
RouteID_5cf64cce-c147-4cac-bb66-9b62fadf1347,156,213.37,225.7,-12.33,-5.78
RouteID_5d1438e5-22b9-437e-b625-73f556c51bf4,147,191.14,188.18,2.96,1.55
RouteID_5d180f3b-97d5-4880-860e-27fe70c62aad,159,130.26,140.74,-10.48,-8.04
RouteID_5d3893c7-c410-486c-8f51-42f70942c376,139,208.84,202.7,6.14,2.94
RouteID_5d447a57-f6d6-4877-95c6-849bd9af497f,159,171.43,191.96,-20.54,-11.98
RouteID_5d4d635d-2a1c-49de-a58a-a9cffc89a772,186,282.75,284.09,-1.34,-0.47
RouteID_5d802de2-00e2-4c10-873e-a99c798a4620,181,196.69,205.56,-8.87,-4.51
RouteID_5d821fa9-05fd-431f-8584-5c9750556ad9,172,253.09,294.39,-41.3,-16.32
RouteID_5dba9b23-f96d-43e7-8299-faf9036ba619,138,166.44,176.69,-10.25,-6.16
RouteID_5dbc7adb-0f8b-45ec-a2eb-74970110c7bf,192,264.64,260.15,4.48,1.69
RouteID_5dc82460-5122-4587-9956-1736a5d1dddf,114,240.29,273.97,-33.68,-14.02
RouteID_5dddc50b-a79c-47e9-9688-ac24b97bf029,147,206.02,220.46,-14.45,-7.01
RouteID_5dde0300-f65c-4cce-b3c6-ad6408eed8a7,136,177.31,174.0,3.31,1.87
RouteID_5dec99eb-d5f0-4ee5-846f-42f23b02cb5c,193,189.27,199.04,-9.77,-5.16
RouteID_5def297f-94e6-47a6-89e3-52a6ea3bb7b3,149,176.06,193.3,-17.24,-9.79
RouteID_5e131b7e-518c-4c50-8243-c6c02c5fdc1f,190,184.32,210.9,-26.57,-14.42
RouteID_5e17aaec-fe56-4c4c-b3d3-8483f6210957,139,132.31,132.89,-0.59,-0.44
RouteID_5e432a71-f915-41ea-ac1c-2061c1442c09,162,191.39,178.96,12.44,6.5
RouteID_5e48e4f8-679f-4d50-84b7-0f1ac8849fe3,181,169.6,193.79,-24.19,-14.26
RouteID_5e49b882-00f1-40c8-8669-2b6ef5317a97,164,231.54,245.56,-14.02,-6.05
RouteID_5e513a64-9782-4169-af1a-d3177dec2788,117,120.22,111.64,8.58,7.13
RouteID_5e536da9-215b-45fd-8988-b069ca0c0e6b,183,219.41,241.42,-22.0,-10.03
RouteID_5e5a3282-58f3-475f-9311-050126bba442,174,228.34,229.87,-1.52,-0.67
RouteID_5e6a93dd-b0a0-41d3-bbd7-87ba276b958f,141,172.89,187.29,-14.41,-8.33
RouteID_5e751dbd-687c-4ac3-81ae-51a441ff633b,125,149.88,148.15,1.73,1.15
RouteID_5e8013c7-7778-467e-88c6-e78dce2b7c76,154,234.99,253.44,-18.45,-7.85
RouteID_5e811567-2598-4442-bd75-f165d7964d13,161,200.97,213.59,-12.62,-6.28
RouteID_5ea8d2e8-2611-45da-a810-f9b9719c5056,186,176.79,186.07,-9.28,-5.25
RouteID_5eabfb60-8bfd-4679-bb19-ed15110cd4fb,165,204.12,204.06,0.06,0.03
RouteID_5eccbcab-30b7-4a2f-a712-001c91327508,155,193.23,186.33,6.9,3.57
RouteID_5ecd4e6b-b45a-494b-983a-279c037f9599,122,200.85,219.48,-18.63,-9.28
RouteID_5ee4cdd5-6c29-4306-a6cd-8943bde87002,169,199.67,210.54,-10.87,-5.45
RouteID_5ee528fb-5046-4f84-9d0a-f7cc827c87fa,175,169.11,171.72,-2.61,-1.54
RouteID_5ee61285-7898-4109-b38a-1dfb2b6498cf,150,256.1,257.95,-1.85,-0.72
RouteID_5ee7cf65-37c6-4454-822b-74c0de6e2fb0,172,233.11,250.17,-17.06,-7.32
RouteID_5f0ec4fa-956d-4ec5-8c96-cdfad7e4cf3c,159,165.86,179.56,-13.7,-8.26
RouteID_5f261852-f5ad-4c8b-8e66-f9253cf851fc,109,116.17,116.51,-0.34,-0.29
RouteID_5f318faa-c9d2-4e60-b065-03271f33b21a,149,208.06,214.94,-6.87,-3.3
RouteID_5f33ca96-22df-479a-a48b-6935b7349b88,136,142.42,150.46,-8.04,-5.65
RouteID_5f404f3e-ea91-4b2c-8ebd-0041b5ecdbd3,170,205.1,210.48,-5.38,-2.62
RouteID_5f4afb8b-80f1-4e6d-9fa5-faabcdff63fd,145,239.82,247.37,-7.55,-3.15
RouteID_5f5de232-3d54-411a-95cf-004f691dc9bc,175,187.21,207.43,-20.22,-10.8
RouteID_5f5e1105-a11b-4071-8942-f16fa2e23c6b,170,149.31,150.8,-1.49,-1.0
RouteID_5f615d57-e1f8-450a-8710-64a78fb355a2,140,203.72,207.34,-3.62,-1.78
RouteID_5f7493c4-2adb-4f07-9174-a4652af2c4de,149,161.43,163.16,-1.72,-1.07
RouteID_5f7e5456-07fb-4f94-8217-a61be1e834f7,116,155.04,157.68,-2.65,-1.71
RouteID_5f7f8109-28b2-4f47-a4b6-c616d6e996e5,153,137.46,140.05,-2.58,-1.88
RouteID_5f8d9c67-df02-453d-93d2-429a2c21a2c1,119,186.87,178.6,8.27,4.43
RouteID_5f967c6f-6a37-4eec-b521-0daa809499cb,192,170.62,184.64,-14.02,-8.22
RouteID_5f99a51b-9fc2-4506-804a-893e1af47584,63,59.68,58.82,0.86,1.43
RouteID_5f9e2b55-0d2d-4604-9914-2f7ee9ce4d93,151,150.3,150.63,-0.33,-0.22
RouteID_5fad5698-4e40-40df-9fc6-5fcb73521211,161,196.3,188.52,7.78,3.96
RouteID_5faed8d6-c57a-42cf-8078-596ab61031e7,138,166.83,166.1,0.73,0.44
RouteID_5fb1552b-bc5c-46f1-b91e-4c9399c72b72,130,115.03,108.58,6.45,5.61
RouteID_5fc3ef05-deac-4641-870d-4e4a6ec521f0,157,217.46,207.11,10.34,4.76
RouteID_5fcdc39b-7b7f-4802-acbb-f1fcbfd5fc34,138,119.71,120.09,-0.38,-0.32
RouteID_5ff14aee-7eb1-4abd-9bb1-0ff84638405d,169,186.44,225.45,-39.01,-20.92
RouteID_5ff865d3-ccd5-4764-ace6-cbc794511d89,135,185.41,198.99,-13.58,-7.33
RouteID_600dca32-cfe6-4e8d-8ab2-43d20dcc7d80,168,182.78,190.53,-7.75,-4.24
RouteID_60116b35-0716-4377-9d93-b75f44ac2dcc,132,183.79,195.62,-11.83,-6.44
RouteID_6017f7e8-369e-44e5-bd52-7e71e2aeb570,172,171.92,193.06,-21.13,-12.29
RouteID_60213f3a-0b5f-46f2-b15d-7877cd7b263d,164,175.08,176.69,-1.61,-0.92
RouteID_603c0c32-083f-46c6-8fb1-6912811af9d0,158,223.62,245.17,-21.55,-9.64
RouteID_603e83cc-2971-47a7-8595-ad2b14c394b4,118,180.55,204.7,-24.15,-13.38
RouteID_604e5490-62ef-4ed7-ac32-615177caeccd,145,154.1,151.97,2.13,1.38
RouteID_60562b8b-adbb-484b-bda8-e3c701c8d760,109,125.61,129.79,-4.18,-3.33
RouteID_605c8c3f-1bb5-413a-9e7a-2ffdb459a223,157,220.96,214.96,6.0,2.71
RouteID_606217f3-b754-4b7b-94be-579fe5f06475,182,259.75,294.61,-34.86,-13.42
RouteID_6068ae7b-2422-4571-8ac4-494402222339,141,122.66,128.2,-5.55,-4.52
RouteID_606b779e-f2bf-41ee-8bb2-bbf0850aef90,125,164.01,146.99,17.02,10.38
RouteID_60702e3c-0c3d-45db-9525-c6e01932c005,130,203.09,202.01,1.08,0.53
RouteID_6072d011-b3c4-48e5-8a92-b0d9466cb5e0,161,200.89,206.89,-6.0,-2.99
RouteID_6077d00f-3b0c-4ba9-827f-fd279d2994ea,127,140.93,144.12,-3.19,-2.26
RouteID_6085f1ab-0d07-47c2-b5fe-d69df586113e,143,202.1,205.53,-3.43,-1.7
RouteID_608e02d5-5ecd-45ee-99b0-274dfaecef7f,123,125.08,121.61,3.46,2.77
RouteID_60906205-46ea-4848-b99f-899b475c89e0,148,175.03,168.7,6.33,3.61
RouteID_609e9875-c67f-4255-804b-0de3659d729b,133,209.16,211.72,-2.57,-1.23
RouteID_60a74c91-68f5-4034-9792-c87329f1c5a5,159,187.63,208.84,-21.21,-11.31
RouteID_60a8e1b4-21a4-4dac-831b-8648ec597412,109,211.99,221.29,-9.3,-4.39
RouteID_60b176ea-694a-4ba1-b598-06c253f01e0c,209,228.02,247.16,-19.14,-8.39
RouteID_60b304da-3402-4791-b06b-3b52321199da,183,222.59,242.89,-20.3,-9.12
RouteID_60c70dbe-e28b-4c27-a4da-737ee54dd62e,195,222.28,239.04,-16.76,-7.54
RouteID_60dc2b72-fb7d-4167-8f4d-1d6c5a699af4,190,227.04,244.03,-17.0,-7.49
RouteID_60dfcbc6-212b-43d8-86f2-a1aeb3cb5224,98,104.22,114.52,-10.29,-9.87
RouteID_60e00623-a3c7-4db9-9b5b-7e674099568f,161,182.82,190.92,-8.1,-4.43
RouteID_60e8facb-695f-4339-ad68-1abe869ff10a,142,212.85,211.52,1.33,0.62
RouteID_60f08fdc-8dce-4211-a00d-db145f29ce49,153,139.05,139.38,-0.33,-0.23
RouteID_61005305-96d1-4b7e-a4a8-322c03924993,120,157.69,153.62,4.07,2.58
RouteID_61045937-ddc9-4d0c-928a-9dd8fa22643e,173,196.23,203.54,-7.3,-3.72
RouteID_610c9755-db00-4dd3-b12b-8dd855b5d60b,122,133.51,135.32,-1.81,-1.35
RouteID_611a0158-4acc-4964-be32-0581f0e7c92a,158,243.55,253.88,-10.33,-4.24
RouteID_611c2404-dac5-4b21-83a4-c49bb43f0ee0,171,203.54,207.77,-4.23,-2.08
RouteID_612058d3-5465-49e4-b0c5-0493523b3358,81,104.03,85.22,18.81,18.08
RouteID_613148fd-77b8-4388-b27e-d8c81fee04d7,153,177.83,198.58,-20.75,-11.67
RouteID_613c9460-5629-4d2c-9f07-f67bf2f423b7,165,187.5,204.75,-17.24,-9.2
RouteID_613ec5c0-bbca-4920-b78b-c5cdffdba499,154,202.27,208.21,-5.94,-2.94
RouteID_6143151b-b301-44c5-afd9-a58db95eb41a,128,182.03,187.13,-5.1,-2.8
RouteID_614f11dc-46cf-4c52-821d-5b65f480a87b,186,153.01,154.95,-1.94,-1.27
RouteID_6151ed34-9a5b-401e-9317-305862a35a23,150,187.25,176.22,11.03,5.89
RouteID_61612c45-4ab6-4ad7-af11-a9ad4ded4765,95,135.72,130.01,5.71,4.21
RouteID_6166339b-5cb1-494a-be05-5987684dc61e,189,196.83,227.75,-30.92,-15.71
RouteID_616ec5e2-af19-4906-89f6-b949955d42f8,181,238.45,226.26,12.2,5.11
RouteID_6170d139-b870-424e-9b66-c64608b12925,194,183.42,205.25,-21.84,-11.91
RouteID_61776177-188b-48f5-b1cc-a1c2e324f2eb,149,229.02,256.68,-27.66,-12.08
RouteID_6180bb45-0c26-462b-a3a2-fe35c85840dc,150,177.41,181.76,-4.35,-2.45
RouteID_61843a20-200b-4586-b9de-e620269fbc6e,140,195.3,191.11,4.19,2.14
RouteID_6189a279-1ff6-4b08-93c3-abc0a756142f,162,209.29,212.7,-3.41,-1.63
RouteID_619e93e8-a889-41c1-86ae-d74142fcb685,162,113.71,105.63,8.08,7.11
RouteID_61a1ed8a-ec8a-499d-affd-02c3c351d779,108,97.76,91.72,6.04,6.18
RouteID_61c0fe82-17c4-4fff-bd1a-0e59d876583d,129,186.81,201.12,-14.31,-7.66
RouteID_61c69aa1-6a4d-4f1a-99f0-ccb407592c03,132,208.13,203.1,5.03,2.42
RouteID_61d0e045-d323-417f-864c-22fc1150dfe3,129,118.13,122.5,-4.37,-3.7
RouteID_61e31080-389f-4885-b6b5-dfa139305d54,140,211.05,195.38,15.67,7.43
RouteID_61fd9321-e708-4506-aa99-05b723eb426d,168,176.76,183.01,-6.25,-3.54
RouteID_61fdb9ca-b75f-4d86-8cca-ad11066e520b,178,174.72,176.34,-1.62,-0.93
RouteID_623109ad-3da5-4e0e-acc8-b8defb63e463,170,163.63,163.51,0.12,0.07
RouteID_62351624-6da4-4e8b-9525-0a89668c2827,139,212.07,223.21,-11.14,-5.25
RouteID_623caa2c-d3a2-4b50-9f0c-6aa46a59c608,164,199.83,208.24,-8.41,-4.21
RouteID_623dc562-7620-437a-a011-2d6ae75997c4,152,174.07,187.09,-13.02,-7.48
RouteID_624b3eab-df72-4431-85d3-74f7aa5cf5e8,159,200.48,210.35,-9.87,-4.92
RouteID_6250ba47-dd0f-4247-a507-df15bdf41fba,174,186.62,184.22,2.4,1.29
RouteID_62586f93-e9da-498e-a983-2cad560788a1,95,87.11,85.43,1.68,1.93
RouteID_625d20d4-3c8f-4aef-b344-0329b1808b58,121,140.51,139.03,1.48,1.05
RouteID_62617fcb-0ed5-444a-aaff-ffba75f83e5f,149,182.64,198.21,-15.57,-8.52
RouteID_626ced03-23e8-4d61-8e84-9b53a90de69b,108,132.23,119.83,12.4,9.38
RouteID_6279c544-812a-41ce-bca6-18533ec9fd21,123,136.57,137.17,-0.6,-0.44
RouteID_62862572-a72b-430a-be50-b7e7c125d730,149,211.75,215.26,-3.51,-1.66
RouteID_6286d607-c2f1-4547-87a9-0d813f946f42,127,167.59,167.23,0.36,0.21
RouteID_6289f1d5-acae-4b3d-a816-302b6b08b835,137,126.48,144.25,-17.77,-14.05
RouteID_62911aa7-8a7b-4485-98c3-8d2866b5f70a,135,155.75,166.64,-10.88,-6.99
RouteID_62955f5e-57a2-4425-bfe6-6989d8dae565,136,173.01,181.65,-8.64,-4.99
RouteID_629662ac-688c-46e6-a678-82c5198677c4,96,142.0,131.28,10.72,7.55
RouteID_62a791cf-bd6d-4bc0-aea0-68b28f0d4cde,194,203.9,208.26,-4.35,-2.13
RouteID_62a86425-87e7-4d8e-9111-0998b1b6614b,134,155.85,163.71,-7.86,-5.04
RouteID_62af093a-8635-4387-ac46-74207d7401d8,153,235.11,249.68,-14.57,-6.2
RouteID_62b58454-1885-49b5-b70a-2108768f7969,153,124.73,122.55,2.18,1.75
RouteID_62be4946-fa18-4560-b0e1-a9eb1ba6c294,208,233.88,246.49,-12.61,-5.39
RouteID_62c365e7-19c8-4cf7-901a-09f8ad23f293,135,161.53,179.01,-17.47,-10.81
RouteID_62c8b9eb-ae40-45ce-86bd-e19cc459b3db,142,214.05,202.74,11.31,5.28
RouteID_62e0eb6f-ab70-47aa-80bf-488660609545,149,186.1,198.42,-12.32,-6.62
RouteID_62e16389-9dc4-46f2-80f7-f35a0295bd46,139,205.72,211.8,-6.08,-2.95
RouteID_62e7a4d1-76e0-45af-a87e-55dfaf5898ef,133,211.15,213.73,-2.58,-1.22
RouteID_62fe4dc5-985a-4549-8daf-61f793a5a977,167,158.46,168.07,-9.61,-6.06
RouteID_63082340-9355-4199-8701-836748c0918f,172,173.47,182.09,-8.61,-4.97
RouteID_630cc5d8-7ea7-4124-8d54-94b92684acab,164,193.34,195.27,-1.93,-1.0
RouteID_631b51e3-0491-4649-951a-388ccecce8a5,179,183.36,199.74,-16.39,-8.94
RouteID_631fe619-21ff-4765-83e8-72591af418c7,165,211.08,218.48,-7.4,-3.51
RouteID_632016d6-8c03-4763-83f1-88a844b90435,177,179.55,207.66,-28.11,-15.65
RouteID_6322fde9-ae70-4935-b8bb-80583214ae69,188,221.09,263.44,-42.35,-19.16
RouteID_6324649c-bc02-4259-8382-706b081fe71c,117,117.16,113.05,4.11,3.51
RouteID_632b4060-1b32-4b22-992f-37c6ecfb64e6,107,107.84,109.0,-1.15,-1.07
RouteID_633673ab-92da-4233-ad75-b5a4ed3228b6,139,188.3,200.15,-11.85,-6.29
RouteID_634b5256-0a60-4533-90aa-3c918c02d7d2,129,172.3,180.14,-7.83,-4.55
RouteID_63642a5f-f946-4dbc-8bc8-15bef17921b1,159,200.38,193.4,6.99,3.49
RouteID_6365c696-1805-4140-ab13-960962175726,153,178.48,197.55,-19.07,-10.68
RouteID_63741244-de6c-47d7-a784-7ef025ed35d1,111,87.56,84.76,2.81,3.2
RouteID_639c9d7e-52d4-4d01-bb56-f0b3bd81310d,175,149.1,154.0,-4.9,-3.28
RouteID_63a2c6a7-2ff5-4271-8f09-c8fa383523c7,132,187.02,191.69,-4.67,-2.5
RouteID_63aba43a-1712-46a9-97e5-b26e3cb893e1,127,161.31,166.26,-4.95,-3.07
RouteID_63ae8576-b045-470b-b682-00779247555c,178,184.14,189.57,-5.43,-2.95
RouteID_63b0a1c5-6899-415d-bf11-ccd52f05b17a,151,167.6,173.75,-6.15,-3.67
RouteID_63b75725-2cb9-4c2e-93fa-8ecce33e9db1,140,170.8,191.83,-21.03,-12.31
RouteID_63c45e40-6c7f-4383-8044-9a19eff9e524,175,283.01,313.98,-30.97,-10.94
RouteID_63dc3f55-bd53-4063-a444-dbc621cc02f0,88,91.85,79.8,12.04,13.11
RouteID_63e310c6-b523-41c0-a242-96de6573f711,125,166.47,149.07,17.4,10.45
RouteID_63e5cdf2-a38b-4a65-bc7c-885dc68806b5,137,202.04,222.43,-20.39,-10.09
RouteID_63f77d68-4ed0-4522-b6b6-e70b1d462285,153,154.38,154.75,-0.37,-0.24
RouteID_641ff4fc-32da-4dc0-a599-2cfb31a8ad1a,175,209.29,204.16,5.13,2.45
RouteID_6439336d-d619-42f4-bcf3-887dcf63449b,188,228.43,240.75,-12.32,-5.39
RouteID_64440098-50b1-4c76-bd8e-c2461e313518,101,124.21,117.33,6.88,5.54
RouteID_6450098a-c98f-49d2-99de-6fe1166dfa52,163,199.32,214.74,-15.42,-7.73
RouteID_646212aa-2d94-4b20-a3e9-41db73873a73,146,174.93,195.34,-20.41,-11.67
RouteID_646519c0-65f0-4026-9462-803f10a307ab,97,84.57,71.17,13.4,15.84
RouteID_6467d727-5eb9-40ef-bb0b-5275641f2abe,112,109.39,99.4,9.99,9.13
RouteID_646aa8a7-499b-4b82-a91c-1bd25e11110c,154,181.03,196.06,-15.03,-8.3
RouteID_6483e9d1-846d-4b78-a904-88752be16537,171,191.71,209.77,-18.06,-9.42
RouteID_6499013e-ff35-4428-a95f-709b0b164814,130,187.13,201.17,-14.05,-7.51
RouteID_64a9be29-2885-4587-b3a5-fbef8e1d72a3,99,97.15,103.06,-5.92,-6.09
RouteID_64cb7ba5-342d-46db-9e04-962248c6f667,33,61.01,57.11,3.91,6.4
RouteID_64cebba9-7c42-4e18-96d5-98dc847f736a,147,167.02,175.79,-8.76,-5.25
RouteID_64e3d4f0-decb-42c7-b01d-702703dc2e6a,59,64.46,56.48,7.98,12.38
RouteID_64e4fb54-05a4-4d8e-b36b-a27494a2c619,125,137.83,137.21,0.63,0.45
RouteID_64fa4abf-e4ef-440f-b535-25e59f83358a,163,180.21,190.48,-10.27,-5.7
RouteID_650b1a28-9f2d-447f-a1ab-10cc10e8bbe8,102,106.37,95.04,11.34,10.66
RouteID_65121e63-6982-488c-8b17-d259bc6d5d9a,192,216.65,230.2,-13.55,-6.25
RouteID_65186a23-6846-40b5-93ef-efa494b67c75,166,157.66,153.15,4.51,2.86
RouteID_65400539-0868-4bf2-bcb4-acf19f270ce7,94,134.76,138.26,-3.5,-2.6
RouteID_654720c5-4de5-488d-8d16-70c7f6df2a7a,175,204.38,216.32,-11.95,-5.85
RouteID_655348b1-861c-476d-9816-611f68b6bf33,137,162.11,160.4,1.72,1.06
RouteID_65536dd0-c9d5-430e-beaa-4011f59686d3,190,188.61,197.34,-8.73,-4.63
RouteID_656eb5a6-511e-4835-a0d0-6fb2b9bcc72c,136,152.75,170.26,-17.5,-11.46
RouteID_657b0dfd-ec9a-4a27-bf92-4e234a4b53d1,159,206.09,189.99,16.11,7.81
RouteID_657d89cb-ff99-4fb8-92b1-c7eba122c3f3,169,181.24,201.3,-20.06,-11.07
RouteID_659348ac-0b6f-4438-8e55-efebeb3e8cf6,184,148.94,172.77,-23.83,-16.0
RouteID_65950c5f-ee82-40c0-a0db-d0b6060274a8,112,137.37,144.65,-7.28,-5.3
RouteID_65a336ab-f388-4cdb-9d5a-23bbd388553e,110,170.64,186.12,-15.48,-9.07
RouteID_65afce43-9ef2-47e2-8875-5d94d01d2a10,160,231.7,271.6,-39.9,-17.22
RouteID_65b5077f-7df3-4bd9-bc12-cbdc955a649c,125,146.87,153.82,-6.95,-4.73
RouteID_65bac361-24ba-4458-aa9c-2c00ab0ffef3,68,95.46,79.51,15.95,16.71
RouteID_65bf725d-9a2f-4af4-9cba-f063dedbcb5c,170,178.44,191.35,-12.9,-7.23
RouteID_65d5754f-be3d-44f1-b7bb-4a3ff6475885,133,233.3,241.93,-8.63,-3.7
RouteID_65e09b77-4be6-439b-ab45-53009bda41cb,120,139.46,131.12,8.34,5.98
RouteID_65e3b2f8-b0aa-4af6-ba16-cf64b283859f,159,166.74,173.04,-6.3,-3.78
RouteID_65e3d6f6-9873-49c9-8c1d-6b3c3e7e0be0,118,137.72,144.74,-7.02,-5.1
RouteID_65e53a29-3e94-44a7-8072-f6cd1c4b2af1,139,167.58,164.47,3.11,1.86
RouteID_65f1cd8f-daf9-4d28-a2f3-954c7c12c759,163,186.46,190.9,-4.43,-2.38
RouteID_65ffc50d-0057-4ffd-b090-90a3034d1aa0,163,198.48,225.38,-26.9,-13.55
RouteID_660368e2-3066-4b7e-836f-ed1d934ee3e0,161,206.76,212.6,-5.85,-2.83
RouteID_6613e5c5-ec2e-473b-99f4-211157876571,126,185.02,188.75,-3.73,-2.02
RouteID_66180473-1535-4cb3-a894-445075528aaa,155,200.06,225.31,-25.25,-12.62
RouteID_661d6aa9-06a2-47c1-87bc-6b69104dc77a,209,247.79,260.92,-13.13,-5.3
RouteID_661eb935-f4d3-49bf-9718-deb80e95affa,148,166.45,165.45,1.0,0.6
RouteID_6621c579-408a-4443-9443-ea7be787c908,158,214.55,219.91,-5.36,-2.5
RouteID_6626f3dd-d391-4fa7-8313-687ac7b86524,180,210.56,212.3,-1.74,-0.83
RouteID_6656a281-934b-4d60-8958-ed3886564c12,93,113.48,112.55,0.94,0.83
RouteID_665e04d0-861d-407f-b510-650d6b80b241,96,136.91,121.39,15.52,11.34
RouteID_665ffac7-069e-4f5b-9a33-6f6a2e6c2c1b,156,167.02,167.17,-0.16,-0.09
RouteID_66631c43-a475-4c8d-a038-0a3401ab6a14,126,113.15,112.42,0.73,0.64
RouteID_66826990-270e-4c0c-bbb6-d35cf21e8ec3,190,198.18,198.43,-0.25,-0.12
RouteID_668be283-2e93-488e-9184-94c144c4a6fb,166,199.68,209.66,-9.98,-5.0
RouteID_668dd483-512e-4436-bd5b-867e552b4785,184,230.17,268.07,-37.9,-16.47
RouteID_66948913-e797-48bb-8126-8181edb1c368,178,203.83,195.8,8.04,3.94
RouteID_66b5e2bd-c1d9-47d2-beee-ba32a5efc125,207,224.04,237.68,-13.64,-6.09
RouteID_66bb397a-ddb9-47cf-a641-099c0aeff0d1,104,89.55,77.69,11.86,13.24
RouteID_66c0719a-932b-41de-9ee7-73f4b6798521,190,187.44,196.63,-9.2,-4.91
RouteID_66c0b57e-d9c3-4417-9f75-bd309e9a491f,155,223.07,242.68,-19.61,-8.79
RouteID_66c9e7f2-23cc-4e8a-a6e1-4b2d75b6385a,169,181.72,191.8,-10.08,-5.55
RouteID_66d4dd35-07cb-4869-bd79-650bca6ef1f7,165,169.26,180.72,-11.46,-6.77
RouteID_66df5461-03d8-4634-9ae2-30dca7692b21,143,194.74,192.72,2.02,1.04
RouteID_66dfeba8-71d7-4f4a-9f9d-9397e46b3029,162,244.96,247.08,-2.12,-0.86
RouteID_66e8f2b9-bfeb-4328-8c5a-26f62e7ae51b,135,178.93,173.37,5.55,3.1
RouteID_670ce767-c3d3-46d2-971c-14b208d9d680,148,178.22,188.19,-9.97,-5.59
RouteID_67188405-b57c-4d2b-aa0a-40d860c34e72,200,183.43,199.83,-16.4,-8.94
RouteID_671eb5e0-fc61-42a7-a530-24d4c4e771ab,170,188.7,187.28,1.42,0.75
RouteID_672a6034-59eb-4f8e-a819-b7444b4ed66d,136,158.65,157.35,1.31,0.82
RouteID_673568ec-249b-434a-9826-1ad7aa20964f,111,133.25,133.29,-0.05,-0.04
RouteID_67438082-4a7e-4e28-b4ac-3a4ac7e4d16b,118,171.44,165.71,5.73,3.34
RouteID_67585629-0817-4229-b626-6515ad26df04,71,65.07,61.58,3.5,5.37
RouteID_67631229-cf48-44ea-8605-25e28e7ebf75,177,238.05,246.89,-8.84,-3.71
RouteID_6766813c-0c78-4cca-b196-d828aae5c20d,65,113.37,107.95,5.42,4.78
RouteID_6777b545-6169-4a1c-9187-0df4ba58534f,129,176.94,189.1,-12.16,-6.87
RouteID_67869971-c56f-4149-86cc-36f2e943ab89,149,212.51,206.73,5.79,2.72
RouteID_679369bd-44cd-440a-a962-e7400d52e21b,175,192.47,202.83,-10.36,-5.38
RouteID_679e5d67-ea5f-44db-911f-03e5568d32ca,165,222.72,224.52,-1.81,-0.81
RouteID_67a2762a-f3a2-483f-a6ae-272517ec63b0,163,207.72,210.09,-2.37,-1.14
RouteID_67a8f48a-12e8-49e2-bac5-543f30c0eb7e,161,152.97,162.79,-9.82,-6.42
RouteID_67adaf89-4b4b-4a7f-8852-bded944138b6,173,135.53,136.94,-1.41,-1.04
RouteID_67c3614a-6bed-447c-9486-f10384e27bfa,178,184.43,194.06,-9.63,-5.22
RouteID_67ceb20e-8309-4f13-b7b7-7b4f3e93fef9,163,198.64,208.77,-10.13,-5.1
RouteID_67da99e8-4bf6-4045-b5f7-816780a0099f,124,97.21,92.6,4.62,4.75
RouteID_67db6de9-7f52-4f32-9a4f-5f6a911a37de,95,122.79,114.89,7.9,6.44
RouteID_67f386ed-c27b-4db0-99f0-296c97e453a5,176,213.34,227.23,-13.89,-6.51
RouteID_67fbe551-9b38-4850-b50e-0476ed14a2b2,143,147.68,153.61,-5.93,-4.02
RouteID_68099150-69d5-4b84-aaeb-b07a9e2749ca,114,131.58,115.34,16.24,12.34
RouteID_680c2278-5a83-4111-bee8-decc9841adce,181,211.19,217.16,-5.96,-2.82
RouteID_680d0ea5-ced0-4beb-9700-39ef3fb02929,136,191.46,192.25,-0.79,-0.42
RouteID_6816cc26-88ab-419f-96d7-9569a10d2345,155,201.84,231.52,-29.68,-14.7
RouteID_6818b10c-8ead-42ce-8ee6-3e1ab7e307f6,90,110.64,112.45,-1.8,-1.63
RouteID_682281a1-9dc0-4d14-8e67-1c9343f5ae8e,170,181.55,201.13,-19.57,-10.78
RouteID_6825f868-bd13-44ca-8437-8022ea6b7fb4,56,63.4,54.1,9.3,14.67
RouteID_683f9027-aa76-4acc-bb6a-0c006d3d4e0f,116,105.55,102.78,2.78,2.63
RouteID_685d8874-3d43-44d6-916b-e4609357ecef,122,119.35,114.54,4.82,4.04
RouteID_68607cb0-10eb-40b2-b318-c71a381308fe,177,281.01,286.1,-5.1,-1.81
RouteID_686fb09f-ef59-4de1-89d6-4a5be4556f11,152,162.81,159.15,3.66,2.25
RouteID_68725bc8-152e-468f-9301-49eeb0fb845f,140,165.19,178.79,-13.6,-8.23
RouteID_687cf927-944b-41e1-a6f9-db7c28a03e77,165,215.71,214.1,1.62,0.75
RouteID_68a10d5b-cee8-4b55-9dab-18492bf8e95f,88,76.1,73.99,2.11,2.77
RouteID_68a53d7d-c755-40d1-9fe4-16049fd35c62,197,247.6,265.52,-17.92,-7.24
RouteID_68af3c44-db51-4e0b-82fb-06a5805f3cbc,129,192.5,189.85,2.65,1.38
RouteID_68b23bfa-0af2-4735-ba46-3293f0b5e5d3,124,161.97,181.1,-19.14,-11.82
RouteID_68b265c4-f39b-497b-bcb7-1d206ad1bb0d,191,209.66,204.7,4.96,2.36
RouteID_68c2ed3b-c2a0-4cb2-a875-ea518f2bb784,117,191.13,205.59,-14.47,-7.57
RouteID_68ca27a6-7523-42af-91da-4a9376520b7d,93,122.8,115.9,6.89,5.61
RouteID_68cec835-c697-41c1-91b9-a080cff5debf,125,97.87,94.78,3.1,3.16
RouteID_68d78955-70c8-4dfd-9e00-a928a4341673,103,89.21,81.3,7.91,8.87
RouteID_68dd81c5-08cb-4b5a-8242-39168c7f08be,120,140.3,134.22,6.08,4.33
RouteID_68e55cc3-61b1-478b-b7a0-13b5ee216d14,196,237.67,244.04,-6.36,-2.68
RouteID_68ed90ff-0d3a-483f-9ac7-748340ff0f53,169,205.36,203.16,2.2,1.07
RouteID_68ef1565-1813-4de8-aaa6-31e474807b0b,130,165.04,173.81,-8.76,-5.31
RouteID_68f23e25-b821-4894-b4ed-6b94507c6f33,150,223.44,233.38,-9.94,-4.45
RouteID_68f42766-f00a-49a3-bd0e-0beaf64f3e5c,171,237.09,242.39,-5.31,-2.24
RouteID_68febd8c-6800-4311-9792-bead607477c2,151,183.16,186.21,-3.06,-1.67
RouteID_6901d04d-dc8b-4a16-91fe-69cfdf647e88,120,264.0,272.02,-8.03,-3.04
RouteID_69233ee9-1ac4-4d89-b322-94fb13df54a3,138,165.52,182.1,-16.58,-10.02
RouteID_693060a6-88bb-4324-9e9c-925d5240263c,168,194.24,197.4,-3.16,-1.63
RouteID_69312f7c-f948-446a-b92d-2e83fec26395,193,202.49,205.89,-3.4,-1.68
RouteID_693365f8-7f8f-4b9f-82de-41ac6fcc4f81,150,159.29,161.71,-2.42,-1.52
RouteID_6935632e-4d10-4896-8a92-f5de8cea63df,168,188.78,198.39,-9.6,-5.09
RouteID_69371147-15a1-4e25-87bc-12be04447909,127,157.61,167.88,-10.27,-6.52
RouteID_69458eb9-a627-4b42-b269-c7b63f2204c5,132,159.31,167.99,-8.68,-5.45
RouteID_694eaff2-fdf7-41f4-b321-02d6914e8ef6,163,136.58,138.77,-2.19,-1.6
RouteID_6972f073-2dbc-4447-905d-56b23b3e08a5,131,111.77,102.82,8.95,8.0
RouteID_697a665a-e381-4865-b20e-26aff64c7ba9,191,199.02,207.32,-8.3,-4.17
RouteID_698161d4-50bb-4b9c-916f-9859a2ef3235,161,200.97,196.38,4.58,2.28
RouteID_6981c236-f07d-4813-96d8-64982d5dcfd8,169,178.18,187.51,-9.33,-5.24
RouteID_6989e0b7-a9af-4d3d-ad0d-f67e73420982,159,198.6,201.81,-3.22,-1.62
RouteID_698d4944-3164-41c6-bad8-f9d5ece358cc,178,225.27,226.84,-1.57,-0.7
RouteID_69adf937-8457-4116-83e4-74c1a223f59a,174,194.42,213.49,-19.07,-9.81
RouteID_69b7e365-b21e-41e6-a42a-8558cb148542,153,183.34,121.82,61.53,33.56
RouteID_69c7947c-7e94-4fdb-bca5-8ba017f4fb69,123,168.59,169.76,-1.17,-0.69
RouteID_69dad619-561f-4ba4-8b34-4dec2f7d8ce0,152,198.15,188.34,9.81,4.95
RouteID_6a109849-1503-4d1d-9c19-1178be36e33f,160,193.68,205.41,-11.72,-6.05
RouteID_6a1bc14c-dec6-4771-beb0-71d5952ff8ae,182,191.44,198.89,-7.46,-3.9
RouteID_6a22aca7-1631-4be6-9577-50e3ce2b0dce,126,135.33,127.34,7.99,5.91
RouteID_6a243030-f4e1-40fd-b32a-2f414268318f,183,208.46,224.07,-15.62,-7.49
RouteID_6a2472db-bfda-4584-aa78-9522964d94b9,180,153.75,144.49,9.27,6.03
RouteID_6a374555-42e8-4218-b5a5-f9abecf1caf5,160,158.34,170.9,-12.56,-7.93
RouteID_6a402b63-7a94-495b-81f1-4c626a649a50,169,228.46,246.27,-17.81,-7.79
RouteID_6a4796d6-8bf6-4768-95e1-98531a41b133,162,176.99,171.96,5.04,2.85
RouteID_6a59472a-e70b-4f8d-aed6-a93840a27cbe,90,83.43,76.61,6.81,8.17
RouteID_6a5a148e-607b-4ada-a808-f11ab3f05cc1,187,225.2,237.09,-11.89,-5.28
RouteID_6a667e1d-f2fa-49ea-b3cf-b752eed41085,170,212.17,218.27,-6.11,-2.88
RouteID_6a6d2ca9-0013-4890-91ef-5e22f5d069cf,191,207.45,201.89,5.56,2.68
RouteID_6a7b9642-1c20-4a6e-9b7a-a85580bbd15d,184,281.34,301.82,-20.48,-7.28
RouteID_6a83c1a0-8ee2-4e30-b78e-6893af91f373,123,151.81,153.63,-1.83,-1.2
RouteID_6a84ed3a-920e-4e9a-9af7-b62e94efc4e5,147,190.49,206.56,-16.07,-8.44
RouteID_6a906f18-d67c-4c31-9d87-1b70739c3a66,165,155.16,153.51,1.65,1.06
RouteID_6a92fb48-f4ef-475c-87d5-7b42cf60279d,98,94.14,90.18,3.96,4.21
RouteID_6a975f4d-2403-4d53-8992-83d0738cd9a5,128,167.99,165.49,2.5,1.49
RouteID_6a9c1f38-804e-4808-a5bf-284ad5fd3997,140,142.2,131.17,11.03,7.76
RouteID_6a9cdc5f-7560-4ff3-a7df-88ca5c27fb08,106,164.62,149.83,14.79,8.98
RouteID_6a9ce132-e943-4d70-91ed-5b3334352aec,166,229.23,244.33,-15.11,-6.59
RouteID_6aae0744-8aa8-48a4-97b7-9d5445cc67c8,128,173.56,141.02,32.54,18.75
RouteID_6ab30a30-0b8a-4b25-9b5a-9f70cc78556a,193,152.28,162.19,-9.91,-6.5
RouteID_6ad75c1f-8ece-4a07-a8c3-b8c7f75de98c,147,203.69,200.98,2.71,1.33
RouteID_6ad84afa-b546-4ca1-a749-6373d5fc5fd2,147,189.06,193.51,-4.45,-2.35
RouteID_6ae37566-f1cb-45a7-8bda-12efb2daf607,165,230.0,232.62,-2.62,-1.14
RouteID_6b069939-42dc-4c32-bda9-7f715d2744de,172,241.82,228.6,13.22,5.47
RouteID_6b0e3a73-6be0-455c-9e2e-d9f22bdb1ec1,122,135.17,115.11,20.06,14.84
RouteID_6b308348-39e6-45d8-8621-7cf8efaeae0f,130,161.31,166.46,-5.15,-3.19
RouteID_6b45e1fa-92ad-4b3b-85ae-d39f4d3d7818,114,170.39,174.82,-4.42,-2.6
RouteID_6b4b2e1a-36cd-4532-ac80-fd18886de70b,74,98.69,103.31,-4.61,-4.67
RouteID_6b4fde35-3e5d-4545-b5b5-f8e76d07f13b,144,185.79,191.03,-5.24,-2.82
RouteID_6b55b0de-c144-49d2-9d19-238dc31469e5,197,247.7,253.97,-6.27,-2.53
RouteID_6b58a26e-3722-4dd4-9435-17fac3a3c8da,182,227.36,241.01,-13.64,-6.0
RouteID_6b633be3-c835-4fd3-af37-632841515e42,185,251.6,270.41,-18.81,-7.48
RouteID_6b7c34ba-101b-4cb3-a4d3-03788f6de519,200,192.74,205.67,-12.94,-6.71
RouteID_6b7ce85a-b117-4af2-b586-2390cdb49d9e,79,83.33,71.61,11.72,14.06
RouteID_6b7f00d4-bb6d-480b-b90b-42604dab4563,145,189.56,190.93,-1.37,-0.72
RouteID_6b8cafe3-2e69-4322-b2a3-1035a52d7f9e,125,189.16,215.57,-26.41,-13.96
RouteID_6ba6f0e0-18be-4e03-9155-e6e4f45a885b,153,198.31,195.21,3.1,1.56
RouteID_6bb40dfc-1df5-4603-a461-9719d1c7efca,171,222.57,227.75,-5.18,-2.33
RouteID_6bb9acca-a9d7-4cc6-8f6e-82a2734e58ac,136,214.08,215.21,-1.13,-0.53
RouteID_6bc40959-1be8-4a10-af24-264656de7fab,149,238.35,230.81,7.54,3.16
RouteID_6bc7fb1b-07a8-4a82-ae73-729d606702f6,137,192.34,196.43,-4.09,-2.13
RouteID_6bd49a99-cc02-4bdd-b420-618c3db5b029,171,210.77,224.13,-13.36,-6.34
RouteID_6be551e1-5e3b-4241-84e1-2c47357700d3,161,172.07,175.14,-3.07,-1.78
RouteID_6bfd0a9c-d946-465d-a376-8a04a886695a,167,162.0,167.42,-5.42,-3.34
RouteID_6c00af83-01c8-40a0-a9f4-3dfd82eec3d0,88,69.42,65.6,3.83,5.51
RouteID_6c0d97a8-71b2-4eeb-8e32-e4a4fbf605f6,89,82.69,77.88,4.8,5.81
RouteID_6c442893-0a1b-427f-86b7-600455c66ad5,157,208.53,221.16,-12.63,-6.06
RouteID_6c494492-1d00-4bf6-9b65-b7c43eaa09f5,165,158.26,175.17,-16.91,-10.69
RouteID_6c52ac4e-f0c3-4719-8350-a095dc382381,43,82.34,66.59,15.75,19.12
RouteID_6c606721-7099-4f6e-9175-aa150aa57c42,179,229.05,220.36,8.69,3.79
RouteID_6c627360-4900-4bc9-9105-ee73d173b848,123,159.83,159.86,-0.03,-0.02
RouteID_6c6559f5-ca56-4b78-8543-0c803c0c2e40,172,207.32,201.0,6.31,3.05
RouteID_6c68b8b6-9a3d-4d57-abf0-f2772c915745,83,98.55,84.76,13.8,14.0
RouteID_6c77b160-2e73-43d6-98f3-70b5c18668ad,150,249.51,254.95,-5.44,-2.18
RouteID_6c7d2230-88ae-4819-a031-a4464b2357e4,141,165.24,167.84,-2.61,-1.58
RouteID_6c7f39e4-7a80-4f5d-a713-5049563dbebe,125,237.15,178.1,59.05,24.9
RouteID_6c816d5b-4c14-44f1-9857-910f657011a4,141,146.27,125.13,21.15,14.46
RouteID_6c9200d4-7353-4245-a4e1-cc6ca0573164,133,155.3,165.13,-9.83,-6.33
RouteID_6c9228bd-aa41-41b7-82fa-2b07a887feb0,176,177.85,178.79,-0.94,-0.53
RouteID_6cb190b5-19ed-4149-9f95-2ccc58471b14,164,186.95,196.1,-9.15,-4.89
RouteID_6cb97316-5d19-4233-b5c0-db08cdd25cb4,132,178.85,202.81,-23.96,-13.4
RouteID_6cb9b8e2-22ed-48d1-afca-f6780757ed2c,116,107.67,108.73,-1.05,-0.98
RouteID_6cd76551-1d10-48dd-b754-29c3ee58ec06,78,95.31,97.63,-2.33,-2.44
RouteID_6cebaf24-0a39-4a6b-825e-df5e9002a1b1,49,53.67,51.14,2.53,4.71
RouteID_6cee0ebf-fc14-4e87-950f-9131f41d2c85,195,222.33,230.07,-7.74,-3.48
RouteID_6ceffed8-aad6-4e11-ad59-0f37bfe44537,192,247.59,263.75,-16.17,-6.53
RouteID_6cf33571-966e-41bf-8f07-beef4070b187,129,211.39,216.77,-5.38,-2.55
RouteID_6cf4bdb6-c09d-4aff-b575-345bdbd225c1,183,217.83,221.21,-3.38,-1.55
RouteID_6cfc6850-65c8-4833-95ab-6304d642ae18,107,142.78,132.84,9.94,6.96
RouteID_6d161f1c-7a6a-4ff7-92a1-cf522399ece3,193,190.47,174.72,15.75,8.27
RouteID_6d168fd8-7e46-424f-bc76-9e9f35a9d203,186,240.91,227.08,13.83,5.74
RouteID_6d1a587d-385d-4d6c-a5c2-ce2cb0ca1597,164,220.2,214.45,5.74,2.61
RouteID_6d299520-fd1c-42a3-a121-cf74fdcb93f6,127,112.92,119.56,-6.65,-5.89
RouteID_6d3b072d-dcf7-439d-ba8d-cb850fb8f985,140,163.56,172.83,-9.27,-5.67
RouteID_6d44a315-5559-4358-a544-cb66318f5af2,112,109.45,108.14,1.31,1.2
RouteID_6d4bdf16-5aa0-45fc-a2db-6f8ae17854d9,160,237.75,238.61,-0.87,-0.36
RouteID_6d4c1493-7a52-4346-8951-fb899fb3875a,102,130.9,145.49,-14.59,-11.15
RouteID_6d4caf2d-deb1-45a5-8bad-135060431277,102,159.15,153.41,5.73,3.6
RouteID_6d4d6ccc-b208-4219-a7ae-c96d1a6874ab,137,169.84,177.95,-8.11,-4.78
RouteID_6d556189-f506-471e-974c-09087f926a80,180,206.32,206.32,0.01,0.0
RouteID_6d63b2b9-5a7a-4095-a12b-f6f484ac3c80,166,227.3,252.33,-25.04,-11.01
RouteID_6d6496a2-eec2-41d0-9db3-e9d287fe103a,128,152.31,171.41,-19.1,-12.54
RouteID_6d6eed71-b27f-4355-9bd3-c9f3eae39282,134,210.38,225.17,-14.79,-7.03
RouteID_6d725309-c249-4106-bdc1-4efcbc019f1a,143,180.71,192.51,-11.81,-6.53
RouteID_6d7e8d5a-6b94-4cc6-a026-528ea2a94d1c,129,179.66,177.16,2.5,1.39
RouteID_6d7ee647-cf03-41d7-aca0-4544c35f3dfe,180,176.42,193.08,-16.66,-9.44
RouteID_6d890156-0b28-4cce-bcee-560413da1678,129,148.66,157.67,-9.01,-6.06
RouteID_6d895a04-5239-4244-a63c-ed8cdd80eb31,104,99.09,96.56,2.53,2.55
RouteID_6d8e8218-9287-473e-a656-7bea9c22a123,132,144.61,140.86,3.74,2.59
RouteID_6d8f3489-19a7-4bce-a3a9-3c4f8e986137,62,108.11,110.31,-2.21,-2.04
RouteID_6d97fca3-ebf9-4a03-b0e3-2dd99a73421e,177,177.6,192.66,-15.06,-8.48
RouteID_6dafb8fb-4503-47b8-b626-f33a3465657e,163,190.28,184.01,6.27,3.3
RouteID_6db9f2fd-6d04-4c84-bfd5-10756d15b3ec,88,80.66,71.28,9.38,11.63
RouteID_6dc9a51f-19a1-435f-a2bc-94b774e3ee2f,144,222.74,225.66,-2.92,-1.31
RouteID_6df28542-4a5a-4ff6-97c6-10cf6d678d85,160,156.44,166.59,-10.15,-6.49
RouteID_6e062355-979c-4a88-ae80-37930aed83a4,114,150.23,136.55,13.68,9.11
RouteID_6e1cadcc-0686-4837-8dfe-221f5a0f88be,143,162.95,172.86,-9.91,-6.08
RouteID_6e3cd387-ebc3-44bc-9b09-8f928bf36b91,109,113.61,115.32,-1.72,-1.51
RouteID_6e586120-b544-438c-8698-6a7eb57c2a1f,152,176.15,194.7,-18.55,-10.53
RouteID_6e58a427-d7e7-4efb-9d5c-cd8c6220957d,140,170.9,142.62,28.28,16.55
RouteID_6e653b20-4ee0-409e-bed7-11296dd830b1,168,183.88,204.28,-20.41,-11.1
RouteID_6e6bf8b8-6359-4b42-aa9b-1caaaccd0930,148,147.27,146.51,0.76,0.51
RouteID_6e7f842c-6c09-4a2d-99c1-c5f71e6f06ba,134,191.91,210.07,-18.16,-9.46
RouteID_6e809954-5b83-4fbd-b847-133ed7681e46,168,207.92,221.72,-13.81,-6.64
RouteID_6e977d0c-878c-4417-88fc-0c029bbe5d36,174,230.89,225.06,5.83,2.53
RouteID_6ea76195-52b1-4a06-aa90-1cc6da3cabdc,108,137.47,126.25,11.23,8.17
RouteID_6eb0c8c1-5fb5-4725-b16c-84b5b0c5c634,214,258.0,278.05,-20.04,-7.77
RouteID_6ebee763-30f3-4128-aa2d-dd8592062bcc,134,188.43,199.69,-11.26,-5.98
RouteID_6ef5ac13-f69c-46b9-b3bf-45464fd3acd3,140,202.88,192.25,10.63,5.24
RouteID_6f03f8ef-0118-4628-8add-265369c2c915,161,187.2,193.74,-6.53,-3.49
RouteID_6f04d628-4e76-4c1e-ac1b-03edf7ad88dc,153,249.12,241.55,7.58,3.04
RouteID_6f0a23c5-f26f-4f64-83b4-b37ee2120214,110,125.07,140.98,-15.9,-12.72
RouteID_6f1f1b47-d7d4-48a1-a8e9-68b0a3c80adf,139,161.03,178.44,-17.41,-10.81
RouteID_6f298843-f1e5-43c8-97e5-eab26b7ddaf8,195,225.3,224.61,0.69,0.31
RouteID_6f4377b1-8120-4b14-ab47-96c4860a1853,197,243.21,240.75,2.47,1.01
RouteID_6f59b71d-818d-4a39-a01e-6e86276ff79b,150,304.47,291.81,12.66,4.16
RouteID_6f5ae7c9-0a78-4cf0-b8cc-36954a827d54,201,224.79,235.03,-10.24,-4.56
RouteID_6f5c8b6b-5b7f-46b4-854d-7db0085e4dbe,172,194.97,197.3,-2.32,-1.19
RouteID_6f624ac4-5e69-48d2-83d5-89d8c06bd732,177,220.59,241.65,-21.07,-9.55
RouteID_6f830b1f-2273-4331-b748-9d217e0ab022,135,189.72,178.06,11.65,6.14
RouteID_6fbdffbf-bb2a-4128-a7b5-b3cf69e801b1,131,158.1,148.93,9.17,5.8
RouteID_6fc94627-3755-4ad9-89fb-4ff1487667dc,126,240.99,240.85,0.14,0.06
RouteID_6fd45936-8921-49bd-b9c3-e690bbd1b11d,97,102.85,112.15,-9.3,-9.04
RouteID_6fe631b5-f0ae-4b4c-9f66-a7aee4d053d5,133,202.37,206.45,-4.08,-2.02
RouteID_6ff94b76-44d6-4888-9bbd-64fb2bc870e8,143,181.6,199.67,-18.07,-9.95
RouteID_6ffa4d58-b2cd-4e44-a2d0-de1e9c02030f,167,202.73,212.1,-9.37,-4.62
RouteID_70050c4f-19ad-4b40-8726-b712b4001004,190,189.22,203.9,-14.68,-7.76
RouteID_70056a85-980e-4100-815e-524b70a51805,110,112.77,130.22,-17.44,-15.46
RouteID_700603c8-2a18-4392-a2e8-d05d7ab9910b,157,177.2,178.64,-1.44,-0.81
RouteID_7025b74c-ae67-4d68-adb9-7a726f8171eb,180,210.12,214.42,-4.31,-2.05
RouteID_7045ba89-6644-4525-8475-286f1d31686d,92,98.77,94.98,3.79,3.83
RouteID_70476a4b-f0de-4536-a0c6-b4e48e45e687,138,210.29,210.52,-0.23,-0.11
RouteID_70493eef-bfcb-4e38-8664-b2a070e24749,157,248.78,258.37,-9.59,-3.85
RouteID_704d3561-8e35-44c8-b529-d101a617973b,118,152.89,154.57,-1.68,-1.1
RouteID_7063dcdc-b9ec-4503-8354-21bcbce94498,113,136.59,149.26,-12.67,-9.27
RouteID_706d5e58-2b44-4fa3-823f-54ee97bd38c8,194,237.99,245.88,-7.89,-3.31
RouteID_706decfb-7c3a-4b94-828e-b9116a474e2f,133,190.91,204.12,-13.21,-6.92
RouteID_706e94ad-6a29-4275-a090-13ade456be4f,162,191.06,210.66,-19.6,-10.26
RouteID_7077ef32-e682-448b-b892-6241e619cddd,152,181.19,207.84,-26.66,-14.71
RouteID_70784950-d1f4-4ed0-9a77-98065c99b44a,132,120.66,105.82,14.84,12.3
RouteID_707a7e78-f50a-4a3d-8c10-b1063f7c075f,117,159.08,159.33,-0.26,-0.16
RouteID_7085ce43-6cfd-44c7-9cdb-83ca52145911,154,175.93,199.94,-24.01,-13.65
RouteID_70960728-d0c1-413a-aad4-eb34f807ba75,170,208.43,224.39,-15.96,-7.66
RouteID_7096a0fa-0344-48bc-b38e-b94a0352ac51,110,133.35,130.94,2.41,1.8
RouteID_70ba1f1d-c3a6-4ca5-a0ac-956ee12eb296,173,258.83,250.68,8.15,3.15
RouteID_70cd60a1-6579-42a3-8622-44a937c588cd,110,182.65,192.71,-10.06,-5.51
RouteID_70d8e0c7-1e61-477a-be64-e2e4e63ac103,147,173.7,174.07,-0.36,-0.21
RouteID_70d99ce0-a765-43f0-9cbb-aa126bf84ea2,149,209.0,203.17,5.82,2.79
RouteID_70f9fa71-a0d4-49f0-b13b-9758f713830f,120,185.45,205.44,-19.99,-10.78
RouteID_71074bfe-1d32-4036-b5d1-0dd61eb721ab,193,238.65,257.5,-18.84,-7.9
RouteID_710da320-e658-469e-b0f0-f811301fadfd,166,189.36,204.65,-15.3,-8.08
RouteID_71119e83-6387-496a-8ff1-83ddaf8dea1f,147,223.23,225.77,-2.55,-1.14
RouteID_71177cbe-ef30-4ef0-949e-9368363a97a2,117,137.13,126.45,10.68,7.79
RouteID_712566a0-4d0e-4865-ab22-dcfaadc3d9c5,176,250.65,263.23,-12.58,-5.02
RouteID_71333e16-54d5-439e-8cb3-a1873a73d5ea,153,172.11,195.07,-22.97,-13.34
RouteID_71424669-5e0d-4c7f-89d1-11095230777d,191,230.39,218.47,11.92,5.17
RouteID_714db43b-d251-4a62-99cc-c3cd4667bbc9,184,191.6,210.88,-19.28,-10.06
RouteID_714f1d8f-3661-4de4-85aa-fe416d09b83e,115,216.02,205.06,10.96,5.07
RouteID_715063f1-4c84-4435-9019-6cd19d80216d,149,185.64,204.0,-18.36,-9.89
RouteID_71546245-1996-4b5e-8d25-ba474b53356b,155,192.63,192.7,-0.07,-0.04
RouteID_715fafcd-6699-435b-b959-e89cce7f7ac7,202,181.33,188.14,-6.8,-3.75
RouteID_71602721-342c-4561-bf59-2d626f1eed6e,183,224.39,250.79,-26.39,-11.76
RouteID_7177fb88-bfac-43c6-bbcf-e57234649cba,109,108.84,102.6,6.25,5.74
RouteID_71a0a0f7-e1e1-42e1-b852-8d57e9fadc7e,119,121.77,118.39,3.38,2.78
RouteID_71a48348-4bd6-4cbb-9041-0bd1299b67f2,127,205.11,206.0,-0.9,-0.44
RouteID_71c3c465-c95b-4515-9dc7-85e423f0bbcc,163,256.92,276.63,-19.71,-7.67
RouteID_71d03c02-5086-4e6b-8b3d-5a6fc85e3c5e,127,137.19,139.35,-2.16,-1.58
RouteID_71e2c7fa-1705-49b7-991e-6d84728c34d6,131,161.49,173.19,-11.7,-7.24
RouteID_720f7426-0c73-43e3-bee8-2af920fab8b9,161,240.09,231.25,8.84,3.68
RouteID_721eb5a6-2aa7-4778-861f-5fef4956993c,149,172.83,177.73,-4.9,-2.84
RouteID_72277fe0-08bc-4d6a-a7d9-23efa383f850,99,86.63,80.42,6.21,7.17
RouteID_723f4f06-395b-462e-9bc2-c7fe9c314863,175,166.79,175.64,-8.85,-5.31
RouteID_724e4077-0ff8-48b6-b917-13089701c1d5,89,79.83,66.73,13.1,16.41
RouteID_724f766b-f79f-4c5c-942f-b0b3873d9cd1,138,177.82,183.46,-5.63,-3.17
RouteID_7251298c-993a-41f5-b9c4-cc241853089c,150,150.09,146.34,3.75,2.5
RouteID_72517266-2a07-4d54-970c-a539cd3e8ffe,117,177.01,177.54,-0.53,-0.3
RouteID_7253629e-46d5-4dbb-a9dc-6c8b4ccb0213,176,174.2,174.65,-0.45,-0.26
RouteID_727fe740-8875-4feb-91bf-78f02ee38cb4,160,187.64,205.72,-18.08,-9.64
RouteID_728eb77b-0bba-4690-81b7-e6cf193bcc13,168,180.04,182.88,-2.84,-1.58
RouteID_7296bfa5-6321-4cb2-b9ef-d0432123fcfc,155,198.8,199.52,-0.72,-0.36
RouteID_72b46314-ad6c-486a-954b-f3ac4570dbf0,129,148.32,146.85,1.48,0.99
RouteID_72c396a6-f60b-49b3-90ed-c3a37aa43258,140,117.51,129.36,-11.85,-10.08
RouteID_72d6d0fd-d339-4478-a3e4-1711aaf78ff1,159,223.44,234.41,-10.97,-4.91
RouteID_72e32b69-0cd1-4ca9-b784-e5c0ee6b89ca,132,177.44,184.98,-7.55,-4.25
RouteID_72e6137c-7f33-4eaf-b84c-7b3350a49fb9,94,139.16,142.6,-3.44,-2.48
RouteID_72e9d41f-878b-467a-a278-6aeb266ee648,120,180.11,179.6,0.51,0.28
RouteID_72ed01c7-3b92-4a47-90a8-12ce451e6431,145,177.76,183.16,-5.4,-3.04
RouteID_72fea748-5b3d-4d0a-b273-fd3cc93f3a00,190,258.63,284.14,-25.51,-9.86
RouteID_73020468-1195-4f33-b8e9-dbd89926f5e1,84,85.97,79.03,6.93,8.07
RouteID_731b810f-e6c6-4fba-be06-724cb9439696,181,200.69,199.75,0.95,0.47
RouteID_7345ebc0-76f3-4166-bd21-d3166c784a73,166,184.93,185.16,-0.23,-0.13
RouteID_735242f3-7931-4b82-be48-ca5e742ae631,122,172.92,158.18,14.74,8.52
RouteID_73646c01-b671-4b17-972f-9f572ef9209e,150,184.03,187.48,-3.46,-1.88
RouteID_738c4cd7-6437-4e16-b7d3-d1467577f45e,147,156.23,154.14,2.09,1.34
RouteID_7397c9e0-398f-4b82-9c13-d109db3f5002,90,130.14,143.52,-13.38,-10.28
RouteID_739a70f6-8fee-4630-8793-28af0c9c0e13,164,179.86,194.91,-15.05,-8.36
RouteID_73aa0fe5-9cdb-4960-8faa-c77dca76e6bb,165,165.17,173.32,-8.15,-4.93
RouteID_73b0b410-8c10-4d67-9a66-f21692cc102d,171,206.45,213.43,-6.98,-3.38
RouteID_73b1145e-3bd1-4720-9f5f-991d63bcb65c,148,212.02,218.07,-6.05,-2.85
RouteID_73b11eb4-e052-4652-a561-9fa71b2efcf6,130,123.05,113.04,10.02,8.14
RouteID_73b62f87-5edb-49f4-9a4a-57f0650e1e03,87,108.97,101.3,7.67,7.04
RouteID_73ba4b08-0278-4153-ba1b-a2673c0bddda,171,225.54,235.46,-9.92,-4.4
RouteID_73c57618-0f3c-4c40-8056-8a832dc88e05,146,186.8,175.0,11.8,6.32
RouteID_73ce9c8d-8fa2-4b52-87d0-632729d1cd9f,118,134.37,124.54,9.83,7.31
RouteID_73cedfa8-c5e8-4048-971f-96822e708a20,195,198.82,217.22,-18.4,-9.26
RouteID_73e6e59b-ba48-405f-a72f-b0a831ebbbfc,175,194.69,189.24,5.46,2.8
RouteID_73e8ec4a-480a-40d7-b95d-21305b89d73a,142,172.2,178.37,-6.17,-3.58
RouteID_73f98fd1-d5b7-4e91-acd1-cbcac18475d1,117,175.64,179.65,-4.02,-2.29
RouteID_740b42b1-edf8-4b1b-bca3-d77c021620be,143,168.62,171.54,-2.92,-1.73
RouteID_7419a5ec-c467-4dc4-8602-329c06584580,164,185.74,213.32,-27.58,-14.85
RouteID_742693b8-63b3-4756-8c2f-f652989ff44e,63,82.18,81.16,1.02,1.24
RouteID_7427fdd5-9246-43fb-a81c-d64a989e1986,153,152.51,159.89,-7.38,-4.84
RouteID_74298fb3-cd50-40af-b48c-d89f99f30dd1,186,250.69,282.23,-31.54,-12.58
RouteID_742abd15-41ce-4554-b711-ed488ea71e44,124,197.71,178.85,18.85,9.54
RouteID_742d48d5-2a3f-4e4e-81f7-900daaf7a429,153,163.56,170.41,-6.85,-4.19
RouteID_742d9d90-6474-461e-bf35-767ca23150ff,179,180.18,189.76,-9.58,-5.31
RouteID_743579c2-24fb-416d-9e42-7248041b9989,122,183.3,203.65,-20.35,-11.1
RouteID_743bb359-f47c-416d-920f-499b05cfb8af,136,255.11,253.54,1.57,0.62
RouteID_743d07a3-2d21-4650-ac0a-ab67069a9a5e,161,238.33,242.95,-4.62,-1.94
RouteID_744b3a9f-4813-4d4a-8b5b-3145790b5f92,134,140.55,149.7,-9.15,-6.51
RouteID_7458d284-7e87-4c20-a120-0d0fcd70b00c,138,154.25,155.92,-1.67,-1.08
RouteID_745f43ab-15ab-4d82-9899-9b6bb443e64f,164,192.8,179.23,13.57,7.04
RouteID_74697643-a1bc-4a60-9e0e-af08bf8e2782,174,239.39,239.88,-0.49,-0.21
RouteID_748ff4bc-be4b-4415-a35b-e60c279d431a,188,216.1,240.9,-24.8,-11.48
RouteID_74a0a75d-72ac-46c4-b768-1fac80782d28,117,162.68,163.44,-0.76,-0.47
RouteID_74a0d89b-f0fd-41d2-9e58-0816928f2800,177,197.41,188.57,8.85,4.48
RouteID_74a4e7c2-d7a3-4f47-a6f1-a2d4cd38ef3c,74,81.09,77.07,4.02,4.96
RouteID_74ba0fe5-59ed-47a7-9e8d-066a97c653f8,182,233.64,266.04,-32.4,-13.87
RouteID_74c52b8d-3a95-4f14-9855-9159c707e6c4,168,223.94,244.16,-20.23,-9.03
RouteID_74cd7515-a15f-459e-b67b-aa156895a510,194,217.84,234.77,-16.93,-7.77
RouteID_74cf8ad8-e884-42a9-9a94-179945407dd5,148,179.65,193.08,-13.43,-7.47
RouteID_74cfeb0b-0168-4a23-9e5c-5d362d68f6b9,141,190.24,194.23,-4.0,-2.1
RouteID_74d2b48c-d203-483e-b2b1-3fe4c66de4ba,85,118.46,115.49,2.97,2.51
RouteID_74da288c-f564-4062-8987-0189695e1393,177,221.36,231.49,-10.13,-4.58
RouteID_74efb214-88ff-4e2a-b326-331208733fea,69,105.46,117.48,-12.03,-11.4
RouteID_74fdc75d-825d-413f-b284-ebd0a57611da,163,185.2,186.29,-1.09,-0.59
RouteID_75006043-c8d8-4304-a43b-619b8f7bab73,139,124.56,133.87,-9.3,-7.47
RouteID_7501eef4-17c1-4287-be32-8d6614a931b5,168,187.51,213.33,-25.82,-13.77
RouteID_750c1f5d-fe21-43f6-8e80-7c149c208995,177,218.31,205.44,12.88,5.9
RouteID_751a2d3d-3705-4beb-b3e1-c43b9be18462,125,246.49,270.26,-23.77,-9.64
RouteID_7520b1df-2c96-4f31-b9c5-92aa7384cf3f,169,172.09,181.9,-9.81,-5.7
RouteID_75383236-95bd-4a55-8bad-1f7c8b05deee,149,160.64,155.5,5.14,3.2
RouteID_753944f4-3782-4598-90ea-345a3bbae693,90,104.58,100.41,4.17,3.99
RouteID_7546109b-42da-44d3-9af7-1772fcfa8a3b,112,86.81,89.58,-2.77,-3.19
RouteID_75489a65-39ec-435c-a127-e0964b50bb4e,154,198.51,202.29,-3.78,-1.9
RouteID_754d4b2e-76e1-4e47-b41a-1d71d051ee10,110,181.35,158.58,22.77,12.56
RouteID_755d294e-5b17-46e3-ab86-b6ea607a0eff,129,101.71,102.01,-0.3,-0.29
RouteID_75623fb1-f04a-40d9-b1b1-e5617f09266a,191,167.99,177.76,-9.77,-5.82
RouteID_7567fe4c-134b-4d69-be51-a48414404f27,93,109.44,109.27,0.17,0.16
RouteID_757e80bd-c653-4158-bd6e-599629ad59dd,136,189.75,191.85,-2.1,-1.1
RouteID_7591bd07-8457-4be9-b228-6f449caf0ebd,132,157.96,161.4,-3.44,-2.18
RouteID_759ad57e-28f0-4575-8388-a2f5e8b59df8,174,258.33,259.3,-0.97,-0.37
RouteID_759f41d2-797e-479f-a442-bfe82c2d9050,175,189.54,200.51,-10.97,-5.79
RouteID_759fe5c1-519f-4adb-9a58-6e2262cb2d1a,129,156.65,146.61,10.04,6.41
RouteID_75a280d6-4ee7-4f81-80b7-c03eef7cfe23,129,150.21,151.8,-1.59,-1.06
RouteID_75ae7a82-c85f-4d10-b6fa-e0cb7191ca12,148,196.69,216.88,-20.18,-10.26
RouteID_75aeec68-49fc-4ca5-9e0c-36dac98e2f13,162,226.03,247.8,-21.77,-9.63
RouteID_75b935ab-337c-483d-ab00-94c16ae847e7,160,186.32,202.88,-16.56,-8.89
RouteID_75c3df34-f96c-4e47-bff3-ae190fbf341c,142,172.91,171.89,1.02,0.59
RouteID_75cc212f-60f2-44fe-8822-7552ab5702fe,123,119.5,113.14,6.36,5.32
RouteID_75ce278b-c891-4678-be9b-2cc53377e03e,159,190.56,178.79,11.77,6.18
RouteID_75d3ac4f-4615-4e4f-b584-66788436bff4,155,220.98,250.08,-29.1,-13.17
RouteID_75d8bf01-7cc2-4d50-9323-61ea565a8d0d,131,165.12,183.04,-17.92,-10.85
RouteID_760c0026-84d3-4307-89ad-956b34917123,164,238.33,251.13,-12.8,-5.37
RouteID_761a0e75-6121-46ac-9457-1be412f26f41,137,223.36,215.59,7.77,3.48
RouteID_7636a515-d0e8-49fa-88ee-b3f6b4c8955c,160,169.71,181.02,-11.31,-6.66
RouteID_763de3b7-15c7-43de-af9d-9d5a3e43595e,137,116.04,114.73,1.31,1.12
RouteID_76a048df-2e7e-4e65-946b-87810f5ffc76,140,180.59,181.15,-0.55,-0.31
RouteID_76a19e20-f554-4076-8965-3b4c2805e8eb,181,197.1,211.96,-14.86,-7.54
RouteID_76a373ae-3fc3-4d8c-ad78-eb7c3a700f32,171,184.79,210.77,-25.98,-14.06
RouteID_76a58927-77b7-4198-9247-23ad9f48b4a9,189,219.22,239.0,-19.78,-9.02
RouteID_76a9a85f-1b40-44cd-a51b-a506a8d14488,156,190.48,162.77,27.71,14.55
RouteID_76b89367-4e74-4dbf-8478-0f6558bacfab,156,232.2,252.01,-19.81,-8.53
RouteID_76be35b2-06d1-41b4-975f-f1fc1bb7b155,187,201.16,213.04,-11.88,-5.9
RouteID_76c0fb16-8297-40be-bce3-6d76e2e65e03,131,147.69,138.62,9.06,6.14
RouteID_76cd7fcb-9faf-44e5-afb3-9e9acf2403ea,188,237.08,248.27,-11.18,-4.72
RouteID_76f22159-a7b6-43d5-b424-fe21033d7784,123,148.43,154.14,-5.7,-3.84
RouteID_76f64205-26e9-4af3-80f7-2e0c95c71ee3,186,221.3,235.74,-14.44,-6.53
RouteID_76f9c88c-3ba0-411f-a8ed-283dca48a7f7,174,204.79,209.43,-4.64,-2.26
RouteID_76fdbf9c-80cd-4ed1-acca-e425167da02b,117,103.86,97.15,6.71,6.46
RouteID_76fe1aff-c5cf-4627-bd50-5b36279ef088,125,132.11,142.28,-10.17,-7.7
RouteID_76fe308e-7e7e-4eac-b3dc-2fc2c721e357,160,186.94,190.3,-3.36,-1.8
RouteID_7708d7f5-0a10-4c6b-b8fc-6b0ef72778ae,173,195.61,196.34,-0.73,-0.37
RouteID_7718ec20-5755-43f9-bc76-fadfc152dae7,125,233.97,237.03,-3.05,-1.3
RouteID_771d9b19-7e8a-450e-9c36-5289f328610d,175,222.66,230.94,-8.28,-3.72
RouteID_77288cc8-8dcd-49bd-8510-59a846979f71,194,217.65,235.35,-17.7,-8.13
RouteID_773abed8-5c28-43db-8a44-0a50f85df7c3,161,128.77,134.51,-5.74,-4.46
RouteID_7748ecc1-61c1-4cc3-9598-a149608aa36c,159,187.4,177.57,9.83,5.25
RouteID_774c1a3f-8954-4f97-9549-8f7d47b5cfa7,162,257.38,246.19,11.19,4.35
RouteID_77540b50-ad69-4ee1-96fd-c9af295d047e,156,233.37,253.09,-19.73,-8.45
RouteID_77565dc9-d8ed-46e0-a08e-90a931f35c9c,149,172.35,180.12,-7.77,-4.51
RouteID_77628ff3-0743-4d71-9dda-9cc81b6ffd76,183,222.77,253.8,-31.03,-13.93
RouteID_77641303-c91e-47a5-b4f7-18f681b21e66,189,220.54,240.64,-20.1,-9.11
RouteID_776d43e6-db17-448c-92b8-5c44d11121d3,152,184.12,192.4,-8.27,-4.49
RouteID_777d6f98-7483-40d9-9276-a93fb071523d,161,203.22,206.46,-3.24,-1.59
RouteID_779136da-5652-4e01-8184-0af8e8695e98,120,178.17,189.52,-11.34,-6.37
RouteID_7791e324-9506-4c83-b5d0-d8108e43bc0e,163,176.48,181.17,-4.69,-2.66
RouteID_779fffba-e463-4680-8686-7621c5413453,156,174.91,192.94,-18.03,-10.31
RouteID_77a6f5bb-cea2-4b6c-905b-29be92760089,189,230.39,243.34,-12.95,-5.62
RouteID_77a6fee7-67e8-4bb9-bf3f-24e8c2079c6d,131,203.62,200.66,2.96,1.45
RouteID_77a7311c-7c9e-4290-be9b-f3137828b05d,191,212.38,215.57,-3.19,-1.5
RouteID_77ad62b1-d7ff-4bd2-ad06-73eeacbd9e84,149,215.84,221.0,-5.16,-2.39
RouteID_77aeb7f9-e1d2-443d-b2b1-257b59cb64c0,103,133.14,136.99,-3.84,-2.89
RouteID_77b3bcae-af1e-4792-8f01-391e5cf1a99e,117,157.59,150.61,6.98,4.43
RouteID_77c7db6e-260b-4e42-b921-36f117c83f82,119,127.29,121.28,6.01,4.72
RouteID_77d7f295-006d-4bdd-9a5d-536edc58fa0f,197,233.75,232.94,0.81,0.35
RouteID_77e5e489-7021-41a0-827b-517cc6cefada,173,188.82,175.92,12.9,6.83
RouteID_77ea19bb-3f67-4474-ae8a-dc24f2739bab,153,208.62,214.27,-5.64,-2.7
RouteID_77eeaa74-5243-46a5-a80e-ed9221211613,57,83.26,84.35,-1.09,-1.31
RouteID_77f2d787-6139-4960-8454-5201463cf5de,150,170.2,182.31,-12.11,-7.12
RouteID_780c349e-4b3b-4335-91ea-bd997d907f08,117,129.27,134.58,-5.31,-4.11
RouteID_780fa781-189d-42c7-ab4b-bc3ac946e54d,77,80.19,70.95,9.24,11.52
RouteID_7816a9f3-1fd2-4d65-829a-f8e669c5ade1,184,186.21,187.4,-1.19,-0.64
RouteID_781d1f76-a44d-4b20-af9d-f249a9b2906c,149,174.46,182.09,-7.64,-4.38
RouteID_7823292f-f250-4045-8e77-9265de0a27ac,67,80.85,77.05,3.8,4.71
RouteID_784c4e4b-d31b-4289-84fe-11cf6b1ca0b3,173,251.82,301.95,-50.13,-19.91
RouteID_78693358-d9df-4056-9fa3-70d1df598e07,150,194.6,209.25,-14.65,-7.53
RouteID_78786ffe-763d-4a0a-82f0-ff108e56df6d,120,136.96,136.34,0.63,0.46
RouteID_787fee16-fd91-4e5a-a3b9-aecc7b3e0975,148,130.39,125.58,4.81,3.69
RouteID_78965fe7-35a7-4364-8fd1-dc08b54be4f6,158,172.96,196.1,-23.14,-13.38
RouteID_7898798d-be14-4573-af17-3c07bca945c2,116,241.18,252.89,-11.7,-4.85
RouteID_78a1dedd-dbc5-4e7e-b7bc-ce2d61ebcfdd,124,150.24,156.26,-6.02,-4.0
RouteID_78ad2579-9c8c-4b24-bd4c-b700b81c7bd5,160,181.84,197.98,-16.13,-8.87
RouteID_78afdd0b-206d-40dd-8c2c-48e67b602fd6,145,200.3,220.94,-20.63,-10.3
RouteID_78bdb8c3-ebd8-4ad8-b9c4-e5a8826aa2ca,144,230.41,243.07,-12.66,-5.5
RouteID_78d881a1-6272-4ca3-93a8-2b04d98d5cde,103,84.37,78.92,5.45,6.46
RouteID_78deca91-7522-4f8c-b6a7-5407813fe259,141,171.43,194.64,-23.21,-13.54
RouteID_78e1bb10-27af-414e-825f-42ec4ac64f41,153,204.53,210.35,-5.82,-2.85
RouteID_78f99a61-4576-4f3b-a273-1a0d055ee8ad,175,216.72,217.95,-1.23,-0.57
RouteID_792f1973-90f2-4a13-b2b8-77b6ae745b08,95,157.42,149.39,8.03,5.1
RouteID_7945f999-f9d6-4aba-9352-87975d87e35c,83,77.48,77.76,-0.28,-0.36
RouteID_794a97b1-5b9d-4bf7-9739-f916f18009d0,186,190.62,198.75,-8.13,-4.26
RouteID_794bc22d-7b1e-4e89-954b-d949c2699f4f,144,170.27,176.87,-6.6,-3.88
RouteID_794d1fad-8c95-476e-9fac-b1fb652f13f8,190,250.65,278.1,-27.44,-10.95
RouteID_79624584-9d68-4a05-80ee-7b5e3fd3f775,86,104.45,100.61,3.84,3.68
RouteID_7967520d-8108-48b4-a6c6-86b800d46113,172,185.06,192.9,-7.84,-4.24
RouteID_7969ac51-06d2-4b83-8b92-cf4dbf33f529,157,208.26,194.94,13.32,6.39
RouteID_796ce303-271e-4323-bd53-9c6716bf62e7,88,116.89,123.88,-6.99,-5.98
RouteID_797c0579-0ef4-4ef9-931e-9fb0924862bb,202,239.15,241.36,-2.21,-0.92
RouteID_79a673da-e1c8-4c0c-b5b1-e94f7e976087,183,237.49,243.68,-6.19,-2.61
RouteID_79ae01f4-15dd-467a-88e5-34fc99228081,192,228.75,233.07,-4.33,-1.89
RouteID_79cab360-a093-4790-85d5-06beb0fd44ab,104,176.35,174.87,1.49,0.84
RouteID_79d4552b-c49b-4709-9b16-e4d028df61d9,139,114.61,111.28,3.34,2.91
RouteID_79d7d207-d3bf-4a86-951e-aad578b93711,123,150.38,135.09,15.29,10.16
RouteID_79e40cf5-96ca-4751-be87-8d69b61ad51c,199,176.84,173.38,3.46,1.96
RouteID_79e529ac-83b8-4ef2-8d48-2f76ced3838a,117,156.59,162.5,-5.92,-3.78
RouteID_7a02d562-8927-4330-ad88-19f8bcf75c31,182,221.1,234.49,-13.38,-6.05
RouteID_7a0a6f10-4ee0-4f9d-bad8-7733fe97413c,197,261.77,251.07,10.7,4.09
RouteID_7a0cc407-8b3f-4c47-a855-f31b16d4beab,128,194.07,185.82,8.25,4.25
RouteID_7a11e723-f7d5-41bf-8e0b-53d97ca7e45d,159,192.23,199.2,-6.97,-3.62
RouteID_7a19e862-7dd7-459f-b70f-a014444bc354,156,200.27,209.82,-9.55,-4.77
RouteID_7a1ea7d1-2a75-4d2e-9b0a-3d0ec1678092,169,171.05,170.81,0.24,0.14
RouteID_7a20593c-83a7-4ca0-be8b-6e04d5298ed4,199,214.37,219.27,-4.9,-2.28
RouteID_7a2b34e5-a7c9-4b44-86af-d7592d50e0fa,162,216.94,212.22,4.72,2.18
RouteID_7a2f75fc-da47-48b0-a15f-a191b76b521d,94,76.43,72.64,3.79,4.96
RouteID_7a33cce4-a66f-472f-ae30-e0506ce6dd87,185,231.54,247.18,-15.64,-6.75
RouteID_7a392304-fabd-403f-9932-9eb6416472cf,138,193.1,213.29,-20.19,-10.46
RouteID_7a39b485-294b-47e2-a774-b76fb20e98f6,174,173.63,186.31,-12.68,-7.3
RouteID_7a480d64-4368-4858-93f4-0537354d87b0,145,197.43,197.6,-0.17,-0.09
RouteID_7a49814d-8c58-4237-b56b-63f64c2c29f9,140,169.27,169.68,-0.41,-0.24
RouteID_7a4d2ae5-8861-4f9d-a2dd-90d9c36baa3a,72,75.48,64.81,10.67,14.13
RouteID_7a561300-a2c4-4fda-ab6e-9f4a1393c54b,132,203.67,218.93,-15.25,-7.49
RouteID_7a562420-3604-4b49-86e4-e54be08f64d8,114,115.63,106.16,9.48,8.2
RouteID_7a69969b-4c61-4860-8fed-6703f4c6d527,167,238.33,257.72,-19.39,-8.14
RouteID_7a7ce8c2-4241-4293-8bcf-29fe22aa506b,104,131.76,149.74,-17.98,-13.65
RouteID_7a81cf08-b87e-483e-8117-5523b06355be,172,182.22,190.53,-8.31,-4.56
RouteID_7a847b3b-db2d-4e43-bd2b-4a9ca0beb1de,120,114.61,122.78,-8.17,-7.13
RouteID_7a892398-6e85-4d14-8b8b-1d1b947a6934,85,83.59,87.0,-3.42,-4.09
RouteID_7a8b6c6e-1538-4a8f-8a79-83e1d4980205,175,196.02,213.48,-17.45,-8.9
RouteID_7a8bcea6-0797-4053-a3a9-c22118f43ec7,112,133.63,144.42,-10.79,-8.08
RouteID_7a8f9fc3-e392-4559-9f23-1ff282e40b6a,126,145.75,114.2,31.54,21.64
RouteID_7a916540-3e21-42a8-b51a-db3170cb2bca,150,166.72,172.73,-6.01,-3.61
RouteID_7a95deaa-443e-488a-8239-0e5534c23591,170,167.64,173.78,-6.14,-3.66
RouteID_7aaf509e-cf04-4ec1-9944-dc72b197d7c7,158,138.56,137.36,1.2,0.87
RouteID_7ab0fa1b-d67d-4403-a5af-467f245955d7,146,236.6,234.12,2.48,1.05
RouteID_7ada6bbe-3aba-45d3-8870-99b1b12e7208,153,192.03,213.59,-21.55,-11.22
RouteID_7adc8546-c8f4-4ca2-bc3a-eed19d2d180c,160,218.18,227.27,-9.09,-4.17
RouteID_7adf662f-d2bb-4eca-983d-0e107630fd4e,160,258.65,260.88,-2.23,-0.86
RouteID_7ae17428-aaf3-4849-adc2-6490fb31050c,187,233.86,232.19,1.67,0.71
RouteID_7aea17e1-9312-4b85-ab39-8b3ad6dbfd27,194,232.68,236.14,-3.46,-1.49
RouteID_7af29c8f-8c55-4274-a387-fdae2781e2fe,103,124.72,116.02,8.7,6.97
RouteID_7af40c1f-8335-406c-8b7f-cc9c9f7ffaa1,129,160.12,159.56,0.56,0.35
RouteID_7afd9ce7-99ab-413d-be62-17e3a7ed72ec,151,261.13,250.45,10.68,4.09
RouteID_7b04c650-18f4-477f-83a4-15814464a094,140,124.96,129.05,-4.09,-3.27
RouteID_7b0b97db-b3e3-46d2-8d49-3dbf1392774c,145,189.61,195.5,-5.88,-3.1
RouteID_7b0d7185-1024-4504-b2ec-75dbd37f162f,177,199.59,209.89,-10.29,-5.16
RouteID_7b27eef5-f742-49ac-a80e-e7dc75bf6b1e,144,216.75,199.39,17.36,8.01
RouteID_7b40b6d3-6afb-4943-9047-262ac9b7b8a5,151,154.12,136.1,18.03,11.7
RouteID_7b56265a-562b-4f2b-9d70-54cbdd13df19,130,95.8,82.37,13.43,14.02
RouteID_7b6b052a-d535-4018-8cd7-fd39df70290c,190,204.68,193.59,11.09,5.42
RouteID_7b73f846-9017-4b78-ab33-435ca8fd6961,156,248.98,282.25,-33.27,-13.36
RouteID_7b83c7bb-cfc5-4e10-ae45-ab3b201a0595,151,191.15,195.01,-3.86,-2.02
RouteID_7b9673d8-6a20-4610-b35e-86ab7ad1efbe,154,165.04,162.88,2.16,1.31
RouteID_7b9fb0c9-bf8e-4b94-a3fb-4c0e6da2eda0,93,121.47,108.46,13.01,10.71
RouteID_7b9fb4d1-9c00-444e-b55a-2c4af7f285cd,134,206.67,203.08,3.59,1.74
RouteID_7bafccef-f620-405e-8e94-4013497ea1e4,163,192.77,198.11,-5.34,-2.77
RouteID_7bb6598d-7ecf-4f93-8e46-54931ba1725d,180,277.62,293.61,-15.99,-5.76
RouteID_7bb7cd8e-c4a3-4e08-b5ed-180cf7f4a1ca,130,195.9,192.16,3.74,1.91
RouteID_7bbaa0f2-06bd-4175-817e-1670a2af18f1,126,149.16,126.43,22.73,15.24
RouteID_7bc70687-fbe1-46ef-acb0-bc9724a26547,160,185.43,178.37,7.06,3.81
RouteID_7bc86110-9ac0-4998-99b2-89e4ed99c43d,138,167.59,179.68,-12.09,-7.21
RouteID_7bc9b017-5254-4107-a598-d7dfded895ba,134,153.94,151.11,2.82,1.83
RouteID_7bcaab28-d408-4b9f-9297-ce18e0dd2365,177,187.87,200.72,-12.85,-6.84
RouteID_7bdf05d9-70ac-4655-8606-a57a49812c24,138,176.16,196.81,-20.65,-11.72
RouteID_7be1baab-d4d0-4d74-aec3-4292ee38c71f,147,162.5,169.99,-7.5,-4.61
RouteID_7be5cea0-ed81-4e09-a1f6-95433104331d,164,175.45,165.71,9.75,5.55
RouteID_7bf39dd9-7f93-4722-bbab-28ca69a989da,177,193.56,201.29,-7.73,-3.99
RouteID_7bf41665-b9c4-4c5c-9e09-475990634349,173,205.64,196.53,9.11,4.43
RouteID_7c056e7c-4919-463f-be91-8429ddcadcbc,158,192.6,195.82,-3.23,-1.67
RouteID_7c16c181-450b-4e08-8ae6-f9d7c2e8664a,162,214.57,227.19,-12.62,-5.88
RouteID_7c1c909d-9f77-4f7a-9572-8cb6a892b0eb,147,242.36,261.14,-18.78,-7.75
RouteID_7c234060-cc71-49a6-bbef-3dbe535a657b,190,256.38,269.87,-13.49,-5.26
RouteID_7c25f478-fe19-45bd-9b94-197b06044fe9,193,243.41,258.39,-14.98,-6.15
RouteID_7c2cdcb0-7906-4c82-892e-1fc896647248,166,202.42,217.84,-15.42,-7.62
RouteID_7c3418fd-da5f-4732-b5d8-75a7f8fe1158,174,161.51,171.46,-9.94,-6.16
RouteID_7c36b9b2-3084-46eb-9b45-0309ec4b0d19,147,139.3,141.83,-2.52,-1.81
RouteID_7c465a07-ead6-476a-b6ba-331560e9c638,158,163.98,173.76,-9.77,-5.96
RouteID_7c4e35af-e056-475e-a099-809d89ea81d5,136,208.73,215.25,-6.51,-3.12
RouteID_7c5b2e3a-7b3d-44a6-ae51-19da3ca0e16b,120,140.95,145.13,-4.18,-2.97
RouteID_7c5d2dfa-664f-4c04-aea8-878e08c92f34,147,141.62,129.53,12.09,8.53
RouteID_7c744e04-75ba-4f80-915c-d838b8a39827,134,161.89,168.17,-6.28,-3.88
RouteID_7c81499a-bacc-44ca-93db-a6e053785dbb,166,183.41,184.36,-0.95,-0.52
RouteID_7c883be7-e553-4a4a-92c3-bc8f46fb3e6d,129,173.86,187.31,-13.45,-7.73
RouteID_7c94872f-02d9-46dd-8ce6-87cdef7c228b,176,228.6,243.93,-15.33,-6.71
RouteID_7c97d3b1-499f-47da-adb9-7ec57b0758d4,172,186.67,210.85,-24.18,-12.95
RouteID_7cab8756-a55c-4de6-b7d0-2303d410338d,147,134.69,142.54,-7.85,-5.83
RouteID_7cb2c8fc-51c1-4b47-a0e2-fa100742453b,111,109.69,106.18,3.51,3.2
RouteID_7cb3aae3-76f9-4ecd-96d0-69fbbf002235,164,198.5,200.78,-2.27,-1.15
RouteID_7cb7cc52-7e0d-44b0-9b22-7ab27d5fb159,137,240.01,239.74,0.27,0.11
RouteID_7cbca851-d05a-4a4d-876c-485e42e4b322,149,200.01,183.57,16.44,8.22
RouteID_7cc622cd-d54b-4868-afcb-8712ad5cea43,166,205.12,230.96,-25.84,-12.6
RouteID_7cd062b0-94e7-430d-9649-877277e66869,147,200.25,199.85,0.4,0.2
RouteID_7cd46dde-c440-4097-a897-3eba5870a8df,62,67.05,77.6,-10.56,-15.75
RouteID_7cec3aaf-a7e4-452f-881f-cc28faf6adba,140,157.4,182.35,-24.95,-15.86
RouteID_7d0cbc69-6eb4-4bef-94f9-ba2b6981e696,175,191.85,185.69,6.16,3.21
RouteID_7d13a420-434a-4bc6-b3d5-70007efd9d85,180,197.11,185.61,11.5,5.83
RouteID_7d1a7ccb-b1df-4248-98e1-d5a5a49da2a5,164,186.06,208.63,-22.57,-12.13
RouteID_7d1e338f-ab2b-4b28-a1a0-200d7ab6c535,162,180.52,193.15,-12.63,-7.0
RouteID_7d233ba2-bc21-41ca-8a8d-e498c0724e0b,103,118.63,111.72,6.91,5.82
RouteID_7d263fbe-285a-4ec7-9f7c-468605d61aba,161,174.24,178.11,-3.87,-2.22
RouteID_7d4a454d-3107-49d9-b103-73c3415238b3,158,179.29,184.5,-5.21,-2.9
RouteID_7d5e1acf-2ced-4f37-9936-177a5485a02c,146,196.15,190.42,5.73,2.92
RouteID_7d8eb7d9-3719-478f-b62e-0d9b41e754b1,180,193.82,182.52,11.3,5.83
RouteID_7d90a7cf-709e-41f3-a17f-7fe21e2a85af,182,253.7,279.11,-25.4,-10.01
RouteID_7dbebcc4-3681-4146-889c-98f9c11afa08,184,193.3,203.49,-10.2,-5.28
RouteID_7dc5167c-6cc3-4852-9273-6aebad858c23,130,124.49,115.64,8.86,7.12
RouteID_7decc507-a329-499a-b91c-b8016040692e,152,174.06,165.3,8.76,5.03
RouteID_7dee560a-73ce-4121-894b-fe5b1fb296da,176,200.64,197.25,3.39,1.69
RouteID_7df5345a-3913-48cf-926d-21887b01f227,121,142.83,141.1,1.73,1.21
RouteID_7e09f85f-632d-417e-9ad3-c7f5466f65ee,154,174.74,181.67,-6.93,-3.96
RouteID_7e18e1b4-f21f-46c1-91b2-420a6d847019,107,144.22,133.31,10.91,7.57
RouteID_7e2e1160-754b-4fb2-8d0b-4583d0a9e002,98,103.47,95.1,8.38,8.1
RouteID_7e2edfb1-1d68-4278-9904-5267a01e02a7,186,229.09,243.87,-14.79,-6.45
RouteID_7e3f308e-2acd-4b98-baa4-740b350ae8b0,113,168.62,176.13,-7.51,-4.46
RouteID_7e44091f-6cf5-4304-b022-10ab66927dfc,159,226.28,236.19,-9.91,-4.38
RouteID_7e4e1028-2c61-48d6-89c7-1b0b351213c5,142,254.19,186.73,67.46,26.54
RouteID_7e534f55-93a9-46b2-80b6-ba8dec7940f5,140,211.31,203.89,7.42,3.51
RouteID_7e53839f-4295-46ba-b895-d0567e80d47c,126,174.99,182.99,-8.0,-4.57
RouteID_7e6adb6c-46f9-4cc3-af29-f711e487993c,38,46.03,49.27,-3.23,-7.02
RouteID_7e848423-8ef1-4285-9381-02edb992e603,190,268.5,263.69,4.81,1.79
RouteID_7e8cdc0e-0e4f-452c-aded-6622d2cc68e1,176,175.31,151.93,23.38,13.34
RouteID_7e992840-21cc-4cbe-919b-ea2263cd69a6,188,237.6,248.33,-10.73,-4.51
RouteID_7ea9f3a0-a10f-492a-8187-182ffae0310a,145,164.95,168.24,-3.3,-2.0
RouteID_7ec45bb6-8d3e-4045-96ac-ac8165b1b411,143,219.84,221.73,-1.88,-0.86
RouteID_7ecb6594-f594-4f51-9f67-79a56ec2d96e,162,155.19,160.94,-5.75,-3.71
RouteID_7ecd29b3-e09f-4c81-974d-0df6c9bfcc2f,135,190.38,207.4,-17.03,-8.94
RouteID_7ecec2fa-772d-4b0d-8c2a-8ee2536ada58,154,272.65,238.98,33.67,12.35
RouteID_7ed304db-2df3-4dc5-88a0-8f5c4fb367af,156,176.48,185.59,-9.12,-5.17
RouteID_7edc87bc-0ae8-4504-8dd2-b7b6d76c1689,150,181.53,181.46,0.07,0.04
RouteID_7edd58b4-05e9-48d4-bcea-8984c526c342,160,251.08,179.16,71.92,28.64
RouteID_7ee37db5-d663-4b2f-9d33-a6be058c0976,128,198.7,232.48,-33.78,-17.0
RouteID_7ee64ab0-256f-4207-8690-6f56468a4f6a,145,184.35,197.77,-13.41,-7.28
RouteID_7eefbe3d-7409-4423-968a-f32f575ad2f2,153,263.64,258.87,4.77,1.81
RouteID_7efd8697-dc77-4006-b678-b2b59fd4210d,176,205.82,181.92,23.9,11.61
RouteID_7f11ac39-2869-4017-a4dc-6757e108f1a3,124,190.35,179.17,11.18,5.87
RouteID_7f16f96e-ec83-4179-ab06-c08f27e40b7e,192,221.41,245.57,-24.16,-10.91
RouteID_7f1e0139-d317-46f5-93d6-64e9670b8c40,105,84.92,82.37,2.55,3.0
RouteID_7f1e14aa-c303-4977-b8a9-b16dd1306a7a,185,240.41,237.56,2.85,1.18
RouteID_7f296832-8348-46fe-bf6d-d38e70885718,152,177.23,195.22,-18.0,-10.16
RouteID_7f5d7cee-49af-4da9-b289-709987cd57b7,167,206.32,214.75,-8.44,-4.09
RouteID_7f5d87f0-c39f-434f-bf3f-b159ef321909,182,228.34,249.0,-20.66,-9.05
RouteID_7f68ded0-10a3-4eb5-932d-407db4ee8c01,136,211.84,247.01,-35.17,-16.6
RouteID_7f8ee8c1-e6b0-4dd3-a8ce-53f3cab288fa,182,182.19,202.94,-20.74,-11.38
RouteID_7f9513b0-c652-4783-81d4-526015d8ecde,150,225.54,252.89,-27.35,-12.12
RouteID_7f9e0104-b45f-46ed-a65f-a62548450d3a,116,132.26,135.63,-3.36,-2.54
RouteID_7fb1500e-b10f-4e1d-a780-1c325b2c27a1,157,230.66,237.38,-6.72,-2.91
RouteID_7fb2b192-e65a-4dce-8e7f-aabe0ced87c0,66,98.78,92.2,6.58,6.66
RouteID_7fc0fd14-95c8-45c1-a64a-de4a9779ad46,149,158.73,165.91,-7.18,-4.52
RouteID_7fd7074d-00f0-4211-a3c2-aa248e41b607,198,204.98,193.67,11.31,5.52
RouteID_7fdfbbb9-570a-48e1-a357-401d7d059f31,127,243.91,286.27,-42.36,-17.37
RouteID_8011f534-b4f4-4210-b1f7-95a9004fc2bd,175,187.28,196.8,-9.51,-5.08
RouteID_80127e4d-e3c9-4ab9-9787-7218cf7e4b33,147,251.5,252.53,-1.02,-0.41
RouteID_802f4be2-5eb9-462f-bd37-d8fbe088208a,129,169.68,178.38,-8.7,-5.13
RouteID_8046007d-6606-4154-836d-9d12e5d885cf,146,215.93,234.72,-18.79,-8.7
RouteID_80750a0d-b4e0-44d4-a7ea-7b232ca1bcfd,173,245.57,261.42,-15.84,-6.45
RouteID_807d471f-2c6d-4604-9502-1636196528bc,150,230.14,226.96,3.18,1.38
RouteID_80891d87-8dcc-48d0-85cb-b4c14073b29f,81,102.96,90.55,12.41,12.05
RouteID_809580ca-184b-472b-8d0a-1b713a6edc2e,172,249.29,237.96,11.33,4.55
RouteID_80976ac6-5c3e-41fc-9571-25707c9420f7,97,110.56,89.76,20.79,18.81
RouteID_80987246-f4ca-4263-bebf-eb3e75fcbce1,151,143.4,144.24,-0.83,-0.58
RouteID_809cdb78-6de0-4611-aa87-c0167a8c6a7e,157,155.81,154.54,1.26,0.81
RouteID_80a3f030-a583-47f7-8e77-0246a6e372ca,120,120.51,120.94,-0.43,-0.35
RouteID_80ac5a46-f147-42f5-8fc6-b181abe37084,162,204.55,214.62,-10.08,-4.93
RouteID_80ae5be9-cc37-4bd8-a33b-ca39b1fc7a92,121,169.7,171.5,-1.8,-1.06
RouteID_80b697ae-840b-4d3c-91a4-f87703fa9526,106,101.72,92.98,8.74,8.6
RouteID_80b90f01-8b1a-4fc9-84c6-90d44ae756a3,86,111.83,108.38,3.45,3.09
RouteID_80bf6b0f-b1c7-4860-b884-c3aa3b2caba0,143,171.38,172.18,-0.8,-0.47
RouteID_80deac7f-8517-44ad-8a59-84520ed2efa2,199,239.12,252.36,-13.24,-5.54
RouteID_80dfb04d-bc37-4d6c-87f9-97d3f2c47da9,102,127.36,118.7,8.66,6.8
RouteID_80e69c6f-0817-46d9-ae76-926d2afc6fa7,165,194.46,203.02,-8.56,-4.4
RouteID_80f14c51-d0ca-46d9-900e-8c0bd1e518a2,168,191.31,201.75,-10.44,-5.46
RouteID_8103e0af-814a-46f2-bb8e-f9e2ba768bc6,169,167.08,162.23,4.86,2.91
RouteID_810bc542-93f4-46b4-a32d-2d36f39e2901,153,198.33,200.14,-1.81,-0.91
RouteID_8112e4b8-4f94-47ba-be20-bb2fa97a43f7,171,267.02,291.65,-24.63,-9.22
RouteID_8116d03a-7ea2-4a33-8f91-83f2abca9ed1,130,188.57,184.15,4.43,2.35
RouteID_81191a0d-65c0-43f5-ae7b-934235efb1be,92,169.18,172.06,-2.88,-1.7
RouteID_811b18a8-3c68-4f63-964f-47af49ed96f3,192,263.33,260.84,2.49,0.95
RouteID_81317ba1-1681-4314-828a-78a689b778f4,156,206.12,201.87,4.25,2.06
RouteID_81352bc8-a8cc-42d8-9deb-cb1106d82bf0,139,195.54,206.41,-10.86,-5.55
RouteID_813a018a-7dd9-4866-904f-ee6ae02ddeef,207,220.88,227.53,-6.65,-3.01
RouteID_813f7d17-603b-4492-8bed-043629e4811b,192,178.07,170.76,7.32,4.11
RouteID_81429109-c5ee-4611-9a99-ed3f31b78935,92,125.83,106.49,19.34,15.37
RouteID_8153f15c-77a3-44ea-8153-053c3267c390,146,134.76,135.81,-1.05,-0.78
RouteID_815a7867-c67b-4ba9-8fbf-9a1b983e8e92,148,176.71,188.92,-12.21,-6.91
RouteID_816767d3-a5e6-43c4-8066-7bd8afb9d724,174,219.04,221.75,-2.71,-1.24
RouteID_81908604-3c92-4fcf-99f7-a8ee710d9fa3,152,190.44,184.48,5.96,3.13
RouteID_8193f817-0ec5-43e1-a67d-8062ac369a04,153,189.5,182.31,7.2,3.8
RouteID_819fcab8-47f4-4473-adc0-5082f1fea031,142,142.07,147.44,-5.37,-3.78
RouteID_81a5fef1-aec0-4a11-8299-c04fac2f5317,166,256.2,263.91,-7.71,-3.01
RouteID_81b0fe42-8e23-4ed1-9493-7941fa6a0eea,172,179.63,192.76,-13.13,-7.31
RouteID_81b60a23-6685-4de5-8b69-f890a3fc397d,150,198.62,200.35,-1.73,-0.87
RouteID_81bbbb73-2527-424f-8b11-6a449471d7c0,197,243.45,253.4,-9.96,-4.09
RouteID_81bfef92-d1f8-4e90-a1de-7dd285780b12,148,193.12,192.56,0.56,0.29
RouteID_81cf7e85-11f7-49f7-a858-2710bfa1dacb,162,216.5,220.63,-4.14,-1.91
RouteID_81d19df0-7c1e-4b04-9c6f-0cf4dbe9b3d5,161,191.81,190.86,0.95,0.49
RouteID_81d74347-7358-42d1-bed5-194f7862c055,152,148.59,145.81,2.77,1.87
RouteID_81e76b29-a2c5-4380-a421-b15ad8eaa740,156,191.7,206.23,-14.53,-7.58
RouteID_81f66536-9c66-4e19-9276-278c3ac5dc72,155,198.8,196.39,2.41,1.21
RouteID_81ff5533-1597-4d47-a2df-8bc95680f04b,139,210.58,218.94,-8.35,-3.97
RouteID_822eb0f5-ce0d-4e66-9bf9-785e3ce9ca0a,134,205.11,213.05,-7.94,-3.87
RouteID_82380220-a213-4a2b-a39b-2d0623078118,156,233.42,236.88,-3.46,-1.48
RouteID_823adf62-b68f-4a96-ba70-a57053ca5a93,192,229.41,239.56,-10.15,-4.43
RouteID_823bedf1-e167-439e-ad35-2b526542e44c,136,137.42,143.96,-6.54,-4.76
RouteID_824514fd-2a77-46e8-bc46-7262cd9a0576,192,196.85,215.33,-18.48,-9.39
RouteID_82617ee9-dce9-4a83-a401-e574870564cb,147,202.61,195.0,7.61,3.75
RouteID_82802535-0704-4244-8b3c-af7fa10d2727,152,176.61,181.01,-4.4,-2.49
RouteID_8281d6a2-7db3-46ba-aee0-e9f5404ce79e,139,179.86,192.91,-13.04,-7.25
RouteID_8296e605-12bf-4008-a98a-c511030e51fe,135,143.73,143.11,0.62,0.43
RouteID_829c3d83-e2e0-42bd-9b09-2b0a3185b3ed,111,121.83,124.47,-2.64,-2.17
RouteID_82a46589-2eff-42c4-891f-0482f922a344,119,110.97,105.04,5.93,5.34
RouteID_82af3056-2d7b-43b1-8080-39e4c2ecbf60,129,222.02,219.38,2.64,1.19
RouteID_82c7371b-35bd-439b-924d-1341ba38c626,139,210.73,209.1,1.63,0.77
RouteID_82d01fcd-309e-47c7-99f1-a4f31e4de726,198,193.32,194.11,-0.8,-0.41
RouteID_82d2e1ad-79e7-4dc7-9a69-0d5f80c2b5cf,117,128.16,139.53,-11.37,-8.87
RouteID_82d7ea2d-da9f-4e52-9fd1-4e3ecadcbe88,183,149.3,157.6,-8.31,-5.56
RouteID_82e93590-a457-416a-8626-72af2690d164,145,160.87,150.96,9.92,6.16
RouteID_82f14a50-5bb1-4df0-8c78-e22bca28dd81,139,165.24,159.68,5.56,3.36
RouteID_82f8190b-fbb3-41ec-a1d8-cd5c9fedd8f0,140,207.46,221.44,-13.98,-6.74
RouteID_83115e07-485d-4e5d-b381-94fe1a6deaba,175,184.85,184.53,0.32,0.17
RouteID_8312a860-5a48-4b4b-9061-0240b9803160,157,174.12,176.09,-1.97,-1.13
RouteID_831fa134-6e26-4ddd-878d-46be8bc18cdd,141,211.86,216.77,-4.91,-2.32
RouteID_83208dec-cc2d-4675-b3b2-96b10a8c3217,84,89.19,91.22,-2.03,-2.27
RouteID_832b91a5-9ae4-46e7-a344-3a428dfb698e,201,249.77,263.95,-14.18,-5.68
RouteID_8344ba6c-752f-4732-ada5-e7beb37284dd,154,193.45,218.32,-24.87,-12.86
RouteID_83475649-5542-484f-bd7e-63af510fb349,109,95.39,83.2,12.19,12.78
RouteID_83514aa5-b270-40f2-aa75-934e127ae226,133,161.66,169.51,-7.85,-4.85
RouteID_835d484d-24d1-4fa7-a922-63872b08fd22,160,183.98,179.77,4.21,2.29
RouteID_8363e444-8b88-4a27-9559-ee86c7e06c52,159,191.19,196.13,-4.94,-2.58
RouteID_83660c3e-2deb-4d45-ae2b-ad434b7e6e43,133,240.86,253.47,-12.61,-5.23
RouteID_836aa6fd-a15e-4d50-91af-e0a4aaafb288,182,144.7,134.2,10.5,7.26
RouteID_839d174a-9842-4a00-a09c-c92ba77c560d,170,229.18,235.21,-6.02,-2.63
RouteID_839e5692-02f8-4483-9eaa-e12ed842d631,94,125.57,99.48,26.09,20.78
RouteID_83a19aef-1e2a-45fa-8959-85e99c2da70a,162,189.29,205.44,-16.15,-8.53
RouteID_83bcb6de-2bea-4f5d-a4a4-8b0fbafa452d,162,222.6,241.0,-18.4,-8.27
RouteID_83c07adc-bba4-4fa0-aa6a-62ee0c104a8c,188,256.53,239.09,17.44,6.8
RouteID_83c70eeb-fd15-40a7-9c40-c2b5e1106163,130,143.58,147.72,-4.14,-2.88
RouteID_83c8fc14-4dc3-49c0-8592-9f401cc0648d,205,248.51,286.04,-37.54,-15.1
RouteID_83d01b7a-5d8d-4a7c-ba05-3918b2be18f4,162,231.64,243.36,-11.72,-5.06
RouteID_83d20ae4-fd4f-4dd3-af37-160e9a3919ad,142,155.62,152.94,2.68,1.72
RouteID_83d25694-9998-46f4-9a8c-c4996d6e9c83,183,234.61,246.76,-12.15,-5.18
RouteID_83d3df50-8ac7-49f6-83e1-b38403dec5c5,184,236.39,246.31,-9.91,-4.19
RouteID_83e31c32-08e9-4d45-82ee-93feda7bd57a,164,158.85,155.93,2.92,1.84
RouteID_83f37fec-395a-43fe-b20c-aecbb16f29f9,186,205.21,185.71,19.5,9.5
RouteID_83fcfd8e-b910-46dc-8c30-78ab7c3a936b,154,226.8,247.43,-20.63,-9.1
RouteID_84131e57-3be1-44cf-970b-070bb011072f,190,255.58,243.53,12.05,4.72
RouteID_8416a7a5-ab6e-42c0-9326-26381f4a59b6,219,214.8,240.44,-25.63,-11.93
RouteID_84284a65-d72c-4d1e-8c78-1f6233806c01,165,181.03,180.51,0.51,0.28
RouteID_842ca146-cf8a-4e51-97a9-e27cfd5de078,155,188.4,189.27,-0.87,-0.46
RouteID_844b64be-251f-4882-b18a-23a5507aa378,177,208.32,218.97,-10.66,-5.12
RouteID_844bd98e-456b-4cfa-acdc-7c512641f9f9,160,182.12,208.29,-26.18,-14.37
RouteID_845480b2-b2f9-4953-9c39-5f856ef1e523,160,224.96,231.54,-6.58,-2.93
RouteID_846a758e-1a74-4855-8d5c-dbb54033b18f,187,194.24,218.02,-23.78,-12.24
RouteID_846dc94d-9cbc-43f0-a537-4a81c8d7fa8d,152,157.96,154.6,3.36,2.12
RouteID_8473609b-c65e-4497-9d1b-6a69c5dbb314,140,228.21,231.55,-3.34,-1.46
RouteID_848a48ca-5a72-4991-a5b7-4d7f97a2d0a6,85,128.84,111.38,17.46,13.55
RouteID_848c3d47-f3e2-4868-9883-6d039e7d2f87,198,240.45,242.58,-2.13,-0.89
RouteID_848cd9f4-b950-4a8d-abf7-162a7867056e,134,201.98,202.8,-0.82,-0.41
RouteID_849caac8-0835-4262-9ded-ecb7137a4467,182,185.79,205.99,-20.19,-10.87
RouteID_849dd86c-0fdb-4c58-967d-168c9691c797,90,116.54,119.73,-3.19,-2.73
RouteID_84a68747-8b2b-4798-a554-28ff4baedd60,183,247.77,256.01,-8.24,-3.32
RouteID_84a7a335-305c-4bcf-bddc-73acd0cb3d7a,156,234.34,239.71,-5.37,-2.29
RouteID_84b7bf0d-ecae-462f-bf60-4c30262f2e72,177,233.15,233.0,0.15,0.06
RouteID_84c7bcaa-a3a2-4fb9-9cdb-2a2aa77dc668,155,267.6,259.52,8.08,3.02
RouteID_84ce46b1-9771-4d89-ae96-45baa6b49234,83,109.8,87.93,21.86,19.91
RouteID_84ce8289-7bc8-440a-bc04-3d1f027a07c2,169,206.03,220.38,-14.35,-6.96
RouteID_84da7266-60d5-41b7-8eff-2d76b046d77f,202,220.36,207.95,12.41,5.63
RouteID_84e80daf-e931-443f-a83d-83d52d0d4d91,187,248.28,228.84,19.44,7.83
RouteID_84f72f6e-3b04-4883-8e14-632fba58a7f0,166,183.53,201.53,-18.0,-9.8
RouteID_850269aa-cf49-4113-9d8e-14711cf8682f,122,101.31,106.11,-4.81,-4.74
RouteID_8502e1b3-515c-4781-8128-03bb3a36b783,94,108.1,84.14,23.97,22.17
RouteID_8510c662-745d-4e1e-847a-a7cb91d8ad9f,182,238.64,248.96,-10.31,-4.32
RouteID_85204302-9e49-4dd2-8efc-d04f7c822fdc,166,209.62,203.89,5.74,2.74
RouteID_85285257-2424-47d9-a72c-94cc28da904e,161,213.99,210.33,3.66,1.71
RouteID_85415126-444f-47dd-b32b-7275ab2717b4,107,131.72,120.78,10.94,8.31
RouteID_8556f8ec-4686-42b1-a7c5-f13c554e8897,134,192.49,199.01,-6.52,-3.39
RouteID_8565a9ad-f164-47be-b6fd-28e7d788901f,174,182.85,195.65,-12.8,-7.0
RouteID_85730a1c-c507-485d-9d03-7a716b4bb201,109,112.06,111.59,0.48,0.43
RouteID_8593ec14-106f-4007-8122-35f3c208ef9d,153,172.49,169.31,3.17,1.84
RouteID_8595b2cc-cbe8-46fa-8a34-8d70a8c6ebda,143,231.37,223.1,8.27,3.57
RouteID_8596d17e-0246-4afe-b7f9-a4bcaa73be8c,172,229.55,219.93,9.61,4.19
RouteID_85977d5f-8543-42ec-a778-bcfd574a320c,122,185.34,157.09,28.25,15.24
RouteID_85aec482-3df6-4cff-892e-4d7e827cb813,145,154.09,165.83,-11.74,-7.62
RouteID_85bc6e80-13cb-41e0-9c82-74ea8ab966c7,121,152.67,168.74,-16.07,-10.53
RouteID_85be7e4b-9487-4e20-87a6-bc5a6c30e75d,135,180.88,183.96,-3.07,-1.7
RouteID_85cc6265-5a36-4128-85b0-a11569a09c0a,58,100.85,86.3,14.55,14.43
RouteID_85d32250-376a-46fa-8275-602174a5ce36,159,153.59,157.33,-3.74,-2.44
RouteID_85e93874-76f4-43c1-82c8-cf7866500638,138,204.33,189.94,14.39,7.04
RouteID_85fa1c16-ae80-4142-815c-0104d95c3d59,42,80.7,68.67,12.03,14.91
RouteID_85fc47c6-d867-4a46-80fb-5500848643b9,167,229.75,237.66,-7.91,-3.44
RouteID_85fc89e2-2dd7-45d3-a74d-c86bfc617d5d,162,169.78,152.5,17.28,10.18
RouteID_85fec008-983a-404c-9b00-17889bd28234,194,286.08,267.5,18.58,6.49
RouteID_860682b4-fcc9-4eb3-842a-6dd65b49395e,198,170.32,173.83,-3.5,-2.06
RouteID_86235826-5f33-4c53-ad84-d3cea65dc36d,163,240.48,262.15,-21.67,-9.01
RouteID_862c4d83-9a7c-4e82-bb96-de86708686ec,150,168.14,158.78,9.36,5.56
RouteID_862d7bd5-c634-412f-bc54-d701e43a978a,116,170.81,162.67,8.13,4.76
RouteID_86304299-5f2d-486e-a216-77fb802178e4,147,182.47,189.52,-7.05,-3.86
RouteID_863bcc13-f431-4fce-89ad-a9bc857ad483,149,196.33,207.08,-10.75,-5.47
RouteID_863f1901-4d96-494b-88ab-33149743ea4c,166,229.93,227.86,2.07,0.9
RouteID_8643e615-27b7-480c-8003-a76f0f699d00,147,209.45,208.52,0.94,0.45
RouteID_86517a18-67ab-4b65-b8a6-afe7740861f7,150,186.49,189.1,-2.61,-1.4
RouteID_866fb8b0-ea67-4bdd-9c83-1b2e3e97b86c,177,215.46,222.34,-6.88,-3.19
RouteID_867903c0-3959-4fc1-91b8-4ded86e636f4,163,184.73,189.85,-5.12,-2.77
RouteID_868df313-fd3e-4c3b-aa86-edbba3172611,191,223.7,222.42,1.28,0.57
RouteID_868f28dd-ed74-44fc-9f9a-c55ba92f1ea7,176,193.42,205.37,-11.95,-6.18
RouteID_869774de-96b7-46e7-9a5a-5aca5ca84504,174,170.94,185.38,-14.44,-8.44
RouteID_86ab3b8b-1e01-425d-bb33-6f37405f0e1b,144,142.06,154.14,-12.08,-8.5
RouteID_86abc426-4c51-4415-b42f-964a74a81b0f,166,190.07,192.55,-2.47,-1.3
RouteID_86b98121-d379-4018-8aa9-2332d77c0b61,181,172.63,176.47,-3.84,-2.23
RouteID_86cbe600-6c82-446e-81e8-cb31473ab7de,129,183.86,187.58,-3.72,-2.03
RouteID_86db3f92-c88d-42fc-b67b-2a67f3a5b7bc,177,154.47,156.05,-1.59,-1.03
RouteID_86eddbfa-0677-4bb6-a7e3-a3fc627e9cb6,193,248.96,260.97,-12.01,-4.82
RouteID_87060c58-dea2-4621-a9b5-0341c3ee1a67,127,127.92,125.45,2.47,1.93
RouteID_871822a5-5759-4f5f-b303-3a5c38892170,154,184.9,196.41,-11.51,-6.22
RouteID_87194f14-3ebe-4c2d-beb3-ae77648a8068,193,256.62,266.09,-9.47,-3.69
RouteID_8722c5df-50ad-4841-bfa7-21616179083f,62,60.52,54.73,5.79,9.57
RouteID_873146b3-5cf7-423b-be48-fd1ccdf7370d,158,158.15,150.24,7.91,5.0
RouteID_87703650-a513-4c20-a64e-27f86456f76d,191,245.14,262.17,-17.03,-6.95
RouteID_8780d022-6383-4089-874f-ce7d01026f54,168,170.13,173.39,-3.26,-1.92
RouteID_87a00041-c07e-4c83-9f6d-ec39cf5592d0,76,123.54,115.07,8.47,6.86
RouteID_87acc75c-0933-4a30-966b-f9a7ad1b4957,155,168.44,172.97,-4.53,-2.69
RouteID_87b885b2-a8d3-4b1f-b8fd-1115219d0255,117,109.32,114.67,-5.36,-4.9
RouteID_87b8f113-8870-4f5e-b5d3-712356bd1170,147,152.76,169.98,-17.22,-11.27
RouteID_87c76a48-381f-4505-ba8d-67e79053696f,155,168.17,160.61,7.56,4.5
RouteID_87ca76e9-f348-4646-a434-91845c1b6358,189,238.09,253.45,-15.36,-6.45
RouteID_87cd1577-f53e-4941-9965-9a41a0563a55,153,173.59,194.53,-20.94,-12.06
RouteID_87fa696f-b752-4de0-9f35-ab1234de778d,104,134.14,130.71,3.43,2.56
RouteID_880a3c32-6071-41ad-b387-8620d36285de,121,125.38,115.77,9.61,7.67
RouteID_881272c8-8616-4ac1-b09c-c4fe66229896,172,169.19,174.49,-5.3,-3.13
RouteID_8818e981-8e63-4a85-a6de-8da897521db6,73,101.18,85.84,15.34,15.16
RouteID_881ab759-0ac4-45fe-a436-f4786bb330e8,117,153.68,163.24,-9.56,-6.22
RouteID_883f8700-e694-4ef0-968c-5299bf9a8e93,94,119.36,118.73,0.63,0.53
RouteID_885e01d0-98b7-4228-9b2f-b5f885ddf164,177,230.26,244.89,-14.62,-6.35
RouteID_8868aa26-94d2-4844-a1ad-5a43d99d6b47,157,177.99,179.19,-1.2,-0.68
RouteID_8869c070-cd25-49fd-b545-1904efd2adfb,100,125.17,108.8,16.37,13.08
RouteID_886a65eb-026b-40a0-82fe-3cbc576b9c53,132,172.8,159.38,13.41,7.76
RouteID_887256d0-1ffe-492a-ba53-8e6358dea51e,173,183.99,174.58,9.4,5.11
RouteID_88728ed2-0388-4fe5-9bb0-01a1b06f49e2,170,223.76,187.71,36.05,16.11
RouteID_887cde0d-2138-4f2d-9924-919748de37d9,145,158.14,168.43,-10.29,-6.51
RouteID_8885adc1-4291-42c1-bc0b-2ccc2b28b6d6,132,162.53,159.73,2.81,1.73
RouteID_888d846c-21bb-490d-898c-33c42001cd8b,139,158.47,157.91,0.56,0.35
RouteID_888e84e7-7cbd-4989-8b92-2764bf8c03dd,133,164.17,167.81,-3.64,-2.22
RouteID_8892ab0d-f891-4e26-b043-5370f5c5d048,198,219.64,238.38,-18.74,-8.53
RouteID_88945b07-0593-485c-a767-6bbe47414adc,170,199.4,206.48,-7.08,-3.55
RouteID_889fb2e6-0e10-4a02-a1bd-746503e6162f,189,261.42,264.91,-3.48,-1.33
RouteID_88a17a4d-9538-46ab-bcb5-04356801e50b,154,166.19,181.28,-15.09,-9.08
RouteID_88a1eef0-352a-4e01-9ad4-35b080c9aee4,116,93.96,97.44,-3.49,-3.71
RouteID_88ae3ac7-7b51-4515-8181-26b5b24f4b9e,157,222.86,243.86,-21.0,-9.42
RouteID_88c1ade9-7157-479c-9af7-b496e5fbc6f1,161,218.17,235.3,-17.13,-7.85
RouteID_88cf734c-cbe8-4ae7-b497-f1c0032a07a2,126,170.7,174.65,-3.94,-2.31
RouteID_88d0e482-6dc4-4877-bdf9-0c9d7c4b449c,162,209.47,228.8,-19.33,-9.23
RouteID_88dd4138-06a3-45ab-94fa-1464d752bd2c,151,230.93,228.03,2.9,1.25
RouteID_88e0abdc-f41c-4b3e-9f47-ceb88768a539,182,199.75,209.7,-9.95,-4.98
RouteID_88e0c2ab-dec7-4a81-ade3-7d326cbe8554,169,226.48,230.0,-3.53,-1.56
RouteID_88f932e9-f2bd-4b0a-8af5-4067baa24c08,98,94.2,94.2,0.0,0.0
RouteID_8915db4b-7543-4523-91ee-cf8efb57dce9,184,222.76,211.14,11.62,5.22
RouteID_893699a6-83e4-4f5d-877d-8a42767946af,194,179.75,208.82,-29.07,-16.18
RouteID_893c1c4b-5183-4ebd-8110-16ce6767be07,125,164.18,170.98,-6.8,-4.14
RouteID_893d4ae7-4774-4982-86d8-ac3d896a2a77,188,210.27,201.51,8.77,4.17
RouteID_89413a52-5b52-44dc-a4af-2cba22a27560,171,178.75,193.86,-15.11,-8.45
RouteID_8944c516-65c8-4f73-8d46-47de5eb337ad,144,165.99,169.45,-3.46,-2.09
RouteID_894c1009-afde-488e-b6c0-2d4fbcd411cd,187,202.08,218.41,-16.33,-8.08
RouteID_89543e54-e254-4993-b687-f358b3124a0b,132,205.26,233.64,-28.38,-13.82
RouteID_895c8aaa-2647-4292-b045-1b326205d9b3,143,229.4,245.09,-15.69,-6.84
RouteID_8961343a-19dc-43ea-92a3-2e611b199fa6,115,125.79,107.75,18.04,14.34
RouteID_8966fc08-3a2f-4ce7-a5e8-05a7638ad669,141,122.92,124.24,-1.32,-1.07
RouteID_8984121a-12a1-4a66-8fd8-4d335f363535,129,166.71,157.32,9.39,5.63
RouteID_899a31e9-6135-4caa-9b1b-ccf99249752e,176,193.97,205.39,-11.43,-5.89
RouteID_89a06d3a-f997-4506-924d-6c1d53dc63d2,195,222.63,242.55,-19.92,-8.95
RouteID_89a3515b-999b-45bf-b5e4-e4489cac1817,122,135.62,131.94,3.68,2.71
RouteID_89a6b9f3-0aa8-4b26-b498-12071565df3a,123,166.75,153.47,13.28,7.96
RouteID_89ae76a7-0359-4a5a-8031-72efdb552b00,132,170.18,156.56,13.62,8.0
RouteID_89b744a9-9402-4cfa-bccd-8d05355bb4c7,137,197.29,195.35,1.93,0.98
RouteID_89c613d5-3801-49bc-83c6-ac01ac4705bb,115,104.69,91.75,12.94,12.36
RouteID_89cd0868-588f-49c1-8f77-97f82e6b4c7f,139,173.94,180.83,-6.89,-3.96
RouteID_89d62883-6761-450d-86f5-32a8bf42be36,102,115.37,120.49,-5.11,-4.43
RouteID_89ec1226-72ee-48bb-a8d2-3c0384524664,188,214.56,231.86,-17.3,-8.06
RouteID_8a0218e1-9268-44b7-b9a9-d2d8afc8b5db,112,172.93,174.93,-2.0,-1.16
RouteID_8a0e2284-8aa7-49a6-931b-7d7ae0f57767,171,173.0,178.46,-5.47,-3.16
RouteID_8a145c7a-c5b7-4cfc-a027-733cfdf40227,187,233.52,233.04,0.49,0.21
RouteID_8a18fa7e-b35a-421d-a071-7bcf2000c6f1,181,202.02,208.69,-6.67,-3.3
RouteID_8a1d973e-142f-4c01-88eb-743a41f0b87d,177,209.83,223.14,-13.31,-6.34
RouteID_8a205059-abac-4869-b8e8-75880d60e2e6,170,249.13,283.26,-34.13,-13.7
RouteID_8a2245b0-5630-41fa-813c-ccae7393c460,106,119.71,108.87,10.84,9.05
RouteID_8a2d560a-59d3-4625-94c3-ac55e33399b7,133,216.34,223.94,-7.6,-3.51
RouteID_8a2e002a-80dc-4b6c-bc45-2ece95281d63,90,88.42,85.81,2.61,2.95
RouteID_8a301ed1-793b-4b7b-babc-fb7975c3921c,132,126.43,126.39,0.04,0.03
RouteID_8a4948c0-031a-412b-9354-ecd728347483,101,103.83,97.18,6.65,6.41
RouteID_8a4b7805-dd86-4128-a5d5-a189054f7eaf,160,249.25,244.3,4.95,1.99
RouteID_8a4e878d-dba9-4ca4-bbcf-2d70752ed51a,119,109.08,110.31,-1.23,-1.12
RouteID_8a4f15cd-8800-4d4e-8197-f63e64da7b61,166,219.07,227.52,-8.45,-3.86
RouteID_8a5e750d-2c87-4fb1-a51d-d0a70729ff3f,87,93.32,84.33,8.99,9.63
RouteID_8a5eb63b-c25d-4ea9-b9f9-989dba64695d,185,153.19,168.31,-15.12,-9.87
RouteID_8a650320-4c2f-4e42-b057-c9aca353a826,144,206.41,221.72,-15.31,-7.42
RouteID_8a651fc6-9062-44b6-9a91-07b054dec2bf,83,106.5,92.25,14.25,13.38
RouteID_8a6d170a-0e8a-4d79-8216-7f4dc26fe5af,187,180.35,189.13,-8.78,-4.87
RouteID_8a834608-809b-46da-b44c-cfbd32b1e0f0,159,194.79,219.23,-24.44,-12.55
RouteID_8a895fbb-73d7-4381-8d6c-4a10fa23b103,115,194.4,205.01,-10.61,-5.46
RouteID_8a8bab81-3f43-4b91-a247-f3498cdbaeac,144,188.92,194.15,-5.23,-2.77
RouteID_8a94340b-0e95-467f-8f6a-f583157e628e,163,208.72,192.9,15.82,7.58
RouteID_8a956f2b-5dcf-4eab-a2e1-5ea7cf879b20,103,92.51,102.68,-10.17,-10.99
RouteID_8ab74ef7-f2e7-4fd7-8e71-b390f2004adf,164,164.6,176.9,-12.3,-7.47
RouteID_8ab9ae37-0bde-4545-849c-27d9c0e7c127,109,139.55,137.29,2.26,1.62
RouteID_8ac2f8dd-7012-4687-aafc-a414f8902e91,149,191.45,189.14,2.31,1.2
RouteID_8ac566a9-ddd4-4426-b146-a43b15100c66,152,179.31,172.27,7.04,3.93
RouteID_8ac9fd43-fa6d-4849-8a7f-e4dc225c4f97,143,179.17,191.73,-12.56,-7.01
RouteID_8acd44a4-0c69-4b62-847a-af10858a649b,214,227.58,238.42,-10.84,-4.76
RouteID_8ad50cf4-81e3-466c-8325-6b54da61ba19,197,205.88,223.81,-17.93,-8.71
RouteID_8afa55b0-f1ca-4434-b1e6-aacc1541d273,126,168.41,171.82,-3.42,-2.03
RouteID_8b114f81-bd37-4475-ad9f-c0ad2e38f1f7,162,198.08,208.64,-10.56,-5.33
RouteID_8b18ea27-b7e2-4c6d-9e49-3ee79a6bd3df,153,194.24,203.87,-9.63,-4.96
RouteID_8b1ac997-8fb4-4db3-a8fe-c7ec5acbbbfd,188,226.67,237.77,-11.1,-4.9
RouteID_8b1bd51a-db57-4e97-9301-5ccd6250d9b1,148,209.47,227.38,-17.92,-8.55
RouteID_8b3bf4a4-d9c8-48a4-96bf-8f56a4d6982d,194,226.6,254.96,-28.36,-12.52
RouteID_8b3c08c9-5709-40ae-9dfb-25f1000271c8,179,168.34,174.34,-5.99,-3.56
RouteID_8b3e94ea-1f8d-448f-8391-a7352899281f,183,190.5,186.73,3.77,1.98
RouteID_8b4494ce-b6b7-4b61-af0e-812d9eb41030,107,123.11,123.06,0.05,0.04
RouteID_8b47d67a-ee07-4774-8cea-2764431e479f,106,95.35,86.29,9.06,9.5
RouteID_8b50a9e4-141d-4201-b6e7-bb36f454e396,108,106.5,98.47,8.03,7.54
RouteID_8b5c04e7-0c0b-42c3-afa3-62bb4a268ddb,109,149.4,133.13,16.27,10.89
RouteID_8b5ede6e-b1ac-4474-8b44-a3e668042ae6,173,222.12,223.37,-1.24,-0.56
RouteID_8b69878c-813d-4dc5-bb2c-90d775fb9051,193,181.76,199.22,-17.46,-9.61
RouteID_8b7482be-60b5-4ce2-9488-18eecb1b7af4,146,179.22,192.95,-13.73,-7.66
RouteID_8b7513a3-9e08-4118-a0d5-09b9e5632acb,148,201.36,193.54,7.82,3.88
RouteID_8b758cca-161c-4998-a5f7-4b1e2b3d35fc,175,258.81,271.94,-13.13,-5.07
RouteID_8b7769a8-d842-4fa3-a44c-07346b8c8a60,160,211.17,215.25,-4.08,-1.93
RouteID_8b782607-313e-47c6-aa46-de0a02b74cd3,115,103.82,101.33,2.49,2.4
RouteID_8b88be80-cb9a-46a2-95fb-8446b58480c4,180,190.8,204.99,-14.19,-7.44
RouteID_8b89cdb4-b2fc-43b1-903b-2d2338e40de5,189,212.71,202.74,9.96,4.68
RouteID_8b8d88fb-b2b8-4b54-afdb-2ab8ab442e5a,158,158.29,178.72,-20.43,-12.9
RouteID_8b8d8f6e-5912-43cd-85f5-3c83910e1b45,132,188.01,205.89,-17.88,-9.51
RouteID_8b8f4e98-6e59-457f-9923-3ce7f2cf6072,175,180.48,184.85,-4.36,-2.42
RouteID_8b9c21f5-518b-4cfb-8f9c-0e0fd9fe0ec8,88,114.45,118.01,-3.57,-3.11
RouteID_8bb1b402-bde0-4ffd-8b7b-f7b86878cfb3,166,164.95,169.74,-4.79,-2.9
RouteID_8bb4bf6e-cb87-4046-b795-021529c20442,105,87.26,85.05,2.21,2.53
RouteID_8bd08676-75f2-4ddf-8aeb-7e63b74f8600,163,184.66,197.36,-12.7,-6.88
RouteID_8bef849e-27b4-4ffb-a580-fa79524a9ae9,143,198.92,203.13,-4.21,-2.11
RouteID_8bf39986-a9c5-46ed-b305-a8beafa753d0,135,207.27,209.99,-2.72,-1.31
RouteID_8bfad394-cc0c-4301-9c16-003785b3c2ee,144,183.35,179.84,3.51,1.91
RouteID_8c004630-9e70-4f13-a33e-011ed1d6f47b,167,188.17,188.99,-0.82,-0.43
RouteID_8c005ecc-7109-4de9-8dfb-89eb4d578209,153,223.32,247.66,-24.34,-10.9
RouteID_8c01c062-d4f3-4441-acbf-207c52a1e1da,72,105.04,104.2,0.84,0.8
RouteID_8c12ca30-e117-41ec-9049-f0c7bbb4b295,138,197.55,219.66,-22.11,-11.19
RouteID_8c12e45c-557c-4986-99f7-143971592927,139,201.68,192.79,8.89,4.41
RouteID_8c27447a-02a9-4e39-b1f1-8597101580d3,142,164.3,177.85,-13.55,-8.25
RouteID_8c77b4d1-b0c4-4761-8aa8-8bb7691d7206,130,137.21,137.41,-0.2,-0.15
RouteID_8c788d23-093f-4cc0-979c-2f79a52e8d0f,141,170.36,170.12,0.24,0.14
RouteID_8c7cfd4b-79e0-4ccb-bb8a-70960c62f317,150,196.62,204.67,-8.05,-4.1
RouteID_8c82c033-d239-4ce3-989b-6e8856774889,98,110.09,106.89,3.2,2.91
RouteID_8ca4ce43-7bc2-455d-8300-62d6c7273c15,135,200.66,209.73,-9.07,-4.52
RouteID_8ca64ef5-58c8-4dc0-a8a5-60ee42ddc4f4,133,179.85,199.72,-19.87,-11.05
RouteID_8caef543-dd6f-4c8b-b531-fe6f767b0a26,147,187.41,191.24,-3.82,-2.04
RouteID_8cb0c473-7e6d-420f-85e0-362f7cc89775,166,203.98,216.36,-12.37,-6.07
RouteID_8cb90307-e0eb-46ea-aaa9-16e3b1296b3d,150,186.4,179.31,7.09,3.8
RouteID_8cbd4291-f6c5-45fc-9d0c-ad761cfe5af9,181,231.42,267.58,-36.16,-15.63
RouteID_8cc3ae72-4853-4338-9a74-8077a5737929,64,99.62,89.43,10.19,10.23
RouteID_8cc876cd-d046-43a1-b91f-50c1c999d0f7,108,148.57,163.37,-14.8,-9.96
RouteID_8ccc45dd-e94f-43a8-81c5-8bd466e0c8a0,161,168.21,171.43,-3.23,-1.92
RouteID_8ce03cbd-0f12-4782-8c2b-f362cae19906,101,122.79,122.77,0.03,0.02
RouteID_8ce8bc17-c3ff-44ca-89e9-83d4fd64b6dc,142,120.34,133.26,-12.92,-10.74
RouteID_8cf00f35-8445-4f23-9bb5-7eca8ecd911c,142,157.37,155.3,2.07,1.31
RouteID_8cfcd2bb-4595-4a86-88cd-388b6deba2b9,172,182.68,185.16,-2.48,-1.36
RouteID_8d0c62ac-2c24-4477-9f76-0534097e805d,147,162.95,174.18,-11.22,-6.89
RouteID_8d0c6f98-a265-41fd-8002-8c0f54bd991f,168,189.49,204.31,-14.82,-7.82
RouteID_8d3f0d4b-1b2a-4399-8c6f-eb065dbfb23b,173,225.18,235.82,-10.65,-4.73
RouteID_8d46bdb6-ea28-4404-a127-3b6fd77a3a74,158,165.16,170.11,-4.95,-3.0
RouteID_8d59264d-2df7-4593-a53b-5805e949c039,151,168.53,160.47,8.06,4.78
RouteID_8d61d9ac-2c0b-43e5-9604-a8ee485fbf28,126,133.19,122.19,11.0,8.26
RouteID_8d686bda-4e2b-43c9-ac5b-3997b07a8ad7,115,133.98,137.94,-3.96,-2.96
RouteID_8d800205-c71b-4d69-b615-8e3074678027,172,181.03,175.85,5.18,2.86
RouteID_8d89c2dc-ccb5-4929-8611-e2dfa5915cd7,165,187.68,195.45,-7.77,-4.14
RouteID_8d8e10b5-df14-4164-bf4d-9c3bdf06266f,165,216.68,230.78,-14.1,-6.51
RouteID_8d945c9f-bfbb-438b-9a96-c31821f28ba5,140,157.39,160.19,-2.8,-1.78
RouteID_8d96e40e-3776-471f-941d-cb9ecefedd02,150,237.83,239.88,-2.05,-0.86
RouteID_8ddc4ae5-da2b-4572-8758-57b46a3adcfb,152,165.06,170.41,-5.35,-3.24
RouteID_8de6b935-071c-44c2-8b74-da0615b97e13,165,186.25,188.42,-2.17,-1.16
RouteID_8debce22-96f0-49f8-9233-678194f15ab8,160,234.65,248.51,-13.86,-5.91
RouteID_8debebf6-9667-4fb3-b5a1-05440f24886f,125,143.94,151.3,-7.36,-5.11
RouteID_8dfa3c5b-52ff-4d1f-a088-b3584affb8bb,143,209.85,216.57,-6.72,-3.2
RouteID_8dfd790a-c8f0-4dde-b83e-a88ccf9881eb,190,217.65,237.14,-19.49,-8.95
RouteID_8e062426-5d8f-4f9f-b44b-000950971831,154,161.21,171.31,-10.1,-6.27
RouteID_8e2ef7fa-aa5b-47e0-a217-8c6d95dfe6c9,183,209.01,237.21,-28.2,-13.49
RouteID_8e461795-3b7b-4203-b378-20602efd3634,191,173.18,193.52,-20.34,-11.74
RouteID_8e472591-6794-4b20-9671-882d4e16505c,153,235.37,257.15,-21.78,-9.25
RouteID_8e4cb07e-6784-4c2d-a5cd-48d660483e0b,124,196.84,182.3,14.54,7.39
RouteID_8e4ceb49-0082-4d2b-8786-7b9b4482e78b,169,211.64,241.13,-29.49,-13.93
RouteID_8e4dca0c-f340-48b5-8844-d41b48207998,160,194.43,207.47,-13.04,-6.71
RouteID_8e86da60-9fe5-4021-8038-9f45cd81508c,164,259.51,275.01,-15.5,-5.97
RouteID_8e9d596d-4cbb-4fd7-a0d5-2b6fd413c70c,201,180.56,181.65,-1.09,-0.6
RouteID_8e9f63c0-30b4-46ab-86dd-5e24afc13ec3,115,119.25,121.52,-2.26,-1.9
RouteID_8eadf217-5d45-449f-8d70-5c9a9444bf23,109,203.16,184.62,18.54,9.13
RouteID_8ec1a35c-e0d0-42ed-9054-2ffe259534b9,169,202.72,193.99,8.72,4.3
RouteID_8ed063d0-b83f-4ba8-8f84-39e14b585134,147,245.75,265.43,-19.68,-8.01
RouteID_8f13d353-13f9-4c6e-bfdf-18ce95711dcc,181,171.42,178.95,-7.53,-4.39
RouteID_8f201bc3-eef0-46d0-8d1b-115e142b5c25,186,234.82,231.18,3.64,1.55
RouteID_8f20e57e-c017-42ad-b03f-c85e87f3088d,144,159.04,158.18,0.86,0.54
RouteID_8f40d72c-c84c-4c35-8b67-e013f1113525,130,134.1,130.28,3.82,2.85
RouteID_8f496379-036d-4ec1-94a9-e90224969192,224,260.56,262.06,-1.5,-0.58
RouteID_8f5dfa60-35c1-462c-84e4-af087421714c,143,142.82,145.62,-2.8,-1.96
RouteID_8f68a42f-658f-4793-9c11-7a18ecd13545,166,216.34,209.52,6.82,3.15
RouteID_8f7b3236-39ce-4f37-98e1-67f41e442f4b,145,200.88,182.56,18.32,9.12
RouteID_8f808500-dada-4167-b207-6c8a7f5702f9,197,208.79,222.89,-14.1,-6.75
RouteID_8f846a6a-e3ee-42b2-8df2-29d784fa9334,179,143.93,153.1,-9.17,-6.37
RouteID_8fb70915-9528-49ff-8d87-ec30038206c5,141,297.09,278.99,18.1,6.09
RouteID_8fbd3bec-c3f6-4dfa-abf2-e9690cd9bb0c,100,90.06,81.64,8.42,9.35
RouteID_8fbf3282-5e52-4cc0-80c9-29c0e9d533c3,136,171.35,187.46,-16.11,-9.4
RouteID_8fd7a0a9-dd5a-4cc2-861f-cfe925800edd,86,141.72,133.96,7.76,5.48
RouteID_8fe0c888-5c44-4d75-887c-1d68924e2de5,142,211.28,217.39,-6.1,-2.89
RouteID_8fe7b449-cada-4dfb-9f43-d0ec77b00d40,96,149.27,141.96,7.31,4.9
RouteID_8fe816ce-bd16-4171-9042-63d60ab8dbd8,88,86.95,81.31,5.64,6.49
RouteID_8fed8411-4b0c-4e1b-bbe6-c720f7bcb4fc,152,212.41,221.56,-9.15,-4.31
RouteID_8fef1f87-43bd-47fc-a28e-68b14aba801d,178,184.77,190.01,-5.24,-2.84
RouteID_8fefade2-b636-4551-b50f-f306f208f015,152,188.86,183.98,4.88,2.59
RouteID_8ff673d3-7ba9-47bc-b69a-b6600e4d8759,161,192.39,198.52,-6.13,-3.18
RouteID_8ff75329-acb1-4144-93dc-59a8830116cf,170,165.9,162.6,3.3,1.99
RouteID_90017a5d-7255-4ede-a033-0e9a32b2b017,171,168.38,167.99,0.39,0.23
RouteID_9012fc03-1535-4746-b32a-7b3e1b228da3,157,174.91,187.02,-12.11,-6.92
RouteID_901c7147-eb31-4405-bdf7-95026132ea32,144,178.55,179.53,-0.98,-0.55
RouteID_902524fa-2422-49f5-a13a-3f9cddfa70ef,179,210.17,190.66,19.51,9.28
RouteID_90264cd2-abf0-4f51-8037-f7e535b9e67d,163,257.48,278.79,-21.31,-8.28
RouteID_9027d49b-ca23-4acb-bdbc-8863919f16c1,133,165.73,188.77,-23.04,-13.9
RouteID_9031496b-7d8f-42bf-927b-0329d63291ba,155,222.96,217.71,5.26,2.36
RouteID_903513e8-c31d-46da-b183-6e064037b32f,175,244.99,242.54,2.45,1.0
RouteID_903821b9-3d78-4eca-a8ea-d8f6828bb194,91,116.64,106.41,10.24,8.78
RouteID_90411714-7631-44cc-9a3c-beb5f88b517c,120,211.59,222.48,-10.89,-5.15
RouteID_90499042-ee66-4323-8846-770a5f2695d1,174,205.91,201.31,4.6,2.23
RouteID_904f5275-48af-4071-936c-2430be4b9484,163,169.16,181.1,-11.94,-7.06
RouteID_90573a2b-d033-4289-97eb-25f1b0f4af50,159,223.35,228.57,-5.22,-2.34
RouteID_9075e653-a4ab-4eb4-81b2-16ad33a13c58,110,78.69,86.64,-7.95,-10.1
RouteID_9077e9dc-f413-403c-830a-9a82371a73dc,163,172.43,185.58,-13.15,-7.62
RouteID_9089f5cc-f3e3-4b71-82f0-9baefa05d6c8,137,163.99,152.03,11.97,7.3
RouteID_908fdcf1-bf69-4ded-ab52-1e60f39e1d0a,137,152.33,156.88,-4.55,-2.99
RouteID_909386bb-eed0-4779-a6e2-1fc0e7af11be,167,210.49,215.57,-5.08,-2.41
RouteID_90a6b0d7-217e-40a3-a4c1-a978151616fe,74,75.54,73.93,1.61,2.14
RouteID_90b41ee2-81e3-40b1-b344-3b91a94a205a,155,182.8,201.61,-18.81,-10.29
RouteID_90da1269-9ea6-4b43-9fb8-db3d9ff10074,135,122.21,109.89,12.32,10.08
RouteID_90db88f6-c55b-41c1-b03f-aeae10e1277a,99,140.4,142.42,-2.02,-1.44
RouteID_90e584d2-1944-4ed7-95c1-27a8d3eb3ee1,177,176.19,172.74,3.45,1.96
RouteID_90f2e760-29bf-400a-b367-6d6aeeb5f166,180,220.88,228.02,-7.14,-3.23
RouteID_90f96695-2af5-4065-b845-dd6df56258b0,201,296.47,310.05,-13.58,-4.58
RouteID_90fc7050-6478-471f-9694-c59c7869741f,145,200.08,224.25,-24.17,-12.08
RouteID_90fd3ec2-bec2-4894-8866-127c2fe5b810,141,149.8,144.14,5.66,3.78
RouteID_9104c499-6c84-4709-8bdc-3ca9be8acd88,131,123.02,119.32,3.7,3.01
RouteID_9110ead6-ca3f-4e86-8023-615d36a9d6e2,169,189.58,201.07,-11.49,-6.06
RouteID_911ce56d-aa05-40a3-96ef-1841828522c2,70,102.72,93.2,9.52,9.27
RouteID_9121e3aa-c8b7-482f-927d-bf90423bff28,181,201.28,211.13,-9.86,-4.9
RouteID_91283a27-5abd-449d-bc36-50f5492ae0e8,197,163.7,177.11,-13.42,-8.2
RouteID_912afd28-8e06-4075-b656-6b7a95cced93,172,175.36,185.07,-9.71,-5.54
RouteID_912bc2a7-a414-49fc-b6e6-224f694fb2f6,178,187.74,188.45,-0.71,-0.38
RouteID_9138cf7e-19b8-4a9b-8b60-93b265ff766a,151,209.71,206.46,3.25,1.55
RouteID_91415ba8-01fc-47ba-9f62-e136889f0461,169,185.23,182.58,2.65,1.43
RouteID_9149675b-2385-4661-a810-7563f1b9cfbb,186,211.41,211.51,-0.1,-0.05
RouteID_91523a9e-bb30-4c31-a6b7-12379da4e6e1,174,201.29,209.47,-8.17,-4.06
RouteID_91593302-3861-45f5-bd45-1f2e62103350,177,166.51,151.86,14.65,8.8
RouteID_9162c9e8-b6dc-4f4f-84a8-116be7db924c,172,228.12,237.5,-9.38,-4.11
RouteID_916df244-5412-474b-8a48-016695370d5e,137,180.87,176.09,4.79,2.65
RouteID_91723910-b7bf-416f-8547-313462d679df,167,235.44,260.3,-24.86,-10.56
RouteID_917b4ad6-10d4-4349-b8df-8e0fe4339d0b,120,125.53,127.85,-2.32,-1.85
RouteID_9182e97b-03ff-4a81-8aa6-245daa2ae75e,203,242.61,267.19,-24.58,-10.13
RouteID_91864102-5fd3-473c-add6-1391e28c399e,154,214.03,224.88,-10.86,-5.07
RouteID_91a7f3c3-aea5-47d2-bc50-224b9aab2080,146,185.03,174.04,10.99,5.94
RouteID_91ada984-d3ec-4e4a-908d-64cbe5cc5783,157,185.17,192.43,-7.26,-3.92
RouteID_91b0cb9c-63f5-4ac7-bae2-245dd628a7d4,67,117.7,97.19,20.51,17.43
RouteID_91b46004-2e9f-4df1-a3f8-ab49128126f1,129,153.67,160.45,-6.78,-4.41
RouteID_91b561c1-859b-4999-a886-afcf86ca6325,168,180.15,188.28,-8.14,-4.52
RouteID_91ba7858-5ab7-4a51-a470-22076c2682dc,142,188.46,198.34,-9.89,-5.25
RouteID_91bdcdc0-5f1f-4e62-bd8a-04df66e0ed9b,151,191.4,189.54,1.86,0.97
RouteID_91be7323-d6c5-4dff-a71d-b8fde8700caa,158,198.89,207.11,-8.23,-4.14
RouteID_91c56190-22d3-40e2-9f5d-eccd06e5f0e0,125,122.38,117.99,4.39,3.59
RouteID_91c6896a-de79-4d03-8489-253146bec27b,128,158.36,170.39,-12.03,-7.59
RouteID_91e82851-d18a-4cdc-be11-f2fe35e055dd,85,110.48,98.92,11.56,10.47
RouteID_91f12962-7f76-4e66-aa38-ebcd53923073,182,216.89,248.29,-31.4,-14.48
RouteID_91f636b0-0b01-47ea-b2f5-aeb8953f0095,162,189.8,210.34,-20.54,-10.82
RouteID_91f98ff7-5923-48df-a8f4-67b5274d8f29,149,164.62,182.09,-17.48,-10.62
RouteID_91fd1d9e-b513-4004-98b5-94fc44f70ecd,205,237.44,245.65,-8.21,-3.46
RouteID_91fed7a7-e02b-4cb1-a5b1-ce662fcaefb7,108,184.15,182.6,1.55,0.84
RouteID_920d1cd2-9d64-4ac3-876e-f24e8e2f0689,157,192.43,192.84,-0.42,-0.22
RouteID_921df874-53dd-4478-b398-4fed2587fded,198,175.52,189.06,-13.55,-7.72
RouteID_9221a08a-6e4e-4081-887d-b3219b0ae5b6,160,184.57,183.15,1.42,0.77
RouteID_92258d20-c45e-4774-a7d4-52850ed2cf40,174,188.15,203.37,-15.22,-8.09
RouteID_9239d958-2173-47c0-ad32-fe2a08319bf4,133,163.74,172.37,-8.64,-5.27
RouteID_923d8a54-76e6-423e-9240-49989a19fd86,148,211.09,221.84,-10.75,-5.09
RouteID_923fd6c4-f2a9-434e-9c02-e01a89743540,197,182.83,195.11,-12.28,-6.72
RouteID_9254f1aa-e3dd-4bbd-a1d7-c9e299722783,130,172.06,172.23,-0.17,-0.1
RouteID_925539d2-b772-40a5-9e5e-276317602149,183,177.71,196.64,-18.94,-10.66
RouteID_9261c89b-0095-4e15-b68c-8b9a4cc087f6,142,171.72,186.58,-14.86,-8.66
RouteID_9262298e-a565-4221-b5a1-fc9879f45f47,132,128.12,119.91,8.22,6.41
RouteID_92682153-989e-4baf-a022-0764fe22ffa9,143,149.05,156.43,-7.38,-4.95
RouteID_92694ad8-a766-42d8-884b-bfac7b03011e,119,179.91,185.47,-5.56,-3.09
RouteID_926ea36e-50d9-4bac-8726-01280665e073,148,194.34,201.59,-7.25,-3.73
RouteID_92708875-21c8-48b8-8ff5-bcc0bf30a63f,144,166.46,190.73,-24.27,-14.58
RouteID_9270912d-146e-4cd4-afc5-87a0aef6d719,182,149.9,158.86,-8.97,-5.98
RouteID_927237b1-7bdc-442f-9868-3c294333e0da,120,129.93,140.04,-10.11,-7.78
RouteID_928223de-c16a-4ae7-8107-c57bf680926f,158,158.82,173.65,-14.84,-9.34
RouteID_929e8231-a5e7-4a32-b1fd-4354cd2c0652,127,115.75,106.43,9.32,8.05
RouteID_92a00852-2492-4619-aa92-2253ff571e3f,97,127.9,115.81,12.08,9.45
RouteID_92a5fc39-ec62-4dc5-a3ff-f433c91ccc0a,135,198.59,196.73,1.86,0.94
RouteID_92ac7c22-a275-4f96-bca6-90bf9bd34f47,104,183.8,198.16,-14.36,-7.81
RouteID_92b58f35-ecd3-4b84-b5b0-a5dd25e9af64,113,154.95,141.47,13.48,8.7
RouteID_92b6416c-948f-4ee6-ac45-d9a4ebc0daf2,144,165.37,147.29,18.09,10.94
RouteID_92d5afc9-79a9-462e-9b8d-3be85d1ebafb,186,216.74,240.72,-23.98,-11.07
RouteID_92d5f4cc-d06e-4282-853e-3ea4195544e0,60,74.24,60.92,13.32,17.94
RouteID_92fa01bd-1907-4b1c-ab57-2b466ca1c60b,105,154.7,169.26,-14.56,-9.41
RouteID_92ff1fdd-ad86-4a3d-be81-068a174a5b7b,177,178.35,202.65,-24.3,-13.63
RouteID_9301e832-6af9-430f-91af-b19acbf73c03,118,126.62,124.5,2.11,1.67
RouteID_9305bd3f-c2a6-41a5-80ea-ab46b1e58486,161,183.5,189.06,-5.55,-3.03
RouteID_930f8586-2d55-48ca-bb8c-9dbe2109c4a7,156,200.67,193.33,7.34,3.66
RouteID_932b0774-9fc4-4091-bb59-bbe711a66574,180,217.29,223.33,-6.05,-2.78
RouteID_932e986f-ae89-4e72-835f-058c63a98575,150,219.89,212.68,7.2,3.28
RouteID_933424ea-90be-4a67-aca0-614bb98a84fa,100,99.32,97.65,1.68,1.69
RouteID_93462323-f8c8-40ab-92b5-6deb07ddbc35,82,79.69,80.23,-0.54,-0.68
RouteID_934c76ca-845b-4463-b8d5-3104e6d3bacc,169,177.25,184.14,-6.89,-3.88
RouteID_934cbf65-12fa-4a3a-8b31-235cb3619d21,149,226.42,245.54,-19.11,-8.44
RouteID_93576cbb-2b11-420f-92c4-e73ce7221cea,162,188.74,196.37,-7.64,-4.05
RouteID_935b8e72-1c72-4f46-b1c1-9f78b266e609,171,222.58,236.69,-14.12,-6.34
RouteID_935e7525-5cd0-441d-9cff-33286ec733a7,181,201.65,220.18,-18.53,-9.19
RouteID_9361d8bc-cde2-4961-ba4a-aad72051c6cd,143,201.46,220.7,-19.25,-9.55
RouteID_936eea3d-24e4-44f0-b92f-9ac637f0e46d,158,209.46,226.63,-17.17,-8.2
RouteID_9388c1f0-4765-4ca0-8920-df36cd3ae65c,160,208.04,227.83,-19.78,-9.51
RouteID_939d6dde-41f7-4b26-975f-ad55efd2b1cc,133,168.84,169.51,-0.68,-0.4
RouteID_939e5c6a-701d-4cd6-831a-2b0833249d70,165,182.84,171.91,10.93,5.98
RouteID_939f1e03-6dfd-4ec1-a834-f2adc8787235,182,186.74,197.18,-10.44,-5.59
RouteID_93a0895e-eb77-4b5d-99bb-83506846f12a,140,139.64,140.7,-1.06,-0.76
RouteID_93cbc871-5f6c-4212-9ef6-65777c220c98,105,81.2,79.32,1.88,2.32
RouteID_93ccb968-fe5f-45ab-9dab-2962643af1c4,115,114.65,123.4,-8.75,-7.63
RouteID_93ce63d9-b285-4952-a94b-37ef19c3b8eb,132,113.35,112.27,1.08,0.95
RouteID_93d227e0-f1a1-4d39-926d-9ba62ed56147,162,166.44,167.42,-0.98,-0.59
RouteID_93d610ab-4fb4-43d9-867f-7a37603508b4,124,122.6,93.69,28.9,23.57
RouteID_93d71cbe-d03d-468b-a049-4c2367e47732,136,160.02,158.89,1.13,0.71
RouteID_93daa415-4696-4bf8-81f3-da7fb0427921,106,153.55,163.43,-9.88,-6.44
RouteID_93dd05db-24d2-47b9-83a3-57889587c9e3,184,151.36,156.51,-5.15,-3.41
RouteID_93e39872-7c95-4c24-9f07-fab8032d3ef6,183,213.47,236.68,-23.21,-10.87
RouteID_93f62547-6430-47ff-87a0-b57b819aecc7,158,148.44,156.22,-7.78,-5.24
RouteID_93f958c6-b546-4b39-bfd1-4111815bc474,133,167.44,155.96,11.48,6.86
RouteID_942091ee-8344-47d3-a4d5-3a398a673e1c,123,258.77,211.49,47.28,18.27
RouteID_943def1a-74e9-4056-b80e-5b407f3613e7,174,230.16,226.66,3.5,1.52
RouteID_944964ba-76e9-4eb6-ac64-c76d8cd7062e,165,147.67,156.46,-8.79,-5.95
RouteID_9449c1fc-e39a-4103-8b6d-9a47d6fb7399,132,211.77,227.01,-15.25,-7.2
RouteID_94529fb2-8957-40b7-af1e-b724938243ef,140,187.91,196.44,-8.52,-4.54
RouteID_9460ac40-0616-42c1-9789-f13ccf9bcbc0,165,196.79,213.25,-16.46,-8.36
RouteID_946f7bbb-5e2d-43af-930f-dd35f35d6716,166,188.88,188.39,0.49,0.26
RouteID_9475872b-287f-4c2c-8e29-887766a4e090,187,206.86,231.76,-24.9,-12.04
RouteID_948213de-90d0-4b97-8fb9-490877eeb2a3,160,224.87,240.25,-15.38,-6.84
RouteID_94871669-a553-47c2-8407-c4a7e3bf1de6,170,234.87,254.35,-19.48,-8.29
RouteID_948cde07-f266-4943-9c04-946fa788a934,176,209.16,217.52,-8.36,-4.0
RouteID_94a2325a-12ad-448c-bf15-74d000fd9f62,191,210.39,212.41,-2.02,-0.96
RouteID_94a7fa38-096b-426b-beba-343e913f475b,92,132.07,133.85,-1.78,-1.35
RouteID_94b738a9-a9bf-48d7-9fdd-dbf9c4f6209c,173,175.84,194.71,-18.87,-10.73
RouteID_94b8edf4-22ad-4bce-b041-a1f4f33dd9b6,153,193.0,190.99,2.01,1.04
RouteID_94ba73e6-a9fa-4f8f-a156-b939c81bd5f0,150,234.4,255.21,-20.81,-8.88
RouteID_94c047d2-6bad-4042-8ca8-d687b563e82f,158,163.82,172.29,-8.47,-5.17
RouteID_94cdc384-bd76-4506-a894-21ce9efb76c6,164,182.83,187.75,-4.92,-2.69
RouteID_94ce2e91-4ad9-4626-8cdc-b57b086e80a8,156,222.87,236.95,-14.08,-6.32
RouteID_94cf12cb-bf73-495f-8e1f-0f2805e8bfd7,140,197.08,203.47,-6.39,-3.24
RouteID_94d877dc-a95a-4a21-b098-e9e2219eed08,98,129.7,129.18,0.52,0.4
RouteID_94d8e053-64e2-4d1c-baf0-9d55847e4994,160,163.73,179.44,-15.71,-9.59
RouteID_94fde554-5d6f-45a4-bccf-555d7fe63512,179,198.09,219.82,-21.73,-10.97
RouteID_9502e266-ba8b-4adf-9c9c-4df398732b3e,168,218.99,224.85,-5.86,-2.67
RouteID_9503e8df-e3ce-439a-90d2-c32719e8f1b5,143,168.96,151.35,17.61,10.42
RouteID_95265199-b900-4669-b656-d6db89608fe9,139,241.76,264.17,-22.41,-9.27
RouteID_9542bdb9-9c28-4c5b-a597-334ef5e2683c,157,169.48,178.38,-8.9,-5.25
RouteID_954402f1-b794-43f2-a51f-f7a19106da85,159,230.24,229.36,0.87,0.38
RouteID_9544f411-908a-47f8-947a-0ec0f3640a6e,159,276.55,296.68,-20.14,-7.28
RouteID_95474349-f6e6-47a6-b09d-e25762e3c98c,153,194.4,201.69,-7.29,-3.75
RouteID_95616924-892d-4e11-8c21-9b7e88c49172,197,238.48,258.79,-20.3,-8.51
RouteID_9573f674-8b59-4b5b-a3f8-53af43e4092c,199,198.75,218.33,-19.58,-9.85
RouteID_957ab8fc-6f56-4b75-ac22-66fcfdc3b423,82,90.19,82.6,7.59,8.42
RouteID_958af888-e65b-48fb-a0a0-a166a75ac91e,188,158.88,141.07,17.82,11.21
RouteID_95adad87-dda0-4b83-9689-821509508e14,157,203.83,203.59,0.24,0.12
RouteID_95b554da-3b50-4f32-ad82-2355cba7132d,67,118.37,117.33,1.04,0.88
RouteID_95b6b1fa-7dd4-49f2-b3ee-3c0c4d3380db,144,201.53,209.81,-8.28,-4.11
RouteID_95b9af27-4fbe-4da3-9b4e-365e2bbdfa23,135,119.44,126.44,-7.01,-5.87
RouteID_95be27e7-3741-48c8-9423-909e6454fcfc,155,193.69,195.22,-1.53,-0.79
RouteID_95bfd6be-cf4e-4729-8f9b-eb41dddf22fd,190,169.76,181.53,-11.76,-6.93
RouteID_95c6b466-e11d-4030-bf3a-d70a9a78357a,156,216.42,252.83,-36.41,-16.82
RouteID_95c9e705-4111-4fba-9694-916ea3f87bb9,106,105.61,87.91,17.7,16.76
RouteID_95cf26e3-2dde-4790-aa5d-5fe5e5a506ac,159,190.15,209.59,-19.44,-10.22
RouteID_95d8741c-1386-4897-bf9a-ec8f569dde2e,136,148.39,136.08,12.3,8.29
RouteID_95ddc834-5620-4cb7-8313-77a7a4d4d637,170,216.97,249.55,-32.58,-15.02
RouteID_95e31736-380a-4820-bcc3-d0cb2e359375,157,193.91,163.74,30.17,15.56
RouteID_95ecb3aa-0da8-4baf-b41b-9b872dd45aa1,164,246.67,251.05,-4.38,-1.78
RouteID_95ff1d01-97f7-4b15-8a1a-19ed5ded8f5e,130,119.22,113.8,5.42,4.55
RouteID_9612b83b-a027-4c03-97f0-6036b7e904c1,126,123.7,123.42,0.28,0.23
RouteID_961f6c70-7942-4405-8683-47b2adec7d75,142,185.32,204.34,-19.02,-10.26
RouteID_962ca140-5796-4c4a-a183-53f01dd0e9f4,126,156.24,160.89,-4.65,-2.98
RouteID_962ead5c-0e6b-40f8-9ed1-a400cf890a6b,134,211.1,230.96,-19.86,-9.41
RouteID_96364b76-94cd-44c3-b69c-ef4467985180,87,98.97,90.1,8.87,8.96
RouteID_963e5efd-3d7d-4242-b889-e91ab4b7c65c,161,203.85,204.12,-0.27,-0.13
RouteID_96416aae-1889-471f-b780-4860e3a9b0c8,111,140.97,152.61,-11.64,-8.26
RouteID_96472e54-679b-4b99-8d2b-c250c0ec83d5,176,203.93,215.86,-11.93,-5.85
RouteID_965da8da-029f-4656-b1c3-4ebc3255e19d,175,209.79,204.28,5.5,2.62
RouteID_965e2ec6-542e-4e3f-9656-fc02aa3e9db4,148,215.8,229.21,-13.41,-6.21
RouteID_96600fa9-d0ad-409f-9d47-7eb7b7f32766,167,180.94,182.6,-1.67,-0.92
RouteID_96865d43-1ab6-4e12-bef6-61c95ad48004,143,175.64,180.84,-5.21,-2.96
RouteID_9689059b-7fa9-4e61-9152-93eb850ba3df,113,128.48,120.37,8.11,6.31
RouteID_968ad32e-3dc4-4b0e-a477-214a62de492d,157,160.22,172.33,-12.11,-7.56
RouteID_969d30e1-bdf7-479a-8a80-af8d7ffaf89f,137,157.93,165.76,-7.83,-4.96
RouteID_96a30b6f-973f-4cdd-bf4a-a9b160082d31,138,175.68,163.82,11.86,6.75
RouteID_96aa7155-dcbf-4b20-95e8-cd278c82698f,162,197.61,209.3,-11.69,-5.92
RouteID_96af2792-8cfe-4055-8589-7f24cd4a9b99,179,207.23,225.59,-18.36,-8.86
RouteID_96b03739-edc3-4d98-9d46-2908d172f5ad,143,174.26,186.96,-12.69,-7.29
RouteID_96cd0efc-5bdf-417f-bf15-fab124b420d2,166,245.76,257.37,-11.61,-4.73
RouteID_96d031ae-6ad3-41ba-b40d-c33d5d977209,103,119.37,113.21,6.15,5.15
RouteID_96d67125-19fa-4cfa-83ce-2f57439c365d,180,256.37,280.77,-24.4,-9.52
RouteID_96db02dd-1036-4e8c-8e56-23bc192329f3,188,200.1,216.23,-16.14,-8.07
RouteID_96db0ee3-7c96-4863-bb4a-ff06eb20c5c7,156,204.75,202.79,1.96,0.96
RouteID_96db3854-91c7-49ba-81c7-446416c2ceb5,181,236.93,250.84,-13.91,-5.87
RouteID_96dea957-0495-4886-b113-6234a645a6fd,186,200.49,182.74,17.75,8.85
RouteID_96f2095a-fe7f-42bb-8d39-61d782636612,145,255.18,268.02,-12.84,-5.03
RouteID_96f67d43-156b-4003-9fc5-f1daed45cd64,152,208.79,205.47,3.32,1.59
RouteID_96f8757e-f09d-46e4-b66e-7fc86cebc607,193,261.78,281.68,-19.9,-7.6
RouteID_9702411b-9b1b-46b6-80d1-7fed3c2d4f89,182,206.85,217.17,-10.32,-4.99
RouteID_97129275-cabc-4dca-896e-6fe16ca147e7,203,190.32,212.29,-21.97,-11.54
RouteID_974820df-51c9-4536-a1c2-0a7dd82cb138,127,229.5,241.82,-12.32,-5.37
RouteID_97566b67-bad8-49da-b375-9c4d72a95441,172,186.86,197.96,-11.09,-5.94
RouteID_97601048-f0ce-4457-81dd-bc968737b317,100,117.0,120.37,-3.37,-2.88
RouteID_97696338-7d91-42fa-b761-419bc731a87d,122,210.43,214.05,-3.62,-1.72
RouteID_97818239-52ee-475d-8695-031fd5bf7e08,111,170.69,165.28,5.41,3.17
RouteID_97880895-c864-445f-b7b1-12a8ed8fbb87,182,199.97,209.48,-9.52,-4.76
RouteID_97a2ffd6-7b92-42f4-aa14-36713a37f98a,177,207.76,200.96,6.8,3.27
RouteID_97b0b609-8403-4784-8ed3-173e55c30998,98,78.14,77.75,0.4,0.51
RouteID_97b0cef5-3278-4512-9f73-72c20ca34835,102,108.38,116.68,-8.3,-7.66
RouteID_97b12e58-25d8-44fa-8d68-d53e9d4825d1,182,230.56,236.03,-5.47,-2.37
RouteID_97b9c957-981a-4d64-bc6f-029d0032b362,145,149.8,152.33,-2.53,-1.69
RouteID_97ce0a0a-3eff-4f2e-b6c0-8d6533a8c04a,178,177.23,188.27,-11.04,-6.23
RouteID_97dc914f-67ad-483b-a778-1fa4863b68eb,135,173.65,178.05,-4.4,-2.53
RouteID_97e37b9c-462f-4d24-a4ca-7f1acde22f5a,99,134.59,134.83,-0.24,-0.18
RouteID_97ea3b69-eae6-4db8-a188-d98a03d73d74,178,184.98,189.67,-4.69,-2.53
RouteID_981087e3-47dc-49c7-92c4-45fe1ec61419,160,212.83,225.06,-12.23,-5.74
RouteID_9812e43a-dfe0-4ac1-be34-b30627354335,182,190.44,200.7,-10.26,-5.39
RouteID_9829880a-0f4c-4f93-b071-cb83fae0b203,161,190.45,195.89,-5.45,-2.86
RouteID_982cef5d-b8a8-4ce3-b120-252bed0fec5b,194,229.82,246.83,-17.01,-7.4
RouteID_98488458-a6a1-442a-a5ce-dc07f643b622,159,195.66,204.95,-9.28,-4.75
RouteID_9850318d-b2af-4570-a2f1-46f02bd9c9f7,116,147.61,139.87,7.74,5.25
RouteID_98872981-8492-40bb-8f2f-bcc64544cb47,167,181.28,172.8,8.49,4.68
RouteID_988d049d-8724-4456-a40b-0874c13c3ad9,142,188.14,188.23,-0.09,-0.05
RouteID_988de22d-f737-4490-bc43-471facc25958,196,218.03,221.51,-3.48,-1.6
RouteID_98a83cb8-2498-421a-a5be-b4ccca04ac71,117,158.03,167.53,-9.5,-6.01
RouteID_98b0253c-4805-43d9-8b4e-305dbcc65435,146,199.21,218.6,-19.39,-9.73
RouteID_98bd77ea-9f30-4864-9362-9f24afa02d82,196,216.83,230.39,-13.56,-6.26
RouteID_98cb832c-6ed4-43ba-90de-95c378178248,158,163.36,180.24,-16.87,-10.33
RouteID_98dae68a-b04d-4dad-8fba-b43e7a1d9182,122,121.76,125.1,-3.34,-2.74
RouteID_98de542d-eacf-485a-9b4c-a4eb33a1f855,175,203.71,213.36,-9.65,-4.74
RouteID_98df35d9-2b2d-4523-b3a9-f14615e63fb2,127,160.33,157.45,2.87,1.79
RouteID_98e127f9-64d6-4ae5-acf5-3380315a18fc,142,189.66,208.94,-19.29,-10.17
RouteID_99120b29-3e26-4f27-8e1e-9f250a83765f,151,209.41,196.21,13.19,6.3
RouteID_9917229d-d7b3-4f75-aafa-60805ac19dcf,151,225.44,238.89,-13.45,-5.97
RouteID_9917533b-defa-4bff-af52-069eb9e9f357,166,238.43,232.21,6.22,2.61
RouteID_992f66e9-e1cf-422b-91ba-a834063a5bed,143,202.09,181.8,20.29,10.04
RouteID_99494287-3d51-424b-85da-1e7e1e92d26b,157,192.32,205.01,-12.69,-6.6
RouteID_9952d320-113f-456b-abf0-f75f95bb6ea0,145,166.8,180.26,-13.46,-8.07
RouteID_99575598-b754-48eb-9ae7-261aaca3c976,171,237.58,252.97,-15.39,-6.48
RouteID_9963f6f6-a7ed-4095-9b40-e802fa4206f6,160,211.41,212.03,-0.62,-0.29
RouteID_99822dcb-a1a2-421b-93e6-5387a43f71aa,169,210.65,204.1,6.54,3.11
RouteID_99adc175-b49c-48a4-bf5b-89c9551303bb,91,139.98,152.72,-12.74,-9.1
RouteID_99c5a923-a2d6-448e-966a-d963051cd2a9,175,225.23,210.75,14.48,6.43
RouteID_99d03063-0f92-48da-9745-2cfa76fb17ba,125,122.8,114.98,7.81,6.36
RouteID_99d1e882-493e-4c54-bc45-24486130bdc2,215,196.45,218.84,-22.39,-11.4
RouteID_99dc2991-9256-4295-adba-f2ab7cbd98b0,131,173.8,158.04,15.76,9.07
RouteID_99dd7d8a-fe9b-407f-88c8-fa78dbbd077c,144,224.48,217.09,7.39,3.29
RouteID_99e946dc-f583-48ea-8b4b-d5c100e7548f,152,212.44,222.83,-10.39,-4.89
RouteID_9a004aa7-847f-4155-8311-0bce7f78d5f6,167,196.75,208.47,-11.71,-5.95
RouteID_9a0297d1-0be0-4cfc-982d-35c012674c2a,185,225.86,223.91,1.96,0.87
RouteID_9a036d58-5f8a-41aa-8747-d252c14783ae,115,206.88,187.57,19.31,9.33
RouteID_9a043c65-3763-4a5d-b7b9-9df6118e9218,165,159.15,170.51,-11.35,-7.13
RouteID_9a1b9512-36bc-468c-8bb0-5163595fcbda,112,164.0,194.97,-30.97,-18.89
RouteID_9a2b2633-3b9c-4f8e-b05a-4ecb13d60435,149,193.2,195.83,-2.63,-1.36
RouteID_9a3c6431-b74e-4932-bd48-771e37072350,142,153.99,170.61,-16.62,-10.79
RouteID_9a3cb202-3571-41e5-a087-255a82fe00ba,187,185.22,191.84,-6.62,-3.58
RouteID_9a50b546-d85e-4795-b0a8-6be0c63f32b9,99,121.19,104.53,16.66,13.75
RouteID_9a517a1f-2a2e-4083-974c-ec9ffb01b86f,102,146.46,147.17,-0.7,-0.48
RouteID_9a52687f-8638-478f-bfa3-aeabbb488093,147,164.68,168.94,-4.27,-2.59
RouteID_9a657cc2-6430-4684-b7ed-4394f79d5e82,135,168.42,167.63,0.79,0.47
RouteID_9a701891-7308-489d-87ef-a243f3a7217c,110,130.75,122.85,7.9,6.04
RouteID_9a70b345-e627-4849-a86e-8f735c9fcbde,75,70.42,70.82,-0.4,-0.57
RouteID_9a8d3b90-a9bc-4cf6-bfc0-728ba3f1e9c7,88,86.1,85.94,0.15,0.18
RouteID_9a9566c0-76db-4262-820b-14fd2c258a79,147,132.11,145.47,-13.37,-10.12
RouteID_9a9c7b37-87ec-458b-a842-4a20f00d5144,125,156.16,159.95,-3.78,-2.42
RouteID_9a9f3006-a563-4844-9ab3-124891658b10,147,169.51,184.7,-15.2,-8.97
RouteID_9aa3a3c7-dc44-431b-8e99-5fbd22c5f42b,155,203.1,216.94,-13.85,-6.82
RouteID_9aa75858-a115-4588-816d-d878b9c39844,148,157.03,170.31,-13.28,-8.46
RouteID_9acaa0e4-4c7f-4183-8b48-13f0f37eaf65,186,260.97,295.08,-34.11,-13.07
RouteID_9ace3053-89c5-4df7-9369-4d7afa9cbe2f,209,282.91,300.3,-17.39,-6.15
RouteID_9acf2220-3d6f-4c60-9cd0-e43add821343,160,179.84,202.56,-22.72,-12.63
RouteID_9ad2a71c-906a-4504-9bc2-4b143334e95a,158,184.86,200.63,-15.77,-8.53
RouteID_9ad313b6-a47d-4df1-8117-b1dce631923c,159,181.23,176.16,5.07,2.8
RouteID_9adfe16c-9061-4b9b-91c6-9ef4c61c4b03,127,132.39,126.5,5.89,4.45
RouteID_9ae77b99-a089-43cf-875f-91ea6ded715b,137,221.95,205.18,16.77,7.56
RouteID_9b0eadbd-5e75-4250-bc31-c3761f68baaa,184,218.52,214.3,4.22,1.93
RouteID_9b1e9a51-8251-4b3c-a676-80de195c0bce,141,169.31,179.95,-10.64,-6.28
RouteID_9b204914-b4a2-414f-b6fb-4945415e6732,138,114.95,125.27,-10.32,-8.98
RouteID_9b2082a7-4b66-432d-a546-5044f7732e0f,88,172.2,176.38,-4.18,-2.43
RouteID_9b228e71-2d99-4a86-b433-e6f0f79f411e,165,201.23,216.12,-14.88,-7.4
RouteID_9b235981-4998-484a-8553-6bb9f5ca9c5d,152,169.96,163.97,5.99,3.53
RouteID_9b32b3ae-862b-4121-bb5b-3ecb2f0487dd,182,262.59,272.39,-9.8,-3.73
RouteID_9b3db831-f276-4602-8616-d78aed300a33,133,187.43,195.77,-8.34,-4.45
RouteID_9b6376d4-5875-44bb-903d-848102933439,188,233.42,264.35,-30.93,-13.25
RouteID_9b7fbeb9-1d76-4349-9eb1-c41f5e0bc565,83,115.59,110.32,5.27,4.56
RouteID_9b80b40b-9428-46ec-9af7-1ffca3fc8b3f,153,122.84,123.77,-0.93,-0.75
RouteID_9b83052a-da87-47da-8b09-32dbc4c007d5,175,221.24,230.4,-9.16,-4.14
RouteID_9b85b2fe-2afc-415c-8fe1-6238db19d9dd,128,126.47,133.96,-7.5,-5.93
RouteID_9b898cbf-ec17-43b7-b8e8-f8728b0d737a,215,204.37,213.75,-9.38,-4.59
RouteID_9b99791b-1814-492c-baed-72278230a427,104,74.0,69.06,4.94,6.68
RouteID_9b9a4657-c467-44e2-92d6-d05a5c1231ee,144,151.98,153.25,-1.27,-0.83
RouteID_9ba141f6-e96d-4548-9fe7-b7faae666c18,176,174.43,180.55,-6.12,-3.51
RouteID_9ba9a443-034b-4257-b4f6-e4b70958a335,157,168.14,162.21,5.93,3.52
RouteID_9ba9cab3-7d12-49ec-a9c9-401f3c440b10,164,147.38,152.6,-5.22,-3.54
RouteID_9bb1c3d2-d889-4280-9962-12c00618b3f6,164,191.04,200.7,-9.66,-5.06
RouteID_9bea1ec7-6f5d-42ac-9c22-b8953334ea83,131,160.92,155.72,5.2,3.23
RouteID_9bfdaaf8-0ddd-452d-a7c5-dedfe71f5327,129,174.5,177.57,-3.07,-1.76
RouteID_9c10cf6d-c86d-4c08-b8e5-f7f7ea016bef,152,172.15,181.86,-9.71,-5.64
RouteID_9c1aea83-69a4-4b80-a713-9a94d16b3908,206,239.6,251.09,-11.5,-4.8
RouteID_9c26f357-9dc0-4e8b-a1b9-f14647a87400,124,207.25,196.79,10.46,5.05
RouteID_9c318059-2082-4527-9d9d-67aa50808235,154,213.0,223.29,-10.3,-4.83
RouteID_9c322935-ea56-4e57-b102-a4adf026f524,198,188.92,193.86,-4.94,-2.62
RouteID_9c32ec79-e1c5-47bc-a1fd-c324ae93ce63,108,161.63,151.45,10.18,6.3
RouteID_9c450e1b-9f1e-4d2c-8839-d331725f4228,127,144.73,143.48,1.25,0.86
RouteID_9c47ed58-6026-488d-8fb3-781a15369241,149,154.83,146.01,8.82,5.69
RouteID_9c4ad467-b8f3-44b9-937c-2c23a64a9c7c,119,97.02,96.81,0.2,0.21
RouteID_9c51015b-c41e-4558-92a0-cc117582974b,137,186.41,180.97,5.44,2.92
RouteID_9c685872-7dc5-4c64-9c81-f86d63e52ec1,171,178.2,194.48,-16.28,-9.14
RouteID_9c7719c6-1ed6-44ba-910c-03bc50bdedef,202,252.9,269.58,-16.69,-6.6
RouteID_9c77670b-fde4-459a-8187-a77df9752c7d,178,200.09,225.03,-24.93,-12.46
RouteID_9c81a3d2-00ab-4ac7-bd1b-ea41b1dff040,151,190.34,201.18,-10.84,-5.7
RouteID_9c81ecc5-fac0-414c-9a4d-be7501066e7c,183,187.45,182.99,4.45,2.37
RouteID_9c97da47-c48f-460b-937d-59eb061a3c46,179,258.86,288.98,-30.12,-11.63
RouteID_9cad9322-94ca-434a-a146-90bcc65c29cc,102,130.88,126.64,4.25,3.24
RouteID_9cb511dd-badf-4215-9704-d817226eb9e7,134,182.94,175.59,7.35,4.02
RouteID_9cbc31e9-f147-4aaf-8914-1f4d7418f2d0,148,191.92,190.14,1.78,0.93
RouteID_9ccf2568-7f63-47a7-9fed-f5f90c623594,191,186.1,223.79,-37.69,-20.26
RouteID_9ce33a6d-06c7-4ece-9e33-50ecf65e04b8,148,243.08,248.57,-5.5,-2.26
RouteID_9ce4cfa0-7c55-4527-b574-0f5bb04c547e,139,204.75,211.35,-6.6,-3.22
RouteID_9cfa02c6-2d81-42ec-9448-b7696f54cf39,186,162.26,155.28,6.98,4.3
RouteID_9cfaa79e-2a6c-484f-956f-f2db93923c26,146,157.26,159.55,-2.29,-1.45
RouteID_9d17a916-7a43-4c0b-b3cd-fe7f7849a52d,190,230.72,252.79,-22.07,-9.57
RouteID_9d187095-c4f2-4d7d-b8e1-c40879b9d41d,137,199.89,214.28,-14.39,-7.2
RouteID_9d213110-fdc4-4461-8fef-06487faee8b2,142,180.48,185.66,-5.18,-2.87
RouteID_9d234939-366a-4bd8-a4f6-c7090fdf7c1f,130,165.44,159.36,6.07,3.67
RouteID_9d23c62e-56a5-4677-ab19-de3bf149142a,128,129.82,121.46,8.37,6.44
RouteID_9d2f6607-a587-4c79-80ce-a533e442c17d,127,142.64,142.56,0.08,0.06
RouteID_9d304371-f90a-4516-a24e-d833a539a42b,115,199.67,193.04,6.63,3.32
RouteID_9d32cf08-04c0-4105-8d71-081fa5066e06,116,115.3,121.8,-6.5,-5.64
RouteID_9d388436-6da2-4bd5-88e1-5d4c54a6ad78,174,245.83,259.53,-13.7,-5.57
RouteID_9d4db107-a538-4311-b83d-80e6cbceb1a3,179,198.82,222.27,-23.45,-11.79
RouteID_9d567de6-1bf1-441e-afaf-5a0869910fc6,191,225.6,228.25,-2.65,-1.17
RouteID_9d59c687-6954-412e-ad54-9b3afc0ca9bf,135,154.2,169.87,-15.67,-10.16
RouteID_9d5b00ea-b5f6-4439-8c42-3c5c8a3ce103,165,232.21,237.4,-5.19,-2.23
RouteID_9d6ca9f1-1d5c-4df3-9af0-620cc160dd49,142,201.09,194.79,6.3,3.13
RouteID_9d6f6775-fd1f-4715-aaae-c973bccb73d3,131,190.25,202.63,-12.37,-6.5
RouteID_9d83c3b3-3147-4b52-9da2-f2e40ec55ba8,149,179.61,189.44,-9.83,-5.47
RouteID_9d857176-edb2-4a9b-93bf-87b758b842c4,109,200.95,206.09,-5.13,-2.56
RouteID_9d890253-5967-44c9-ad6a-aa5dc9d1d075,156,208.91,211.3,-2.4,-1.15
RouteID_9d9c078a-abe7-4e44-a40d-be12ea01b22b,142,222.62,222.7,-0.09,-0.04
RouteID_9dbeee2b-07a9-4cbc-8a38-df0b916ceae8,106,118.6,137.09,-18.49,-15.59
RouteID_9dc65662-fc7a-4ed8-b41c-589daa8bd0b2,147,217.36,192.14,25.23,11.61
RouteID_9ddabf0d-92e7-45ba-a225-8766d6a6d979,167,175.36,199.59,-24.23,-13.82
RouteID_9de31830-3c02-444a-9a29-913da7f21a37,188,226.74,243.63,-16.89,-7.45
RouteID_9de33f41-1a87-4158-96d4-87775df16053,170,189.37,182.18,7.19,3.8
RouteID_9de74a55-5a73-42b5-a6cc-f68ecb4cb1eb,155,206.42,211.47,-5.05,-2.45
RouteID_9de82f86-a3a6-4533-93ad-d00f44df164e,138,112.76,109.37,3.39,3.0
RouteID_9ded510d-7123-43d6-8e3e-688cf02635d0,172,209.3,195.44,13.85,6.62
RouteID_9deead99-222e-49e1-ad58-44a570e1ad29,154,174.71,181.08,-6.37,-3.65
RouteID_9df8c077-010e-4787-abe0-51fd84cc3fb5,141,175.01,174.53,0.48,0.28
RouteID_9e02ecb9-4a77-49af-92c4-f85a1ae18d78,174,144.68,142.31,2.36,1.63
RouteID_9e04820b-0e25-4871-9902-92116859bd40,151,216.6,240.29,-23.69,-10.93
RouteID_9e2ef94c-c40e-4107-8522-5896fe7d0bf7,142,164.99,169.23,-4.25,-2.57
RouteID_9e308b0e-9ffc-4c70-adbb-dc6c533fee0b,158,174.64,177.04,-2.41,-1.38
RouteID_9e365b17-ea41-44c2-9eac-9ac3fef2401d,134,137.15,131.78,5.36,3.91
RouteID_9e4e8ad4-aaa2-49f2-9637-08860a81c0a5,193,201.87,215.85,-13.99,-6.93
RouteID_9e5c1fe3-67f2-49b8-9a28-974e8a958b2c,157,184.68,187.63,-2.96,-1.6
RouteID_9e5fcced-5588-44b2-b07e-2a2408e24048,174,197.86,203.45,-5.59,-2.82
RouteID_9e6d5e77-6435-4da4-bcf6-f22c082d44ef,197,183.76,183.59,0.17,0.09
RouteID_9e7b45d6-e7a2-4803-b880-2f26f5d50f1e,138,169.01,174.77,-5.76,-3.41
RouteID_9e86806b-f7ef-4bdb-8b0c-370f0c91883c,118,129.17,123.08,6.1,4.72
RouteID_9e8ba54c-ba8b-452f-b137-c3b9794343fa,174,196.02,217.25,-21.24,-10.83
RouteID_9e92a851-c574-4907-85aa-577e124ebace,125,97.6,99.03,-1.42,-1.46
RouteID_9e9a6da4-d4aa-4740-9f94-50a5ddadcff8,167,237.18,235.02,2.16,0.91
RouteID_9ea00696-58b5-442b-8d01-4f1bf16816c2,143,142.64,153.29,-10.65,-7.47
RouteID_9ea87ee2-867b-4cc0-ab72-f76d8389182a,155,295.28,319.3,-24.02,-8.13
RouteID_9ea9c11c-7462-4172-b2cc-3704e2ce8d24,141,133.05,137.42,-4.38,-3.29
RouteID_9eab217f-6180-4fd8-954e-67b2213459c2,148,172.45,160.12,12.34,7.15
RouteID_9eb5cb8f-ed60-42c9-97ff-71b44e0bb4e3,161,176.61,197.75,-21.15,-11.97
RouteID_9eb672ca-8440-49df-8e2a-3ddd9ab0a10d,178,199.44,208.05,-8.6,-4.31
RouteID_9ec69b84-127a-4eca-8f95-dbef779840c8,155,155.31,145.08,10.23,6.58
RouteID_9ed4b64f-89e7-43f5-a562-6e46f08c9fdc,150,166.26,147.69,18.57,11.17
RouteID_9ee1c823-f677-42cd-8da1-66a67621af5e,142,205.24,210.67,-5.43,-2.65
RouteID_9ee4f135-2801-457e-b42e-1d6f385ff8fd,97,96.37,84.9,11.47,11.91
RouteID_9efdc483-0a66-4f59-bf93-69e0bc3ce285,151,168.46,182.7,-14.24,-8.45
RouteID_9f09f30a-e33c-40c1-a65f-31e2a7cc3cbd,107,216.44,218.25,-1.81,-0.84
RouteID_9f2bfb2c-6f48-47f9-b246-54889e96063a,205,200.04,212.96,-12.92,-6.46
RouteID_9f3218bb-4e18-461d-9fb8-99160faa9f41,115,185.76,183.79,1.97,1.06
RouteID_9f334168-4015-4a7b-9179-7e3f16f38e96,150,146.26,139.52,6.74,4.61
RouteID_9f3a1172-593b-4549-bdec-6ba4e80d96b5,178,177.03,185.68,-8.66,-4.89
RouteID_9f5617e1-11f7-4773-a3d2-176afaeebfc2,145,157.6,160.08,-2.48,-1.57
RouteID_9f873247-213a-443b-a765-9584946c55a8,130,160.98,159.47,1.51,0.94
RouteID_9f8e4d84-87c9-4f81-aa2c-2d850430a0c1,195,185.59,197.36,-11.76,-6.34
RouteID_9f8f5bd0-b4be-4abe-b56b-001688cfc2cd,134,194.19,183.82,10.38,5.34
RouteID_9fa38904-4cff-4978-925b-7be7f7fb849d,175,192.82,204.54,-11.72,-6.08
RouteID_9fa42c2e-7af2-4f7d-a6c9-476ef067ef4a,190,284.62,308.33,-23.71,-8.33
RouteID_9face60f-ed2d-42bf-9a48-215ce09d17de,208,241.93,230.16,11.77,4.86
RouteID_9fb02805-b132-45ad-b040-262d8379a044,170,258.71,277.42,-18.71,-7.23
RouteID_9fc442c1-fe99-4804-a741-92f1d1d9b2a1,159,178.93,192.86,-13.93,-7.79
RouteID_9fc51a4e-2fda-4b27-8516-e727bfb6a4b3,130,163.47,168.99,-5.52,-3.38
RouteID_9fd7ee84-fba5-4980-b1c5-6af9401a32c6,144,179.8,192.57,-12.77,-7.1
RouteID_9febbff8-6e07-4e17-8fac-705b777a1c1c,99,111.79,111.61,0.18,0.16
RouteID_9ff18cdb-9c25-4a93-977c-f0082cfe5b62,155,137.01,154.24,-17.23,-12.58
RouteID_9ffb4b5e-3253-4951-ae44-13961d2c92ba,155,228.74,228.73,0.01,0.0
RouteID_a00daac4-ef65-493f-a2c0-6784f458cd4f,169,229.51,257.19,-27.68,-12.06
RouteID_a016be65-523e-4e8c-8741-13715b51b3c7,110,130.4,129.5,0.9,0.69
RouteID_a021ce84-f1a7-448a-ae9c-2dac7f0cd504,204,230.43,250.62,-20.19,-8.76
RouteID_a021d394-d29f-4dab-8ad0-8ed17f2a2e52,122,141.35,125.61,15.75,11.14
RouteID_a02de582-88ca-49da-bf2a-51814398c196,144,191.82,204.34,-12.52,-6.53
RouteID_a0326080-a304-4b50-adc8-fb39055b8f98,120,118.12,122.06,-3.93,-3.33
RouteID_a03313e3-b6d4-44ab-9d8b-53e5b1e5190d,147,173.01,175.59,-2.58,-1.49
RouteID_a056863f-13d8-4553-94f3-33ac6de3bc96,104,97.71,84.69,13.01,13.32
RouteID_a061c1e7-eec2-496e-99d0-5cac156dde09,162,193.51,171.42,22.09,11.42
RouteID_a074b347-8733-44f2-8358-650f1a3aeec7,160,184.62,199.49,-14.87,-8.06
RouteID_a07c7bda-a497-46ca-ad43-551f0112dfa7,157,186.38,189.36,-2.98,-1.6
RouteID_a08296de-f83a-4b0e-a085-2767bf9c7528,119,152.09,159.86,-7.77,-5.11
RouteID_a09b99fd-d868-41c6-b32e-6ea828fa4f79,146,176.09,187.3,-11.21,-6.37
RouteID_a09d376c-3123-42f9-ab63-a0d810141350,133,247.55,232.24,15.31,6.19
RouteID_a0a0ea85-4003-4697-856f-736e83b9aef1,123,178.2,189.11,-10.92,-6.13
RouteID_a0b4d6d2-4247-47b1-b1d9-d53679ffee84,125,149.07,164.01,-14.95,-10.03
RouteID_a0bd3274-66e8-4dd7-9a54-bedd40da4a1e,84,95.86,100.26,-4.4,-4.59
RouteID_a0c6dfd4-be9c-4662-999a-63169f0fff70,87,83.19,76.74,6.45,7.75
RouteID_a0cc48df-4770-4eb9-8062-c1fd0882ce17,145,166.56,177.56,-11.0,-6.6
RouteID_a0d0a29d-ff50-4b52-ada5-f6934a392f64,126,229.03,239.49,-10.45,-4.56
RouteID_a0e771bd-a39b-4f2a-80eb-97942deb8251,173,268.46,276.58,-8.13,-3.03
RouteID_a0f02055-a0d0-4c7b-bf03-15bfba627bf6,141,176.76,172.87,3.89,2.2
RouteID_a0f72255-8efc-4df1-b756-5bdc388426c9,153,155.45,171.73,-16.28,-10.47
RouteID_a0fb46a7-2f22-452e-8fb1-9fda74903451,188,199.76,224.27,-24.51,-12.27
RouteID_a0fd99b3-d455-4136-8c48-7581d6bf19d0,65,68.44,63.58,4.86,7.1
RouteID_a107683a-38eb-4292-bcfb-8bd1a9fc3711,140,161.38,160.48,0.91,0.56
RouteID_a10aea33-cd15-4e1b-ba69-0129c2995ea9,144,210.33,205.07,5.26,2.5
RouteID_a1110bac-508c-4f26-9b43-e88674c4f15b,176,149.33,158.46,-9.13,-6.11
RouteID_a123452a-0a77-4b8d-8f70-27b47c832021,133,163.25,176.09,-12.85,-7.87
RouteID_a1259a39-3735-4e91-9786-f9f96801d72d,135,123.96,124.66,-0.7,-0.57
RouteID_a1357263-b0e3-4f40-80ac-a4ee0b6e215c,170,219.36,221.18,-1.82,-0.83
RouteID_a1475ae8-f37b-4772-b30a-c053e8af614f,180,170.65,173.08,-2.44,-1.43
RouteID_a14d38ce-29a3-4981-b4a4-32331f539458,111,144.5,144.3,0.21,0.14
RouteID_a15220b1-01b9-452c-848c-f9ea72ade84e,97,100.53,94.58,5.96,5.92
RouteID_a1563001-c665-4d1b-b8d9-940e08a4bc90,121,113.79,101.86,11.93,10.49
RouteID_a1612d80-2601-41d3-ad70-254e504e411a,191,216.93,254.37,-37.45,-17.26
RouteID_a163da59-4511-4766-a449-d414629b4152,113,151.04,143.3,7.74,5.13
RouteID_a16bcbd9-1630-43d1-8534-eedbe0454953,159,223.98,256.9,-32.92,-14.7
RouteID_a16eebaf-577b-46e5-a8a4-0317eeadcb2f,149,189.17,193.35,-4.18,-2.21
RouteID_a173004d-eb8c-4c00-be80-d7ce262e702f,169,224.68,234.3,-9.63,-4.29
RouteID_a1a22f36-12f0-43b5-9128-3db623fcffad,158,227.19,244.2,-17.01,-7.49
RouteID_a1a3a879-a29a-4178-a726-78fbc1e58abe,145,151.81,163.71,-11.91,-7.84
RouteID_a1adfc3f-4bc2-4197-8224-801471be34a1,123,143.67,146.52,-2.84,-1.98
RouteID_a1ee34e4-7753-4f59-aa10-dc756f81a8e1,170,201.06,199.32,1.74,0.86
RouteID_a1eea2d8-a090-4cbc-b318-2661b29b975e,110,122.39,125.34,-2.95,-2.41
RouteID_a22fee63-be97-4a85-9aa9-cddce6feecf6,119,190.73,198.05,-7.33,-3.84
RouteID_a23928a8-3ef4-4e05-8196-615be80c92fd,149,220.47,240.61,-20.14,-9.14
RouteID_a23d78bc-05b5-4ce4-9bff-ce7b8ca443be,127,119.23,114.69,4.54,3.81
RouteID_a25820de-a203-4bbd-bf30-531a3d547366,168,240.83,229.33,11.5,4.78
RouteID_a25a85e3-f6f2-47d4-ae47-e2afc1308da9,110,128.32,127.73,0.59,0.46
RouteID_a25e894c-ca13-4250-a074-73eaf74b86a6,182,221.97,239.0,-17.03,-7.67
RouteID_a2696750-f9f5-4fdb-a463-85ab063aa43a,192,199.64,236.18,-36.54,-18.3
RouteID_a2740cd8-5ac9-433c-9540-57685608bf6c,136,229.72,233.99,-4.27,-1.86
RouteID_a295eedd-c4b7-4311-9011-74d35e708ac9,149,154.85,152.76,2.09,1.35
RouteID_a29b2533-76dc-491f-9bc3-ee93abd7374b,176,173.05,177.04,-3.99,-2.3
RouteID_a29b2764-db9f-4afa-8972-b9cf5ce3d623,106,128.0,122.8,5.2,4.06
RouteID_a2acb342-0937-4097-b6bc-b73e0853c4f0,149,190.27,178.45,11.82,6.21
RouteID_a2acc456-ba07-48e6-97f4-9da28ea45718,156,208.3,216.95,-8.66,-4.16
RouteID_a2b555c0-3b82-4253-8f57-8bdfe9615587,100,106.87,102.78,4.09,3.83
RouteID_a2b75eb1-982e-4b2a-af4f-5a76934ac372,176,190.91,208.38,-17.47,-9.15
RouteID_a2ba1d96-dfbf-4cfb-a553-9cbeadbc11cd,136,123.8,131.88,-8.08,-6.53
RouteID_a2c4695d-dcad-4975-84e6-c6b249c644ed,163,148.02,146.23,1.79,1.21
RouteID_a2cd533a-14d9-4a9a-8875-bc4426c04fc5,179,186.84,187.43,-0.58,-0.31
RouteID_a2e03e69-3510-4455-ad30-d20ffb543092,143,148.33,154.61,-6.28,-4.23
RouteID_a2eb3388-8bed-4689-a9b2-b116ed0f8192,138,228.43,249.89,-21.47,-9.4
RouteID_a2ef6aa7-7fc3-4905-884b-8dd943d3130a,174,201.38,209.53,-8.15,-4.05
RouteID_a2f29583-25b5-4c51-9fa9-fbfee1186708,81,95.79,76.31,19.48,20.33
RouteID_a2fb3beb-bd59-4875-8c36-a8d24117fd75,163,159.89,166.73,-6.85,-4.28
RouteID_a2fba985-1839-440a-a790-4bf5a2256c29,205,265.03,285.05,-20.01,-7.55
RouteID_a2fd9b81-41de-4455-a3d0-5335ef6a2169,140,189.05,193.67,-4.62,-2.44
RouteID_a3035081-7a09-4c0e-b72e-4e4c1dd0af47,174,227.41,208.28,19.14,8.41
RouteID_a3108d6f-1ea5-404b-b30e-ef66f1a29dc9,172,187.53,197.94,-10.41,-5.55
RouteID_a3113849-6b67-4f9d-be7b-7f94c69126cc,187,200.77,203.23,-2.46,-1.23
RouteID_a3214b3f-e027-466d-b87b-b532ddfa52c4,160,227.26,238.77,-11.51,-5.07
RouteID_a328d371-8f72-4848-b65e-345cd05027c0,163,166.89,168.19,-1.3,-0.78
RouteID_a329762f-2c8c-4496-8de6-b2a56600481b,141,213.18,226.39,-13.21,-6.2
RouteID_a32c7023-179a-4f31-9af6-091eed88de79,162,242.85,260.93,-18.09,-7.45
RouteID_a32e9c81-4cdf-429f-8def-1b11a0abf130,171,209.03,224.94,-15.91,-7.61
RouteID_a342a633-5403-42e9-932b-154ab20d07f7,198,265.32,281.14,-15.82,-5.96
RouteID_a3452910-62a2-40cc-aae6-369e8a0d7e03,144,173.55,151.01,22.53,12.98
RouteID_a34e184a-8295-4192-a803-b0b6d50e580b,176,262.02,253.4,8.62,3.29
RouteID_a35309e7-0b78-4837-b0e0-9da95476bc1b,142,127.21,125.09,2.11,1.66
RouteID_a35d9fdb-20ed-400c-ae74-8c937ae0ec12,175,193.24,205.61,-12.37,-6.4
RouteID_a35f79c5-9c62-4525-90e3-3e620eec408e,167,171.47,175.05,-3.58,-2.09
RouteID_a35f9166-ee7b-4577-bac6-2edf6556300e,123,124.2,122.15,2.06,1.66
RouteID_a35fa643-90bd-4df6-975f-32c429846e9c,154,163.15,155.57,7.58,4.65
RouteID_a361e557-6370-4397-a89c-76f0c859b2ce,103,92.03,83.42,8.61,9.36
RouteID_a364d61d-3b1a-4f1a-a94a-eb351a010ba3,103,150.82,136.18,14.64,9.71
RouteID_a369abdf-b2cc-4590-ac40-684a7a18fc6f,136,139.97,143.89,-3.93,-2.8
RouteID_a3736924-e224-43a2-8941-35c14a6d607e,164,196.74,196.78,-0.04,-0.02
RouteID_a3787c9a-4b44-49e2-bd5e-02db9fc96bfa,160,245.69,270.24,-24.54,-9.99
RouteID_a38343fc-4c25-498a-b4cb-8872ffde1f25,137,227.32,234.35,-7.03,-3.09
RouteID_a38f84bf-1040-4377-bef3-3d0a8d143541,154,192.43,209.85,-17.42,-9.05
RouteID_a39a342b-ca9c-4f2b-ba89-d2e4aeb282c6,187,236.58,267.1,-30.52,-12.9
RouteID_a3acab66-ed54-45b2-8109-31fd9a9075eb,178,169.85,176.89,-7.04,-4.15
RouteID_a3affc7f-18d6-44ba-9729-4151c20a556e,55,67.35,59.83,7.52,11.17
RouteID_a3d61003-d202-4259-8506-ce00c8b1d64a,169,195.89,215.37,-19.49,-9.95
RouteID_a3ed0d6e-2d3c-4a27-a302-9244fa261c1b,153,192.04,203.23,-11.19,-5.83
RouteID_a3f1c8ad-5c55-4e37-814f-e3998b84cc69,117,128.55,121.82,6.73,5.23
RouteID_a3f3caaa-7f27-4dc0-8f22-013269b2dff0,161,209.99,213.92,-3.92,-1.87
RouteID_a3fca8cb-fad1-40ae-a38b-cb421cc76002,191,232.47,234.1,-1.63,-0.7
RouteID_a3fd6021-d2de-4a2e-90b9-6d7b0389f1a7,133,128.07,135.06,-6.99,-5.46
RouteID_a4272688-1fb9-4e59-bf27-281a6cfae1f8,167,150.37,159.35,-8.98,-5.97
RouteID_a42a61cc-e70f-47a1-ab7d-58c1449171a7,93,132.83,123.18,9.64,7.26
RouteID_a42b8fd4-4204-4095-8edb-d17d2461ce5f,84,115.07,123.22,-8.15,-7.08
RouteID_a4370a4b-52ac-429d-a384-e2488dc79206,161,249.3,257.51,-8.22,-3.3
RouteID_a439a3a9-e17c-4485-baae-f26cb9ac7d60,142,148.35,156.17,-7.81,-5.27
RouteID_a43d436d-53ce-4b76-af3e-5a6087633860,198,214.6,226.37,-11.77,-5.48
RouteID_a44c08be-1a04-4b84-89c0-4d4f85aafa70,82,76.84,76.08,0.76,0.98
RouteID_a44f5e58-8c62-47c8-b2b8-65385f068dca,140,182.56,189.6,-7.04,-3.86
RouteID_a45bacc2-b629-42b4-baf7-ce4ac53a0701,156,221.33,231.37,-10.04,-4.53
RouteID_a45f9a8b-bea0-44ca-bc03-3439cc43d590,96,94.53,97.39,-2.86,-3.03
RouteID_a46c6790-b23e-4b51-89e3-7a53a982e351,151,173.35,167.64,5.72,3.3
RouteID_a473a91d-3dc6-48f5-8086-25178c92feb7,166,196.81,212.24,-15.43,-7.84
RouteID_a4792b00-a859-4124-81c7-fe76800222a6,179,241.53,243.76,-2.23,-0.92
RouteID_a47e734c-2ee2-41f9-871c-c2eaf4681c56,100,122.22,112.24,9.98,8.17
RouteID_a4831784-d8a2-48ba-83c4-9c172625b7a9,160,191.16,196.8,-5.64,-2.95
RouteID_a491d9ba-9042-4af1-a99b-3cabd7d500d9,100,171.95,168.55,3.4,1.98
RouteID_a493d516-9f71-4497-a5b3-9921ddbcf401,188,153.21,164.68,-11.47,-7.49
RouteID_a494980e-6587-4b93-ae3f-6c6e4632dc95,184,226.62,237.61,-10.99,-4.85
RouteID_a496a36e-1d42-4cb4-b444-cbb6d21a5695,143,251.83,269.48,-17.65,-7.01
RouteID_a4a59b87-4722-42ab-a6ec-fd29457a193c,149,184.77,174.32,10.46,5.66
RouteID_a4ab383f-a55c-444d-83de-be9f5f67301d,122,135.66,137.6,-1.94,-1.43
RouteID_a4ce693b-d8ec-4ec8-8c65-e2d916e3dcd9,137,97.57,93.64,3.93,4.02
RouteID_a4d848c1-6bbf-434e-865a-62688cbde9b7,122,236.26,248.05,-11.78,-4.99
RouteID_a4da262c-cd81-45c1-baff-f4ab8306c91e,165,177.38,183.86,-6.48,-3.65
RouteID_a4ddf749-3288-4c30-a5b3-b8f041949bd4,140,203.94,200.51,3.43,1.68
RouteID_a4ea9513-8300-478d-becb-99b20a60e85a,173,245.5,266.68,-21.18,-8.63
RouteID_a4fb27e9-405e-479d-a137-af325db6e833,96,108.68,109.55,-0.86,-0.79
RouteID_a4fde102-5888-4f53-83c2-66fd52c6d45d,137,164.99,156.43,8.56,5.19
RouteID_a5045faf-0e69-4ce7-9687-c4f34d63c4e0,177,262.53,276.02,-13.49,-5.14
RouteID_a5051135-a7f9-49b0-b44b-62abe2061a8f,207,268.53,253.94,14.58,5.43
RouteID_a50d3864-6dc5-468a-ac48-4242403c115d,141,147.44,142.59,4.85,3.29
RouteID_a50dd091-0b14-4568-817c-4b2ad997c7ce,169,172.5,180.52,-8.01,-4.65
RouteID_a5138edf-87f6-4108-be1e-5c4b75e92982,94,100.19,104.78,-4.58,-4.57
RouteID_a51949a9-3505-4772-bc41-8b9cb8a92835,163,171.98,177.82,-5.84,-3.4
RouteID_a51d623d-a25e-44b6-9e05-d0e4c2d54552,148,196.86,197.43,-0.57,-0.29
RouteID_a526ac55-9ba1-400a-bfea-e534c2eef428,146,208.18,225.66,-17.48,-8.4
RouteID_a528db29-ebb3-4264-99a3-e26fdbb61c1f,115,103.16,106.96,-3.8,-3.69
RouteID_a52fd1b0-ca6c-4c30-abeb-e799f4e595b8,128,119.75,115.96,3.78,3.16
RouteID_a537d8c1-fd23-48ce-857c-859c211225b0,176,203.74,215.49,-11.76,-5.77
RouteID_a549f09e-e807-4adf-8715-4fdda825dd88,148,199.45,189.29,10.17,5.1
RouteID_a54a75f7-16a9-4599-af4a-44633d36b847,152,169.17,183.85,-14.68,-8.68
RouteID_a5579eb3-6584-4a92-97e1-a6909d39f560,76,130.54,117.04,13.5,10.34
RouteID_a5629ad3-ca22-472a-9a79-ea7bb72bcf7d,93,101.25,93.48,7.77,7.68
RouteID_a56913de-3b7b-4a3a-8ac6-3be34f9a937e,159,170.34,169.42,0.92,0.54
RouteID_a5771fbf-6bff-4ddc-a701-3f84264efd46,120,133.86,124.84,9.02,6.74
RouteID_a588984d-7715-47a6-a5b9-c2d254847e71,162,203.2,222.68,-19.47,-9.58
RouteID_a58be18d-09d0-420d-a0c5-2fc9d715feb0,144,175.56,191.76,-16.21,-9.23
RouteID_a5a17fad-206a-4b64-b8a0-5569aef1a587,125,150.21,150.96,-0.75,-0.5
RouteID_a5a3ded0-02b0-4f5e-b40b-92ce51a9331c,115,92.14,92.79,-0.65,-0.71
RouteID_a5a56b8d-d4cf-4a3e-a4cd-72a326f71588,152,212.03,198.58,13.44,6.34
RouteID_a5ad6499-2511-4b0b-8656-60d05d87928e,141,204.84,219.39,-14.54,-7.1
RouteID_a5b26a24-ad6e-4fae-87df-4be4ca004a40,126,187.5,201.62,-14.12,-7.53
RouteID_a5b2af85-b1bd-4746-b7e5-18e0fb9bd738,149,181.74,193.15,-11.41,-6.28
RouteID_a5b39b89-d8b8-4a83-a501-fb5aa0167346,58,83.48,72.25,11.23,13.45
RouteID_a5d3a9d1-6e7d-4619-b70e-6ce4c1641463,176,233.49,222.99,10.5,4.5
RouteID_a5d547b2-2766-4dc6-9551-4a0effa4473b,61,85.38,80.13,5.26,6.15
RouteID_a5d77984-2768-42d4-893b-e0910f8e4732,112,169.86,148.84,21.02,12.37
RouteID_a5f525b2-03cb-46c6-b1bb-e571de029a00,158,176.95,175.97,0.98,0.55
RouteID_a6070cf6-6400-40fb-a8a3-e3d1fa79bbef,130,151.0,166.44,-15.44,-10.22
RouteID_a60837e4-f531-45b8-ac15-2ce8053daa99,195,219.92,231.63,-11.72,-5.33
RouteID_a60c9bb6-b97e-48ef-9d58-d0db1fc69eb0,115,125.31,127.34,-2.03,-1.62
RouteID_a60e817c-e0dd-4dbd-a211-a47a5c7b4381,127,121.11,110.72,10.4,8.58
RouteID_a6183bde-e1c9-4800-9ec8-284203f6b851,160,141.2,145.64,-4.43,-3.14
RouteID_a61deb9f-34fc-4596-b628-271937f0da45,105,232.6,242.54,-9.94,-4.27
RouteID_a61e13fb-2fa9-4c55-8f62-581210e9d52e,204,254.36,240.8,13.56,5.33
RouteID_a624de66-36b6-427e-90b9-0cc890a1991d,162,205.31,221.81,-16.5,-8.04
RouteID_a6333b24-ec74-449e-9909-e81e875df4c0,130,147.88,145.99,1.89,1.28
RouteID_a639818a-c86f-408e-b860-1ee1c9740a79,207,275.09,276.81,-1.72,-0.63
RouteID_a63ba5d9-4035-4403-ae68-5cbf3f7e7d2f,138,239.26,264.15,-24.89,-10.4
RouteID_a63fc229-d0d2-4f6c-992f-854c6bf9fae8,94,71.52,65.36,6.16,8.62
RouteID_a6411343-b6db-4ce2-9c4c-385255e48a64,153,180.84,180.64,0.21,0.11
RouteID_a643444e-4c7d-40b3-b0e6-8166cc8f8fba,143,185.72,194.79,-9.07,-4.88
RouteID_a65d9856-8d18-4b35-8400-68ea1bde885f,145,190.75,212.15,-21.4,-11.22
RouteID_a66133fb-27b3-4739-b02d-94d60a09754f,162,229.72,229.3,0.41,0.18
RouteID_a662b5a7-35ce-44ea-865e-7fde403073cf,101,85.02,84.53,0.49,0.57
RouteID_a66b4559-ac69-44c2-a780-7224193ba84c,157,232.39,244.71,-12.32,-5.3
RouteID_a6a8fe73-f66b-40aa-8142-ca2bf42e1099,106,177.43,180.9,-3.47,-1.95
RouteID_a6b165ff-8cca-456d-a2db-0de751e313ee,156,176.04,177.6,-1.56,-0.89
RouteID_a6c79990-0bf9-41b0-ac25-c71370906b09,140,147.53,156.25,-8.72,-5.91
RouteID_a6f03f03-816f-469d-b2e2-77ba2696a3ab,174,185.43,197.68,-12.25,-6.61
RouteID_a6fa9eb1-9111-4526-b591-579c7f6f4bb4,145,228.19,221.8,6.38,2.8
RouteID_a7067e60-c0ac-4895-8a8d-7c7ea382320e,183,181.48,190.67,-9.19,-5.06
RouteID_a70dc8c9-25c3-4d6b-bba7-3f27c382eb92,98,104.12,109.11,-5.0,-4.8
RouteID_a71855e0-a9d2-4814-8228-81183022973a,165,178.72,168.18,10.54,5.9
RouteID_a723b2b5-5dfd-445d-b9ba-5ca534407d11,182,252.35,266.81,-14.46,-5.73
RouteID_a72f412a-aa64-4069-9f1a-8b0f61c2c474,164,250.54,257.53,-7.0,-2.79
RouteID_a7609712-e5c5-4718-a4fd-2dce0181fe02,151,181.01,196.38,-15.37,-8.49
RouteID_a7728fdd-aa20-4129-bbba-dbff8ca270ee,150,216.13,240.2,-24.06,-11.13
RouteID_a773aa28-9e17-4822-9f49-933be4cb06ae,142,137.78,131.31,6.46,4.69
RouteID_a781bdf1-6bf5-4f52-bc08-a53c4bb713fe,155,183.48,190.16,-6.68,-3.64
RouteID_a781dbaf-0389-4eda-9ad7-991803cf709d,166,190.02,208.79,-18.77,-9.88
RouteID_a7876954-f9f0-4288-977a-66c421ec7406,145,158.96,161.29,-2.33,-1.47
RouteID_a78947fa-f071-44b5-83c3-0f63d9236bda,185,240.01,246.8,-6.79,-2.83
RouteID_a78f74bb-3cc8-4a28-a9d5-d0a81410a927,177,181.17,187.5,-6.33,-3.5
RouteID_a7935df4-5114-41e1-871a-e31fcea8b07e,137,117.08,116.11,0.96,0.82
RouteID_a7962cc4-dc16-4cd5-bb6a-4ba6ecce0891,38,78.04,47.21,30.84,39.51
RouteID_a79c8d63-08a2-4d05-9bb0-0995babf4434,200,222.55,227.82,-5.27,-2.37
RouteID_a7a173a0-7e09-40af-b407-460948a4ca69,165,187.19,203.67,-16.48,-8.8
RouteID_a7a5c051-efea-431f-998a-f4bb8454e7e3,133,163.26,160.47,2.79,1.71
RouteID_a7af0245-0b8d-44a1-9f87-14dd7f7e6530,114,168.79,173.44,-4.65,-2.75
RouteID_a7bad680-4a95-464a-b463-6093ee1ab3bc,178,242.18,271.74,-29.56,-12.21
RouteID_a7c347b1-322e-42a3-910b-f0fd0e8f28a8,86,101.0,101.5,-0.5,-0.5
RouteID_a7d82c97-50b9-4440-a019-c4c179cfb2df,165,197.39,203.23,-5.84,-2.96
RouteID_a7e02343-0d01-4dfa-bcd4-4614d0a7332d,153,171.36,165.23,6.13,3.58
RouteID_a7e080f6-3245-45eb-86ae-49036502f86a,125,120.37,109.82,10.54,8.76
RouteID_a7f8f55b-da99-49b0-8f4b-788082c2cf86,162,173.47,194.16,-20.69,-11.93
RouteID_a7fcb6d9-92cd-4139-9fe5-0d6eed905708,194,180.99,193.96,-12.97,-7.17
RouteID_a7fec47b-3157-4286-98c9-adc4f31d1a47,185,195.01,207.74,-12.73,-6.53
RouteID_a8076ce6-e287-46a0-8676-7819f8ffd5e9,108,170.76,177.27,-6.51,-3.81
RouteID_a809a1cd-6c0f-4a8f-bf29-bf43f73ddfe7,82,83.22,89.76,-6.54,-7.86
RouteID_a8117fc4-6efd-451c-9370-18acff758846,119,123.46,131.21,-7.76,-6.28
RouteID_a81cb618-1a77-40cd-9439-0ea91c576056,91,106.25,86.37,19.89,18.72
RouteID_a81eade1-ba14-4260-ac58-ba8c025fc068,130,131.32,133.31,-1.99,-1.52
RouteID_a820bb17-2811-4556-ab25-355af756dede,175,186.78,171.12,15.66,8.38
RouteID_a83d90ab-d69a-4cee-8616-f7fc602e373d,182,208.16,210.25,-2.09,-1.0
RouteID_a83e36c6-bac0-4c0b-a6cb-1d5a9b1724c4,95,86.02,74.24,11.78,13.69
RouteID_a844cf80-b7a6-41f0-87d7-cb4439ab59c9,126,245.03,255.75,-10.73,-4.38
RouteID_a849ea59-c9c6-4e82-a3e5-ebf86dfbe924,107,131.21,139.56,-8.35,-6.36
RouteID_a84d925d-bb8e-492e-9128-640174caa364,185,230.37,238.5,-8.13,-3.53
RouteID_a84f8d34-df1f-4cd0-89ec-a6d1fb09841e,184,202.57,207.91,-5.34,-2.64
RouteID_a860e2db-dd4f-4e3d-86d6-26d546a9143f,150,241.74,254.05,-12.31,-5.09
RouteID_a86b4bc6-638e-43e8-ac29-ec299fa96c9a,154,155.58,166.57,-10.99,-7.07
RouteID_a875c01a-68bf-4109-891f-d070ce2a7688,139,130.18,133.18,-3.0,-2.3
RouteID_a891732c-79b0-46c8-b856-fc7911a87f26,148,248.79,255.13,-6.34,-2.55
RouteID_a89d4ae1-f01e-4cf1-89e2-1c5f562c67aa,154,163.35,165.38,-2.03,-1.24
RouteID_a89ed993-387c-4de1-b3e5-65208a291eb5,118,199.42,220.45,-21.03,-10.55
RouteID_a8aa0f37-b5a0-4088-8c46-2f60bc40e949,184,155.04,163.71,-8.67,-5.59
RouteID_a8b74fa1-ea9d-4f3c-8fb3-15c82462cb8b,151,162.44,156.18,6.26,3.85
RouteID_a8c51576-4251-4d97-8eeb-652a7f3005e5,147,165.25,176.23,-10.97,-6.64
RouteID_a8cb875a-ab61-41e9-be67-eb659e03ae56,164,228.75,229.06,-0.31,-0.13
RouteID_a8d647f1-f2cc-4232-a637-612458c2c1f9,185,193.09,197.14,-4.05,-2.1
RouteID_a8e958ca-f29f-443c-b89b-6d1f6d1b910d,195,191.41,196.8,-5.39,-2.82
RouteID_a8f0009d-e50a-49c9-84d3-f9885ad14a54,140,187.85,193.11,-5.26,-2.8
RouteID_a8f9607d-a0b1-42a1-82f4-1379f5876d94,155,223.44,226.94,-3.5,-1.56
RouteID_a9089a2d-bb87-4449-8517-a0eb5477cd46,162,220.28,238.27,-17.99,-8.17
RouteID_a9146121-cad0-48ad-94c6-282e3866e06d,169,228.51,238.77,-10.26,-4.49
RouteID_a91523a8-433c-4b10-ad77-c88f04f140c4,105,122.94,139.01,-16.07,-13.07
RouteID_a91ec2af-80f4-429c-87b8-7cf28a0588ae,154,209.42,220.84,-11.42,-5.45
RouteID_a9269af9-2698-4ff0-b768-4992a5df3056,82,154.8,148.78,6.01,3.88
RouteID_a9291d57-3084-46be-bd9e-f5843f0601f8,165,248.55,271.53,-22.98,-9.25
RouteID_a92f6ee9-89d2-4288-8ea8-b409488dd703,175,220.43,249.69,-29.26,-13.27
RouteID_a94148c4-b724-498f-a4a7-16445bdffbb3,106,150.29,146.08,4.21,2.8
RouteID_a94a11b3-4f98-4568-b292-124414bcbc93,147,222.28,241.36,-19.08,-8.59
RouteID_a9506e31-2da8-40e3-8650-da2e37b625a9,166,193.89,187.19,6.7,3.46
RouteID_a9581756-0c4d-4139-a735-d3ebe3960bf5,105,127.39,130.62,-3.23,-2.53
RouteID_a95a674a-74c2-4e78-a3c6-b4eba6485ebd,156,189.7,203.83,-14.13,-7.45
RouteID_a95e5964-aa3f-4917-92e4-80f0dab0bb59,117,209.6,197.83,11.77,5.62
RouteID_a960b3bb-b0f1-44f9-a785-87cb5910e096,165,225.46,227.89,-2.43,-1.08
RouteID_a960e907-674b-48f9-9e49-47c46e90c342,139,151.11,167.07,-15.96,-10.56
RouteID_a9667161-92ac-424e-a028-2df225bf5e54,151,151.25,157.93,-6.68,-4.42
RouteID_a9879e59-eaef-42a3-a35b-21259c821eb1,143,184.25,180.52,3.73,2.02
RouteID_a988ad07-acb8-42b6-9e7c-b40fe88dd183,194,223.39,245.23,-21.84,-9.78
RouteID_a99a5df1-baa6-4dc8-acc2-f5eb5c277522,134,245.53,251.52,-5.99,-2.44
RouteID_a99c1bfb-d13d-4173-9e0a-959d727f37ce,136,132.96,142.04,-9.08,-6.83
RouteID_a9a11225-ab03-4031-9853-50f7f0127837,189,190.38,201.3,-10.91,-5.73
RouteID_a9e7a704-4d21-483a-a475-db5a6ccb4e71,173,254.53,248.7,5.84,2.29
RouteID_a9eb91e7-9080-404d-ad7b-f834fed7a763,128,180.02,194.93,-14.91,-8.28
RouteID_a9fd1bc3-b7e6-4c92-92f6-c4148de21e08,68,80.2,73.3,6.91,8.61
RouteID_a9fee55e-c2d5-44f6-9897-2e7381a13cb0,180,188.24,201.2,-12.96,-6.89
RouteID_aa0780c0-796a-4b83-a935-ccde4f1b7bff,188,262.5,297.48,-34.98,-13.33
RouteID_aa07f149-e5dc-474a-807d-959841e7a7eb,129,103.71,105.58,-1.87,-1.8
RouteID_aa24b64a-f69c-4b81-bcc8-985b6eaa7cca,164,186.48,186.12,0.35,0.19
RouteID_aa2a26ab-815a-4029-b26b-5da4022976ae,164,202.38,219.33,-16.96,-8.38
RouteID_aa305cbf-d1e9-486f-a6d6-b87d7a7bbf97,94,131.7,105.63,26.07,19.8
RouteID_aa3115a8-f9b9-4bcf-8f68-7b3f5d2383a1,132,151.4,154.57,-3.17,-2.09
RouteID_aa4088dd-0ae5-480f-94a4-466faf785256,158,150.86,153.96,-3.09,-2.05
RouteID_aa6c325e-74cb-4740-b327-8915ab9b0baa,196,234.67,244.33,-9.65,-4.11
RouteID_aa70910b-3cd5-47e5-887e-286dcef5351f,132,171.47,170.89,0.58,0.34
RouteID_aa76ad4e-a9d4-40c5-a70e-82a85b160ada,163,201.19,199.6,1.59,0.79
RouteID_aa865278-bb77-4f57-95cf-2c8086d1418f,164,190.31,196.13,-5.82,-3.06
RouteID_aa8f4802-492b-4e9a-9e4f-a821bbddbe0d,188,266.24,279.33,-13.09,-4.91
RouteID_aa975993-3df9-4726-bd40-1e907c8ba915,115,154.78,145.95,8.83,5.7
RouteID_aaac8942-2864-42bd-af84-629939653c5f,183,220.38,237.32,-16.95,-7.69
RouteID_aabd5c7a-1ab1-4f3b-8ceb-80f0296284b8,159,240.63,260.11,-19.47,-8.09
RouteID_aac23a01-8ec0-4b1e-ba40-ce249b0d7068,123,136.93,128.35,8.59,6.27
RouteID_aac5b390-fa8e-46aa-bf5f-998ae5c07c5f,151,162.28,168.78,-6.5,-4.01
RouteID_aae3f5fb-5686-4f24-82b5-e5604d4bba4a,173,205.08,206.31,-1.23,-0.6
RouteID_aae89042-f138-4373-bf5c-2e56944eb6ed,178,205.46,217.92,-12.46,-6.07
RouteID_aaf4f571-1e57-4222-ac34-1b2d85318033,139,259.31,271.81,-12.49,-4.82
RouteID_aafb424c-8b74-44b0-9e5b-fe784b92fb13,111,119.76,118.99,0.76,0.64
RouteID_ab0a7f31-7a53-4d67-a703-34c52c547e5c,140,196.78,197.52,-0.75,-0.38
RouteID_ab0baf2d-2c6f-45e9-89a7-6f20cc0e8f1d,163,251.65,254.23,-2.58,-1.02
RouteID_ab0bb2dc-bb16-4d1b-b28a-573cfc4fb06f,149,153.73,162.3,-8.56,-5.57
RouteID_ab0f3013-d73d-415a-b5c3-b1ff790c4458,123,94.72,100.19,-5.47,-5.78
RouteID_ab1486c0-4aec-4557-b344-269b8a84a6fe,152,161.61,161.65,-0.03,-0.02
RouteID_ab30cf52-63d1-4d4b-8a6a-5cd3eda0be93,135,181.33,183.74,-2.41,-1.33
RouteID_ab418d95-108b-44a8-80e6-6a322cf2b9d8,103,115.21,121.9,-6.68,-5.8
RouteID_ab556d1d-8537-46dd-921f-2a8423a6dabf,149,194.46,208.16,-13.7,-7.05
RouteID_ab55cbe9-3fab-47ff-84d6-6fae4d6ad3e0,141,137.68,133.44,4.24,3.08
RouteID_ab58e8fa-bb6e-40fb-ae16-924ddf6d4700,109,127.92,119.06,8.85,6.92
RouteID_ab5a6947-06f4-4ea1-b4a4-ceaf94f1f3e2,168,152.06,164.86,-12.81,-8.42
RouteID_ab5cec77-30ff-467c-a26a-6bd7ac3ac62f,141,233.78,240.56,-6.79,-2.9
RouteID_ab60f535-8db9-4d4f-8532-3c5b64c8104c,186,204.41,205.28,-0.87,-0.43
RouteID_ab632b5f-f121-4910-9994-d7dc3ccffeb4,116,140.97,130.05,10.92,7.75
RouteID_ab670136-976b-4c2f-ace1-421919c5099a,160,172.93,180.17,-7.24,-4.19
RouteID_ab68dc57-7121-4547-8d3b-6510db775a62,146,186.22,184.93,1.29,0.69
RouteID_ab767adb-255e-4cfe-8791-aedffeccc5c4,143,176.69,182.71,-6.02,-3.41
RouteID_ab8a0df8-f3cc-4523-a392-c0efcb40a91a,184,237.2,225.86,11.34,4.78
RouteID_ab938705-4a38-4a90-85b0-e9f277098fed,125,170.69,165.06,5.63,3.3
RouteID_ab991d03-ebe3-4a09-9743-5d2213698395,151,177.72,188.3,-10.57,-5.95
RouteID_ab9b2244-ecf1-4ae3-beaa-53103cc16a3d,160,185.64,205.82,-20.18,-10.87
RouteID_ab9e4142-7a2b-412c-8a81-30ea547568c3,67,94.33,98.04,-3.71,-3.93
RouteID_ab9ffee3-d3cc-44f8-bb80-470e71e2fd57,159,227.92,223.54,4.38,1.92
RouteID_aba9454b-abe3-429c-9dcb-fe5d325a8806,150,244.69,256.6,-11.92,-4.87
RouteID_abab8462-a437-4705-9cdb-7077c604bbcb,221,201.23,228.49,-27.26,-13.55
RouteID_abb754e8-464c-49e7-9eef-27082fb56a8f,192,213.13,221.89,-8.77,-4.11
RouteID_abd916d7-bf9c-4e33-85e7-3d376b2ed501,132,190.16,168.38,21.78,11.46
RouteID_abdda295-a77c-4175-ac51-7e9b98dae1fa,184,177.34,183.36,-6.03,-3.4
RouteID_abddbc66-3bbe-4c98-9f25-e3259109c3cf,136,160.95,173.41,-12.45,-7.74
RouteID_abdfea17-53f6-42b4-a214-d23da295e3e9,213,229.69,246.32,-16.63,-7.24
RouteID_ac042ba4-414c-4be7-bceb-e1fcd4ea8248,136,188.7,195.71,-7.01,-3.71
RouteID_ac04476f-201b-45ec-b8c2-21410355b711,165,189.0,205.45,-16.45,-8.7
RouteID_ac29a4ff-5b20-45c2-b543-40e370d364be,180,190.36,196.08,-5.72,-3.01
RouteID_ac2a5df6-1331-495a-a1fb-184842e71d1e,145,198.48,199.12,-0.64,-0.32
RouteID_ac30fdb7-71d5-4e47-a374-ac20aad7595a,182,206.05,221.1,-15.05,-7.3
RouteID_ac3d61ef-e105-44cb-a0a1-6d2b8c2cd52f,112,129.39,124.0,5.39,4.16
RouteID_ac420f7f-a564-430b-a8fc-dac451158a75,139,164.0,176.64,-12.64,-7.71
RouteID_ac5ca6d3-f1d8-46ee-9996-fb7dbc4378ee,128,227.63,238.28,-10.65,-4.68
RouteID_ac733380-9df5-491e-8b99-3b64039123a7,193,222.37,241.67,-19.3,-8.68
RouteID_ac7d83a3-7c3b-4a92-924a-32781027b946,155,190.47,197.9,-7.43,-3.9
RouteID_ac81c4df-1e79-4c08-b6e7-cfa4cfc38cf2,154,205.01,202.4,2.61,1.27
RouteID_ac838929-a378-4614-86e7-467e5f310571,167,209.69,213.79,-4.1,-1.96
RouteID_ac93e804-ad8c-41ba-bc7e-0f20a42cfb1f,158,136.79,136.71,0.08,0.06
RouteID_ac9757c9-9361-4d60-a584-2fc6f46fb398,169,184.96,199.57,-14.6,-7.89
RouteID_ac99d772-6468-48a6-8efd-7a558a10d3a0,128,174.74,177.53,-2.78,-1.59
RouteID_ac9c6b4e-3fdf-43b3-b3af-8754089360aa,158,184.58,194.41,-9.83,-5.33
RouteID_aca3ef0a-d86d-44b4-be88-32e18d346a4f,95,129.02,122.02,7.0,5.43
RouteID_aca8f2c4-92b6-4201-aaa0-1c616f462b13,175,188.0,194.03,-6.03,-3.21
RouteID_acab06aa-0f46-4e59-9fe8-7441dcf49d1d,140,241.09,256.05,-14.96,-6.21
RouteID_acab120e-025e-4288-84a3-8dd9212c5bde,152,136.43,130.21,6.22,4.56
RouteID_acad95d0-d87b-4e48-a761-906642d82109,83,76.71,69.42,7.29,9.51
RouteID_acdc8626-043c-46c3-a54b-a1e0e42cfabd,165,244.51,253.19,-8.69,-3.55
RouteID_ace28dd4-da5e-4010-a71b-a6506b41019d,122,166.84,178.05,-11.22,-6.72
RouteID_acf23804-63a9-4b2a-aeaf-084baaf8c0d0,107,86.73,94.24,-7.51,-8.66
RouteID_acf8c1e2-7668-4bd9-9acf-3284184fb14f,112,128.31,135.76,-7.45,-5.81
RouteID_ad0952c4-114f-4f5c-81dc-e56e57542598,169,188.33,192.31,-3.98,-2.12
RouteID_ad13e9f6-ec01-4884-b1b0-8bdc83026054,144,147.64,146.38,1.27,0.86
RouteID_ad14a940-28f4-46e1-8b50-13d9a8638788,92,150.0,136.18,13.82,9.21
RouteID_ad227a55-6862-44a9-bd83-d050cd1598de,173,173.91,186.97,-13.06,-7.51
RouteID_ad3297ac-d934-4c08-bb50-13f1abac542b,162,192.93,196.73,-3.79,-1.97
RouteID_ad3bdd09-a158-466e-8bac-59678583f70c,167,202.17,194.83,7.35,3.63
RouteID_ad3db0f5-ff12-4359-8fd4-793379b404ff,149,166.25,175.97,-9.72,-5.85
RouteID_ad42475e-564a-4266-8940-94dd7820f278,169,187.81,190.32,-2.51,-1.34
RouteID_ad5a0862-c3f0-4ae7-956b-8c6113bb4d83,132,189.73,183.93,5.8,3.06
RouteID_ad6b5292-8fc1-45d0-870b-74112d2315e0,129,203.95,218.61,-14.66,-7.19
RouteID_ad6d42eb-1802-4f31-97d8-ac62ecef53bc,114,105.89,109.88,-3.99,-3.77
RouteID_ad758605-97be-49c3-aaab-68c18586d78d,186,268.13,289.84,-21.71,-8.1
RouteID_ad7d3348-b2f9-4cc4-aa5c-beb663f0b6e4,150,188.54,184.28,4.26,2.26
RouteID_ad88899a-3bc7-4119-94c3-481e5aa99322,177,181.61,185.56,-3.94,-2.17
RouteID_ad89f815-f4d1-4661-b391-4b3b49cdee15,139,140.01,144.68,-4.67,-3.33
RouteID_ad8a26f3-313f-4346-ad37-67a7eec07231,137,145.74,150.15,-4.41,-3.02
RouteID_ad8d74d8-7b53-4c21-b53b-cce1d3a5d8ae,157,189.42,184.07,5.35,2.82
RouteID_ad97008c-5527-454e-be14-69ffac32eeb0,105,81.34,79.81,1.53,1.87
RouteID_ad97f1a6-f155-46b2-9214-c4db22ad364e,154,160.48,179.12,-18.64,-11.62
RouteID_ad9ebd7e-9bde-472a-8bf8-0247a720a513,149,173.85,197.68,-23.83,-13.71
RouteID_ad9efe94-f238-427d-a40a-d14fca409cf1,132,228.15,218.02,10.13,4.44
RouteID_ada5622b-af65-4f2e-b3af-20bb65753c97,114,153.83,146.38,7.45,4.84
RouteID_adb09350-7973-4ec4-9307-00a6db671121,132,110.04,101.86,8.19,7.44
RouteID_adc1df56-de12-4ae6-9d96-a5d382208237,115,100.74,102.02,-1.27,-1.26
RouteID_adc8740e-2980-432e-8384-8f95b94d4480,153,182.21,194.03,-11.82,-6.49
RouteID_adc8cb22-85c8-4f84-bbf5-be01c0259492,166,162.54,169.01,-6.47,-3.98
RouteID_adc8e30a-2a2e-4335-8411-5e338bb3352c,159,240.12,250.48,-10.35,-4.31
RouteID_adcb0b73-4b3d-4584-bde0-df19246212a6,131,145.86,144.63,1.22,0.84
RouteID_addb5967-be52-45cf-9dd8-92290cba7eff,100,117.41,125.33,-7.92,-6.75
RouteID_ade213ff-4296-498d-92cc-6b7f9cb27206,112,151.46,164.8,-13.34,-8.81
RouteID_adf6080e-0811-4f5b-affa-e5f693d58e99,165,176.32,185.68,-9.36,-5.31
RouteID_ae0a4dde-8eb4-4a1a-be0b-be2221fa3f4d,128,166.53,172.11,-5.58,-3.35
RouteID_ae0cbfc3-eef3-4355-833a-46282d7ff293,150,203.65,199.7,3.95,1.94
RouteID_ae24272e-bb16-4933-813c-a166977664c5,175,164.58,170.74,-6.16,-3.74
RouteID_ae280908-b8e6-4116-a611-e08105eb4539,117,86.07,90.21,-4.14,-4.8
RouteID_ae4a638c-c64c-4d1e-bb45-7bb9dc02d988,182,203.56,195.56,8.0,3.93
RouteID_ae563d27-1d0a-4018-b0de-d1f848666aac,173,176.3,168.88,7.43,4.21
RouteID_ae61a612-e313-4867-aab2-462827e77146,114,158.92,147.41,11.51,7.24
RouteID_ae6cf76f-4a16-4d83-a5e7-a51280e4a9f3,136,178.04,166.49,11.54,6.48
RouteID_ae6eac32-403a-4c1a-8ccb-b8bdcaf25bad,187,234.38,243.22,-8.84,-3.77
RouteID_ae7545f8-6535-4710-b6ea-30b4fb64cc02,130,183.18,177.03,6.16,3.36
RouteID_ae7c078f-9775-4382-97b9-b82dc13228e9,98,127.14,133.64,-6.5,-5.11
RouteID_ae83f221-8fb7-4445-9918-c553cc73afa0,95,137.6,145.54,-7.94,-5.77
RouteID_ae8aaf40-e438-430c-8f47-6eb7cac2bba9,63,85.44,83.58,1.87,2.18
RouteID_ae9052bc-3142-4f95-89a4-b0798701f8e3,177,220.44,224.45,-4.0,-1.82
RouteID_ae94f641-842f-4926-ac0e-d7e92df94d7b,164,229.27,236.34,-7.07,-3.08
RouteID_aead13ab-289d-4afa-af0d-80cfde2d50ab,157,156.9,157.69,-0.79,-0.5
RouteID_aeae06f6-9d80-4050-8c27-fb82f69825b4,145,240.65,240.87,-0.22,-0.09
RouteID_aebb3c46-444e-4ae5-a144-da7e8368bfbe,175,191.29,203.73,-12.45,-6.51
RouteID_aebc863c-f43f-46cf-aba7-0b44b7cace15,158,198.44,207.53,-9.09,-4.58
RouteID_aec7069d-b705-4140-9b17-c8deac267e5d,150,194.83,213.05,-18.22,-9.35
RouteID_aec931a8-867e-4153-9966-360ea6a0cf1c,130,174.9,172.49,2.42,1.38
RouteID_aee1994f-efe8-48cc-83dc-99642bea4fe3,143,164.65,171.86,-7.2,-4.37
RouteID_aeec28bc-213f-4f03-aef0-a5d1be549960,112,125.32,114.69,10.63,8.48
RouteID_aef159d2-fa28-4b79-8b92-e888525ff41b,132,163.75,174.58,-10.83,-6.62
RouteID_aef41fd5-7618-4f22-9a32-d5a2f3444ea0,142,177.89,184.96,-7.07,-3.98
RouteID_aefe7b14-f3d9-4430-86eb-fa6aab2ae578,220,264.55,288.25,-23.7,-8.96
RouteID_af0161bf-8156-4a2f-aefb-64c5b995c55a,161,184.29,199.52,-15.23,-8.27
RouteID_af04bedd-f319-43e2-980b-99136f1a7e31,143,190.53,168.06,22.47,11.79
RouteID_af05f0fe-5be9-47e4-8280-c1c94d3e58b2,117,123.55,131.18,-7.63,-6.17
RouteID_af07f0f4-3d99-488c-9093-dc3762eaeb42,132,171.72,170.13,1.59,0.92
RouteID_af090e7e-737e-425f-8894-4380344c8b69,75,102.42,101.86,0.56,0.54
RouteID_af0d8a42-6f71-40d8-8d5a-f024a3ddb6a9,172,206.38,223.43,-17.05,-8.26
RouteID_af23c8a1-1008-4a79-955a-6834fc2bec75,169,192.69,194.35,-1.66,-0.86
RouteID_af278499-0c78-478e-9506-0d5e0ddb1ce8,156,170.72,179.67,-8.95,-5.24
RouteID_af283be6-154a-4890-bf50-3ac4ca3befc7,160,246.56,263.6,-17.04,-6.91
RouteID_af2e24db-b9bf-43d6-b663-a45f41c219d7,147,179.45,203.7,-24.25,-13.52
RouteID_af2eeab1-d780-426d-8980-8fbd836d1291,113,131.04,128.22,2.82,2.15
RouteID_af480955-6e35-447d-9506-96a6998e2fce,159,215.0,226.6,-11.6,-5.4
RouteID_af509b46-9e50-4636-a86b-503a28aeda94,186,229.14,219.68,9.47,4.13
RouteID_af53d6f8-537b-4605-a089-9f66bccb7ca9,197,255.04,247.75,7.3,2.86
RouteID_af5bc3c7-79aa-4573-8d6e-bd2f658efce2,193,240.29,261.22,-20.93,-8.71
RouteID_af606085-d1f7-4b8b-b0cc-b0be39a150a4,162,241.08,249.36,-8.27,-3.43
RouteID_af67b685-d270-4624-b46e-2c6498dd5344,159,189.64,178.05,11.58,6.11
RouteID_af6a312e-1c08-455d-9dfd-c9cbdee0fa24,171,190.35,193.56,-3.21,-1.69
RouteID_af7975bd-6030-41a0-8575-1b3e2179a6a0,162,224.46,239.79,-15.32,-6.83
RouteID_af9a9095-c2ec-4675-b337-975550751d34,185,243.09,251.86,-8.76,-3.6
RouteID_afa40241-98c4-4604-858f-82066f6002a6,139,162.8,172.23,-9.43,-5.79
RouteID_afabf63c-118e-4234-82f4-57789c1897ee,148,233.54,220.74,12.8,5.48
RouteID_afc72e42-6745-4b16-938b-a4d2ab5a18e3,124,222.2,240.09,-17.89,-8.05
RouteID_afcee5a0-423f-47d7-9f0b-4bd98b15cbb4,155,188.04,192.52,-4.48,-2.38
RouteID_afd2b0cd-8682-4dd9-a503-c0f80757ebf4,139,172.61,180.75,-8.14,-4.71
RouteID_afd461bc-1d35-4e47-b4ac-9d567ad67f5a,171,213.86,197.64,16.22,7.58
RouteID_afda3c58-0de6-495f-90e8-8741641f3a00,195,173.14,173.71,-0.57,-0.33
RouteID_afedac88-adc5-4afa-a255-76a60bd53f2d,148,175.83,172.8,3.03,1.72
RouteID_afedc532-0295-4a28-9443-0ee4cec5d2b8,175,181.18,198.69,-17.52,-9.67
RouteID_b002b8a2-4b52-45a6-9465-44bbd15dae4d,81,97.88,90.0,7.89,8.06
RouteID_b0116bf4-3487-4b8b-a9a5-b00efcd81f84,152,200.16,184.44,15.72,7.86
RouteID_b0247521-0be6-4623-b357-521b0a713037,85,145.91,165.38,-19.47,-13.35
RouteID_b04752a4-9a5f-4b55-ac16-456c19c11d19,145,196.89,206.59,-9.7,-4.92
RouteID_b048bb97-7172-4eb1-afc6-425cce41f252,150,168.82,178.56,-9.74,-5.77
RouteID_b06c0b8c-05c0-408c-b3c9-2d4cbfb92227,153,238.91,245.7,-6.79,-2.84
RouteID_b080c4a2-735a-419e-94d1-d14f5b752740,143,164.15,156.86,7.28,4.44
RouteID_b083498a-8b0b-41c5-add5-ec1d0627b651,94,120.6,107.42,13.18,10.93
RouteID_b0c2acb6-df6f-4172-bba4-ced7cb6a570f,161,180.95,179.59,1.36,0.75
RouteID_b0ce27bb-ecea-4d12-a83c-bbcd02c70bb4,161,178.54,189.87,-11.33,-6.34
RouteID_b0d85767-ecaf-4e46-8959-46a43c8c2014,140,156.06,169.15,-13.08,-8.38
RouteID_b0df83a5-779a-40f4-b5ea-ad32299e99de,154,202.24,191.58,10.66,5.27
RouteID_b0e380ba-de5b-4044-8d72-d4ae7698ee34,144,154.47,156.93,-2.46,-1.59
RouteID_b0fec173-e782-4270-baaf-ec4568c93303,144,211.56,198.99,12.57,5.94
RouteID_b10bcbd7-8abe-4a8a-be8a-5a920dd1e7bd,121,162.82,170.38,-7.56,-4.65
RouteID_b1125f42-9db4-4838-ba5b-a76c915eeaa5,147,213.04,234.26,-21.22,-9.96
RouteID_b128d67c-31cb-44ee-9dc9-5507d5ab5ebb,151,242.58,261.91,-19.34,-7.97
RouteID_b12c01a4-9dc6-4cb9-b9e3-26186fd9c1be,146,167.62,171.92,-4.3,-2.56
RouteID_b12e0798-7209-4cf5-926e-419c33840ab6,160,199.84,202.3,-2.46,-1.23
RouteID_b1348a23-000f-48b4-ab04-1022331ee9d5,101,112.72,106.84,5.88,5.22
RouteID_b14ab224-3c4b-4182-bba5-062a785e2a5d,194,213.48,228.34,-14.87,-6.96
RouteID_b15301b4-67e1-4411-8816-60470e0dc071,142,194.71,226.49,-31.78,-16.32
RouteID_b1546d45-1a18-478f-8900-e884cd665dc0,154,228.84,248.11,-19.27,-8.42
RouteID_b159fccf-a099-4b8b-89bb-d917cb113d2f,180,168.78,179.08,-10.29,-6.1
RouteID_b16371f9-c76f-4e11-94e2-ea81ce66a938,148,164.07,171.38,-7.31,-4.46
RouteID_b17be13c-9671-4c4f-a74c-052520441f62,209,289.63,292.44,-2.8,-0.97
RouteID_b17c2093-608d-4d30-85fc-7386acf02f27,166,197.82,160.76,37.05,18.73
RouteID_b17d218c-ead3-41ce-bd3b-b4e49d90ad2a,141,141.76,128.36,13.4,9.45
RouteID_b19f72dd-8273-4c9f-87c7-1fa39fc4089c,126,227.44,211.35,16.09,7.08
RouteID_b1bbf614-23d7-4568-9017-2d9acfd05756,163,226.89,233.01,-6.12,-2.7
RouteID_b1c5dfd6-459f-4977-aea7-3c48b4d865ff,109,117.54,128.26,-10.73,-9.13
RouteID_b1d5349d-1a9c-4791-a652-80ccb71dbfd6,147,146.67,155.27,-8.6,-5.86
RouteID_b1e0fa64-9d03-431f-8a50-26003fe670cd,164,189.2,198.48,-9.28,-4.9
RouteID_b224bf19-3e25-46cc-9799-66ac2881fda0,157,138.27,120.68,17.6,12.73
RouteID_b224c8d2-65a0-4f01-b004-d5dacaab1643,81,105.83,100.97,4.86,4.59
RouteID_b231f324-df28-4722-94c2-65cc0bc633f5,148,180.15,195.63,-15.47,-8.59
RouteID_b236029c-517a-43d6-bfa3-e3cc6c45e932,165,273.36,258.37,15.0,5.49
RouteID_b23cd867-2bd1-4f5d-9962-a2c4347d3801,135,201.07,204.74,-3.67,-1.82
RouteID_b24110e2-6b6c-49f7-9980-ceb5a54e3548,179,192.32,204.56,-12.23,-6.36
RouteID_b2458a6c-0a7e-40c5-9645-24b4dc32e577,182,231.07,240.69,-9.61,-4.16
RouteID_b2621a10-ff30-47fc-a516-fd87f9986f29,90,91.64,91.55,0.09,0.1
RouteID_b262ae2c-7772-49d2-9e58-ef9cbdee7e71,155,228.71,229.52,-0.81,-0.35
RouteID_b26c907b-a6fc-49e4-8897-ac75097362d6,145,225.5,228.95,-3.45,-1.53
RouteID_b290fc65-b37a-4c7a-b5b4-1c0b8b5a3a52,134,220.2,226.57,-6.37,-2.89
RouteID_b2991720-8e58-446a-852e-d83d2ebd58a3,157,179.06,192.28,-13.23,-7.39
RouteID_b2a7ac1d-61e7-408b-bc20-44799268a7d6,123,135.3,139.33,-4.03,-2.98
RouteID_b2ab781b-b693-4d4b-908e-2c798ab6966a,173,187.29,200.69,-13.4,-7.16
RouteID_b2b7bd66-04ea-410a-9d84-a0f1601ccc42,155,197.88,194.91,2.97,1.5
RouteID_b2c624c5-d50f-48a3-839c-cbd70a8bb83c,143,112.06,110.77,1.29,1.16
RouteID_b2c725da-1a34-44fd-8d3a-9dd9ed9f0fd6,186,208.04,221.05,-13.0,-6.25
RouteID_b2d43f60-0823-4c01-816d-94f1cd36fc77,113,188.31,171.05,17.26,9.17
RouteID_b2d8f3d1-cb7e-43ee-8fca-3ebed6b86761,140,187.45,200.34,-12.89,-6.88
RouteID_b2dcd3de-37b0-4e7e-8a7c-2762a3bf29d6,175,258.85,268.19,-9.34,-3.61
RouteID_b2ee42b6-88ad-4fee-be20-e7a96ef65d7d,138,203.4,195.9,7.49,3.68
RouteID_b2f0132a-4c06-40de-a14b-8367cc2a795a,141,123.6,133.37,-9.77,-7.9
RouteID_b2f8cc0c-f2a2-4f89-a1f1-4a87d2dd3455,185,198.86,200.42,-1.55,-0.78
RouteID_b3069773-a091-4fb1-a912-4eaeef3e07ea,148,127.07,137.9,-10.83,-8.52
RouteID_b30899fa-f222-4dd5-a236-c51608478c15,184,167.71,181.19,-13.48,-8.04
RouteID_b316a43d-0cea-4b0e-9e35-cfec97807141,156,196.28,205.32,-9.03,-4.6
RouteID_b31ea4e5-c1b7-44a5-9dd5-9428f5fd2c16,84,120.1,117.53,2.57,2.14
RouteID_b3259d3d-7128-4957-9585-504f8e7bbb8c,123,88.8,87.78,1.02,1.15
RouteID_b326406f-7851-4605-9c0e-00c57be89d22,150,214.76,213.22,1.54,0.72
RouteID_b333f88c-cf8d-4a51-b46f-2b5b6defbd8e,171,207.62,226.63,-19.01,-9.16
RouteID_b335cea7-f338-4f94-8f9f-ffaabfe0b5a3,144,143.47,119.87,23.6,16.45
RouteID_b339b7fd-e9fa-48c3-af3a-865bc21e215c,171,193.39,211.56,-18.18,-9.4
RouteID_b352db3f-7310-4cfb-be98-9b84f053e352,124,155.1,130.57,24.53,15.82
RouteID_b35c32e0-21e5-4e37-81d8-2c344da4e7a0,181,210.21,210.69,-0.48,-0.23
RouteID_b35ef5a3-56e3-4509-bfcf-ab92a7becdb7,214,218.27,227.05,-8.78,-4.02
RouteID_b362a4bd-61ec-4620-9bc9-5f0567fcc3a4,91,83.42,77.24,6.18,7.41
RouteID_b368bf5b-531d-4e74-8b6f-b038c4869748,157,211.97,211.12,0.85,0.4
RouteID_b3720d0d-9473-4e3b-ba17-833f92f28611,106,143.19,159.86,-16.67,-11.64
RouteID_b387ef94-c466-428a-a629-cbd33b7f5982,148,179.74,177.27,2.47,1.37
RouteID_b3892d64-a931-44ad-ba75-ddcfaf8976c7,200,249.46,266.04,-16.58,-6.65
RouteID_b39a6f98-f513-48e8-8a13-671a0a47d95f,151,178.26,193.8,-15.55,-8.72
RouteID_b3a6a4aa-16d3-41cc-8b7c-c0d995c162a8,169,183.62,176.58,7.04,3.83
RouteID_b3a8fe9c-d851-46b7-a556-ae6f5b2dd4f6,195,207.3,222.6,-15.3,-7.38
RouteID_b3acc49f-fcc6-4d1d-b6b3-dcd8cbcfb9ba,142,209.2,204.9,4.3,2.06
RouteID_b3b613f2-9ea4-48e5-9440-9af81f6f59a1,170,192.65,195.34,-2.69,-1.4
RouteID_b3b8bf3d-325e-456f-99db-ddc3941489de,116,130.51,133.78,-3.27,-2.51
RouteID_b3bd73d9-a6b6-4b59-91e6-b61c5d92eef9,162,173.45,176.76,-3.31,-1.91
RouteID_b3d1ab17-8f7b-4a47-a728-51ebbe3883c9,143,196.86,189.48,7.38,3.75
RouteID_b3d7c595-bb83-4e23-a4b2-7318b23429f5,175,219.65,244.87,-25.22,-11.48
RouteID_b3dbfeac-c949-4761-90ca-ed8da25cca02,185,182.56,182.3,0.26,0.14
RouteID_b3debc51-3e9c-442e-a1e8-564654cc83e1,164,183.79,186.84,-3.05,-1.66
RouteID_b3eeb2f6-131f-4243-8fb4-057438d07870,154,152.85,157.16,-4.31,-2.82
RouteID_b3f46cf2-5257-49ac-84bb-744a4a52d2b7,90,98.67,88.5,10.17,10.31
RouteID_b3fb5fb0-4b06-4388-b19c-e3ba37671982,141,181.84,182.94,-1.1,-0.6
RouteID_b404723a-b0af-4996-b375-2a0c280d4414,104,102.6,91.34,11.27,10.98
RouteID_b41061a4-8478-4043-8141-987cfd0ffdbc,208,242.36,250.81,-8.45,-3.49
RouteID_b4120d0c-d4ce-446d-b298-9191ec2e641e,140,185.22,200.03,-14.81,-8.0
RouteID_b418845f-aade-40ef-8317-2247ad83e914,168,249.22,276.11,-26.9,-10.79
RouteID_b4260354-182c-448d-9ba4-cae5fab37df2,185,253.61,250.49,3.12,1.23
RouteID_b43c35ec-1442-47fd-abe5-874e5b5b8dd6,127,118.87,118.99,-0.12,-0.11
RouteID_b43d03a6-0dbc-4e90-87e2-ba13c63d96c4,188,206.9,232.08,-25.18,-12.17
RouteID_b43d0a1d-0e16-47d3-bb38-a541f7d4b541,110,174.66,140.83,33.83,19.37
RouteID_b453f905-129a-40b2-8816-97fcfc8b7914,142,219.01,228.65,-9.64,-4.4
RouteID_b458ba97-eda1-47ed-b212-aca366ff85bf,173,253.98,276.65,-22.66,-8.92
RouteID_b45a2c95-4634-40f2-83bd-555c8770288e,144,152.72,160.64,-7.92,-5.18
RouteID_b45d43d6-4137-4251-9140-d1be8fd3a2f1,139,195.87,193.8,2.07,1.06
RouteID_b45f34d4-3128-47f7-9e40-95f17f4ddc81,146,215.71,225.62,-9.91,-4.59
RouteID_b461278a-5ab7-4341-9287-38a2736898c5,151,190.44,184.87,5.57,2.92
RouteID_b480722d-6ad2-4a40-8afc-0242b6ca2055,179,223.98,239.77,-15.79,-7.05
RouteID_b4c82eec-e977-4493-bc53-85b002f654ee,192,196.15,194.12,2.03,1.03
RouteID_b4c9b4f2-3293-43d5-ae3b-b80f356da0eb,148,177.66,197.39,-19.73,-11.11
RouteID_b4cd4229-6770-4edb-b7f0-ae0eb760e931,175,176.22,180.55,-4.34,-2.46
RouteID_b4d140c5-f4c1-4b23-b030-2e6935d75fe3,153,186.4,189.45,-3.06,-1.64
RouteID_b4e3992d-6211-415f-b416-94ec8810bcd9,107,150.92,149.4,1.52,1.01
RouteID_b4f20224-2c50-40aa-b591-fa3c9f4d879c,148,188.63,201.56,-12.94,-6.86
RouteID_b4f2f28d-224f-4d9a-b6d0-15305db25845,153,166.53,179.78,-13.26,-7.96
RouteID_b4fde8a4-ef8e-4135-ae82-007663a0a189,126,186.64,186.17,0.48,0.25
RouteID_b4fe359a-896c-4d0a-a5c5-32a72b35e19b,114,115.46,116.48,-1.02,-0.88
RouteID_b5050307-8120-48f3-b3c9-b4fda083a649,130,162.68,144.69,17.99,11.06
RouteID_b51ce290-1bc2-41d5-8998-5d1bbd62e9f7,53,72.99,64.88,8.11,11.11
RouteID_b542c3ef-6f22-4497-90ac-65f4f02a999c,174,183.86,193.23,-9.37,-5.1
RouteID_b543fe29-0f8d-4c47-ae65-01551dafb8f0,195,178.53,188.73,-10.2,-5.71
RouteID_b54af6f5-5168-4353-bfef-7c50a1d4f866,106,188.44,184.39,4.05,2.15
RouteID_b54ee14c-5eed-4a01-91c9-8d344d830638,172,199.92,193.12,6.81,3.4
RouteID_b5717eb1-437d-4d3c-b271-6ad2380061c4,156,193.92,192.95,0.97,0.5
RouteID_b5766d61-7ea8-49ba-a3fe-c99fec8d70e7,146,170.74,167.71,3.03,1.78
RouteID_b5797303-ca99-47b8-bb8c-a9b41de4e734,130,155.33,167.91,-12.58,-8.1
RouteID_b57a9e93-f29d-4d75-a49b-5baea7d5022b,118,125.17,120.5,4.67,3.73
RouteID_b57d035b-6b7d-4b23-a166-b76c6bd5efb6,134,149.71,150.41,-0.7,-0.47
RouteID_b57e4859-7bd3-4654-86a2-c441a4359dd1,170,175.2,187.36,-12.16,-6.94
RouteID_b5814396-317d-4a37-be08-41c99abaffeb,154,180.83,198.44,-17.61,-9.74
RouteID_b58690f1-e075-41fe-9ece-6207efa61d52,209,228.66,235.77,-7.11,-3.11
RouteID_b58cd2c1-2da4-464c-a6e0-2fec31edaf0b,160,175.09,193.36,-18.27,-10.43
RouteID_b59292c0-11c8-4261-b99f-1bf152719e41,172,164.65,166.22,-1.57,-0.95
RouteID_b5c048b4-164b-484c-bcd8-6e172022d649,135,153.03,147.25,5.78,3.78
RouteID_b5dc1f6f-3c9b-4be7-9291-f079549caf48,81,122.73,132.55,-9.83,-8.01
RouteID_b5df8dd4-29e8-49aa-a30c-8f523f3eecbb,153,206.95,224.31,-17.36,-8.39
RouteID_b5e2d931-812e-42d6-a747-272b03f2a6fd,140,138.72,142.66,-3.93,-2.84
RouteID_b5e772ce-0aba-4f8f-a312-5cd64a2b267b,134,182.65,183.63,-0.98,-0.54
RouteID_b5f480ed-e8b1-490f-bc22-d5a5e90e6eeb,66,100.21,107.76,-7.55,-7.54
RouteID_b5f53189-1a0d-4511-a4df-6c48c6e39009,137,172.53,153.82,18.71,10.85
RouteID_b5f91cc1-aabb-49f4-8812-07d621d970dd,155,166.42,189.07,-22.64,-13.61
RouteID_b5f973a9-5796-421a-865a-0914dd8f0d08,144,272.17,297.54,-25.37,-9.32
RouteID_b602af6e-3657-4258-b55c-252adadfaf44,152,203.54,203.28,0.26,0.13
RouteID_b604c2ec-4b47-42ab-ba6e-a67a0764f76c,168,177.8,186.41,-8.61,-4.84
RouteID_b60a0d1c-09c4-4571-8dd9-df4b545618f4,160,225.06,229.31,-4.26,-1.89
RouteID_b60fdabf-6ba0-4cdc-9517-4ef604207d23,173,228.08,213.35,14.73,6.46
RouteID_b615257f-6503-48d5-b7f5-d1ae857dfb9a,153,176.7,180.46,-3.76,-2.13
RouteID_b6275425-4eca-4139-b1bf-0d7e7424347f,124,145.01,152.11,-7.1,-4.9
RouteID_b647991d-741b-45c8-b0ed-b67148940f1d,75,65.83,65.92,-0.09,-0.13
RouteID_b6488aab-4a28-429a-982c-5bcbd7b9209c,67,96.61,74.66,21.95,22.72
RouteID_b653323f-fbb5-44fc-a97b-1d3760e70f66,153,179.08,187.56,-8.48,-4.73
RouteID_b6655a1f-a838-46d2-9d6a-8c48b1ebe11d,107,119.89,112.83,7.07,5.89
RouteID_b66d7ec6-62ea-463d-8301-6a0b6e9baba2,173,241.66,264.81,-23.15,-9.58
RouteID_b67445df-e2fb-4d90-94c6-88bd732bb16a,167,203.7,211.98,-8.28,-4.07
RouteID_b67a4337-f1d6-42cf-8375-ae88e57e37fa,144,148.52,158.37,-9.85,-6.63
RouteID_b67a7c3f-0ebc-40f1-83c6-68e94b1a9dd1,141,157.45,156.46,1.0,0.63
RouteID_b6a5a10f-1290-4efe-81c3-99cc285ff041,193,205.73,222.18,-16.45,-8.0
RouteID_b6b2c2ce-0693-41eb-b4eb-0ef949540c10,169,215.44,244.33,-28.89,-13.41
RouteID_b6b40540-7334-45fd-959f-915aaa2fa239,118,138.6,140.51,-1.91,-1.38
RouteID_b6baa899-c2bb-41a3-8d91-3e231d2b76e7,155,177.89,159.07,18.82,10.58
RouteID_b6beefba-c7ae-4528-83a2-6e20b99d7cd7,171,217.54,232.15,-14.61,-6.72
RouteID_b6ca934d-3854-4d52-8178-5c6a97229595,162,181.27,186.5,-5.23,-2.89
RouteID_b6d21ee6-724f-43e3-9cb1-85553e0a9475,169,182.93,193.59,-10.66,-5.83
RouteID_b6d92b61-6880-4886-8c16-6efd4cad31a2,120,210.47,221.73,-11.26,-5.35
RouteID_b6ece0ab-a87e-412c-baad-7cc357dea295,177,196.77,201.38,-4.61,-2.34
RouteID_b6f25e23-d167-4eff-be7f-559c14f19bfb,191,199.99,205.03,-5.05,-2.52
RouteID_b6fb2144-cad8-455f-88a9-af0015bab342,179,221.82,214.08,7.74,3.49
RouteID_b700a512-b253-4d09-bd3a-cb0ea7ea9088,196,241.51,235.54,5.97,2.47
RouteID_b71ff827-2ba4-4406-8904-74503c15d092,141,211.77,193.4,18.37,8.68
RouteID_b7238124-d2a8-4782-b784-caad87b5258c,138,154.82,166.82,-12.0,-7.75
RouteID_b72969cb-17a6-4833-90d7-264ea0dda21a,161,170.4,175.17,-4.76,-2.8
RouteID_b738fd5a-2f5e-45e8-8c2b-c71fb691d28c,151,169.12,174.05,-4.93,-2.92
RouteID_b7424451-d925-4322-b113-5af79466f626,89,108.59,96.36,12.23,11.26
RouteID_b744ea65-0fc7-451b-8ef4-9d2c72d00ba7,138,113.38,116.97,-3.59,-3.16
RouteID_b745828e-d999-4d89-af70-1f9ff66d318e,192,230.56,247.45,-16.89,-7.32
RouteID_b747ad9e-58bb-4bb4-9cc1-d846de9c086b,114,124.42,130.3,-5.88,-4.73
RouteID_b74e58b3-be67-47f7-b3bf-a3d1c074719d,179,184.37,170.65,13.72,7.44
RouteID_b77ec0d1-76d0-4f9d-b2ec-5610fca57410,93,112.17,102.07,10.11,9.01
RouteID_b7840c0c-4107-452d-897b-4b2bd968eed6,156,185.33,190.73,-5.4,-2.91
RouteID_b78695ba-8acb-4cd3-8f2c-022c372d85e8,142,183.48,173.34,10.15,5.53
RouteID_b7aec80d-8bdc-43d5-8742-10904c78e726,150,211.11,211.43,-0.32,-0.15
RouteID_b7b307f5-3235-4967-b1b3-61be55eb5234,170,194.53,211.12,-16.59,-8.53
RouteID_b7b62247-44b8-45aa-81a0-edbd95673b2a,155,196.93,207.54,-10.61,-5.39
RouteID_b7b9ee03-a3b0-4df1-bb6d-579eed1f5c9c,166,188.92,202.08,-13.16,-6.96
RouteID_b7be564a-3338-4bba-aa3b-149f3ffbb64d,81,104.72,77.0,27.72,26.47
RouteID_b7c4299c-be13-4cb3-ae99-6822f6fa8ca4,184,244.15,255.52,-11.37,-4.66
RouteID_b7d04667-48fb-4a8b-867d-6208f090bf88,180,176.97,203.16,-26.19,-14.8
RouteID_b7d5c7a2-12d3-4545-a8ba-9824cb3045e6,120,94.97,92.54,2.43,2.55
RouteID_b7e9b0ce-f2fa-4ae6-96db-5b9bbb2c301a,179,214.28,232.96,-18.68,-8.72
RouteID_b7ed5dfd-253c-4077-87c4-85c0efce540a,99,76.47,77.59,-1.12,-1.46
RouteID_b7f6b358-48f9-49e8-aa7c-87ee5a82a8a7,141,171.47,187.77,-16.31,-9.51
RouteID_b8083b63-388d-4095-adf7-d0f9d943a1d5,95,120.31,100.66,19.65,16.33
RouteID_b84132b5-928f-426d-a93f-c1f51fe8a2e8,147,157.09,161.59,-4.49,-2.86
RouteID_b8551689-1e36-46d5-a873-16c18fa4fcb8,126,107.73,100.86,6.87,6.37
RouteID_b856fe5d-9db3-49e6-b4ec-98958fd91c41,152,173.84,153.74,20.1,11.56
RouteID_b859826a-8a31-49de-9d19-95eee56595fc,79,119.12,110.38,8.74,7.34
RouteID_b867ec7a-2459-427a-9535-ac32e680ca77,158,193.56,205.04,-11.48,-5.93
RouteID_b8830cc4-9424-4fd9-aefe-b1d3d164c5a9,93,155.29,146.6,8.69,5.59
RouteID_b8865c87-598c-407d-baff-a34e66406562,169,167.13,180.53,-13.4,-8.02
RouteID_b8a6548b-2a95-410b-9f66-27fbe742fab6,197,253.96,251.09,2.87,1.13
RouteID_b8aa0423-052a-4be3-84a4-b87eeb12fd5b,149,257.38,253.67,3.71,1.44
RouteID_b8b4aff5-edef-4e56-8e25-c09cc6a4292b,161,198.28,193.83,4.45,2.24
RouteID_b8d0ddcf-65a9-4996-86c9-c762dac66203,180,268.03,285.29,-17.26,-6.44
RouteID_b8d1f8d6-7c43-4784-adef-8eb797eb0c60,167,213.68,234.48,-20.8,-9.74
RouteID_b8d2812a-f88b-4b45-aeae-0d377ce109f6,141,163.21,162.54,0.67,0.41
RouteID_b8d7669e-04f7-4546-8d0a-0026a772246e,189,230.23,239.95,-9.73,-4.22
RouteID_b8e412d2-4825-42b1-95aa-4023a696e060,112,107.18,118.53,-11.35,-10.59
RouteID_b8edb34c-9c22-4b82-ba12-3eb00affe7a7,176,190.59,178.95,11.64,6.11
RouteID_b8efaa2a-47bd-43d7-9817-625ff3962e68,143,167.08,137.15,29.93,17.91
RouteID_b8f7dfa5-9902-4d30-b52b-d8fb4a2e09c8,123,151.8,153.85,-2.05,-1.35
RouteID_b8f8d953-3963-4b7d-8580-d90c1deb5258,107,162.51,158.0,4.51,2.78
RouteID_b8fb9a2e-c997-4371-aa38-37f5b19dbc00,170,181.86,197.99,-16.13,-8.87
RouteID_b9132974-754a-49da-8618-9a047743d6c2,153,195.22,194.01,1.22,0.62
RouteID_b923d3f9-13fe-4f1e-a52b-84ba3161c25c,126,96.23,105.61,-9.38,-9.75
RouteID_b92a1e1f-a850-48de-9f28-9f895921abb0,175,239.58,227.52,12.06,5.04
RouteID_b9325966-394c-43b4-9d93-deccb1125569,160,211.58,230.23,-18.65,-8.82
RouteID_b95043a3-7f3c-40b6-841e-67bef8866464,150,198.31,211.48,-13.17,-6.64
RouteID_b954f517-a508-4755-8af8-49e9d45c5d12,149,177.08,187.12,-10.04,-5.67
RouteID_b96aea42-0c1f-45d1-b593-97038bf1235e,174,187.61,201.9,-14.29,-7.62
RouteID_b96d085c-9a67-45dc-bd54-26cca0df29d0,165,175.24,187.51,-12.27,-7.0
RouteID_b97060ad-f303-40f7-a867-ba25f5c24f1c,77,146.46,132.92,13.55,9.25
RouteID_b9713e55-1c18-49e1-86ca-6d0222c12cd2,72,89.01,74.01,15.0,16.86
RouteID_b9784e79-1e18-4b97-b4da-702b4a2cd591,161,218.88,238.6,-19.72,-9.01
RouteID_b97b8687-2b5f-4b64-97f1-d6a4c32cfbbc,81,92.44,84.9,7.54,8.16
RouteID_b9825940-2bbf-4356-8d61-1d1339c9070c,103,131.89,134.96,-3.07,-2.33
RouteID_b98cd3e9-f5fa-410e-b1c1-1e716aa24409,152,179.52,186.46,-6.94,-3.87
RouteID_b9978b24-de05-4c80-8081-668e8ea4bf0f,152,156.04,149.55,6.48,4.16
RouteID_b99b4645-4432-4004-9806-438dfb8e241a,170,220.69,215.56,5.12,2.32
RouteID_b99b8570-38e5-4292-8e10-572913e990c9,196,207.62,211.2,-3.58,-1.73
RouteID_b9b176d3-2812-4070-b2e1-b9ea3bf9ee74,83,103.64,88.15,15.5,14.95
RouteID_b9b1f591-f3ae-4b9c-acc9-5489b92b14fc,181,172.55,168.48,4.07,2.36
RouteID_b9b85979-3206-49ad-82f7-e99d64b3a2e0,164,218.56,239.81,-21.26,-9.73
RouteID_b9bd35bd-444f-48fb-8345-5e8f74d241c6,214,226.34,229.11,-2.77,-1.22
RouteID_b9dd468e-31fc-462a-8cc4-2956748f8136,115,175.52,187.76,-12.24,-6.97
RouteID_b9df0b50-3d98-4515-bc04-f5df1cce05ce,141,200.89,206.18,-5.28,-2.63
RouteID_b9f2a7ea-a444-4903-9089-7ffef65bd799,161,207.52,217.59,-10.07,-4.85
RouteID_b9f811b7-ae6a-428c-b8c1-1ef4a7bb0157,153,234.34,250.81,-16.47,-7.03
RouteID_ba19ad0f-b01c-4911-b8c3-d15f4cda71fc,179,218.5,220.86,-2.36,-1.08
RouteID_ba3daea9-bdc4-444e-bc7d-ed1c4df07936,153,174.88,177.83,-2.95,-1.69
RouteID_ba4d7dd2-cca9-441a-b87e-d92cf27e2bb4,138,172.93,175.18,-2.25,-1.3
RouteID_ba4f3ea5-22ba-493b-97d9-4f0800fef0dc,173,207.16,232.94,-25.78,-12.44
RouteID_ba566ae8-9fb1-4494-b014-14e349da45a2,188,196.95,225.08,-28.13,-14.28
RouteID_ba6a41db-0c66-428e-8f58-f5fee7dfbc67,109,181.71,186.08,-4.36,-2.4
RouteID_ba71e04e-710f-48c3-8908-e6e353733664,157,170.07,177.88,-7.82,-4.6
RouteID_ba74586d-ab89-49f4-9409-29fccf23ba9d,179,166.21,177.43,-11.22,-6.75
RouteID_ba83619f-debd-4d47-b643-ca8233edaa5e,62,105.49,104.77,0.72,0.68
RouteID_ba86d0ac-5266-41c5-9403-c96b8cee0171,88,133.67,127.84,5.83,4.36
RouteID_ba96d9a4-6bca-4d16-8da6-7850baf434d9,175,178.06,175.69,2.37,1.33
RouteID_ba9a2070-348d-419f-90f6-b138823de2bf,128,217.61,207.13,10.48,4.82
RouteID_ba9de4fb-805a-4fa6-9673-829ed298ffac,101,166.82,173.81,-7.0,-4.19
RouteID_baa60580-5cef-4f7c-9e7d-6a8fee194051,129,140.8,145.59,-4.79,-3.4
RouteID_bab4fb83-3be2-4dd9-adcd-cb40c3c1a3f8,188,187.38,180.34,7.05,3.76
RouteID_bab88bc2-65ef-4020-8475-f6b0e0c4fb92,112,186.69,167.68,19.01,10.18
RouteID_baced9aa-4264-4f0a-8992-47d7308268e5,93,100.28,91.94,8.34,8.31
RouteID_bad44198-8c25-4709-900e-6e28d5593c39,166,196.65,217.04,-20.38,-10.36
RouteID_bad72dc5-6429-4772-91ab-757da8b3a43e,167,170.05,181.14,-11.09,-6.52
RouteID_bad7aac9-f29b-4afc-bff6-2a28dbf3618c,178,189.74,172.54,17.19,9.06
RouteID_badfcb77-d3be-446d-9d99-8dbed1828484,119,99.76,97.53,2.23,2.24
RouteID_bae504fc-e911-4e97-ba8d-afa4283ce38d,61,77.1,75.73,1.37,1.77
RouteID_bae78799-204d-40c4-88b9-d016e5fee4e6,147,177.02,176.83,0.19,0.11
RouteID_bb009f83-c785-4a87-9bad-5caa4cc69921,238,255.01,274.7,-19.68,-7.72
RouteID_bb0343d0-48a3-4666-9765-9be5a6921113,163,183.43,211.16,-27.72,-15.11
RouteID_bb07ab7a-2f2b-42a7-9361-e7c65f292b8b,182,209.94,224.69,-14.75,-7.03
RouteID_bb0a05d6-68b7-49b1-9174-ec7a82b49d5d,175,183.29,184.17,-0.88,-0.48
RouteID_bb265a5f-087b-462f-bc4e-1f7cc1c69571,136,193.77,191.26,2.52,1.3
RouteID_bb37be8b-f065-4c79-bb2f-2f4b69b7c07c,182,161.17,154.29,6.87,4.26
RouteID_bb4648b3-db69-407a-b293-fdc66d328e34,115,113.6,108.83,4.77,4.2
RouteID_bb5a6479-69f4-463f-9c1c-c3ffe79637da,159,203.37,218.74,-15.37,-7.56
RouteID_bb5b335c-317b-494e-b562-a914c4d7e794,121,189.51,168.67,20.84,11.0
RouteID_bb5e3460-9867-4fc2-9a8d-99f3e13826a2,98,141.39,133.13,8.26,5.84
RouteID_bb71ae90-02e0-4781-8f03-ed57c61794c5,205,230.72,229.7,1.02,0.44
RouteID_bb72b94e-11a8-426e-a256-259a9f890d0b,156,232.07,240.23,-8.16,-3.52
RouteID_bb7a1b55-94b2-42af-8c6b-60d6e050bd2a,191,218.02,231.49,-13.47,-6.18
RouteID_bb7bcd58-b6e4-4721-a740-f6486d7cb1fe,136,114.85,107.23,7.63,6.64
RouteID_bb82c206-af8f-4491-bd49-d84197702138,171,164.71,167.68,-2.97,-1.8
RouteID_bb946c91-adb9-4017-9645-d22684a3c1f0,170,193.26,205.2,-11.94,-6.18
RouteID_bb966aa9-4bd8-4a0b-b448-1ff25e6ca4ba,118,196.41,197.78,-1.37,-0.7
RouteID_bb987f4e-80f7-415c-a73d-265f33c75cb8,167,232.49,243.34,-10.85,-4.67
RouteID_bb99fee4-344f-46d9-94a2-8d243aeb6d99,196,235.73,250.49,-14.76,-6.26
RouteID_bba92eef-e911-49a2-a432-25c04de712c1,165,200.11,180.42,19.69,9.84
RouteID_bbadd6c2-8cbe-418f-86af-766f493f0641,118,85.43,78.79,6.64,7.77
RouteID_bbb25783-0a9b-4ecd-a6fd-8f934336a2a6,149,229.12,248.41,-19.28,-8.41
RouteID_bbc5596b-4a7c-45d7-a184-6457697a11a7,157,228.44,180.32,48.12,21.06
RouteID_bbc5a237-a15f-4875-862c-def2697d401c,146,239.7,253.89,-14.19,-5.92
RouteID_bbd19c5d-319d-4d73-aeff-a70e877f062b,146,244.06,233.01,11.05,4.53
RouteID_bbd9c256-3093-41a2-9924-58e7abe53445,153,155.58,162.86,-7.27,-4.67
RouteID_bbdef07a-cdfa-45d1-81c5-50024299d073,109,130.41,123.0,7.41,5.68
RouteID_bbdff169-e586-4fb9-9f6b-d1f1f0ce7fb5,93,112.0,113.06,-1.06,-0.95
RouteID_bbe10e4c-48c8-4a2d-9ad4-e808f2aa359b,139,208.55,209.32,-0.77,-0.37
RouteID_bbe190c2-ff7a-436d-9230-a002271ee3e4,115,111.28,102.93,8.35,7.5
RouteID_bbe38652-b154-46de-852e-c57ec678efa9,178,248.94,279.44,-30.5,-12.25
RouteID_bbf1d669-a810-4dfc-8235-9b30424741ac,161,205.18,211.18,-6.0,-2.92
RouteID_bbf26aac-01aa-4f46-a18e-3eef9bf1bdde,142,171.24,174.67,-3.43,-2.0
RouteID_bbf79122-7caf-4b39-8de9-d2f3d1d5a203,89,144.63,142.82,1.81,1.25
RouteID_bbfd1c18-5efa-448f-8934-68183c0a2129,145,149.57,158.58,-9.01,-6.02
RouteID_bc0a758f-a028-4a73-88dd-c67dafdabf8d,159,194.09,204.41,-10.32,-5.32
RouteID_bc0ff197-1c8c-4a39-ba62-39e48081f56f,81,82.48,74.03,8.45,10.25
RouteID_bc1abca2-b71d-4f7d-acc4-c558535d9da7,144,184.57,180.95,3.62,1.96
RouteID_bc27659b-2224-4407-aa82-a9eca12df07e,64,84.51,85.48,-0.96,-1.14
RouteID_bc3a9d42-a0ad-438c-9c05-fe8b709461fb,192,229.76,225.33,4.43,1.93
RouteID_bc47de6b-9fde-4739-b41c-33a8715534a0,163,187.38,198.58,-11.2,-5.98
RouteID_bc60788e-81c5-4573-8462-c5499bfc38f9,181,207.21,224.06,-16.86,-8.14
RouteID_bc63b0ab-f436-433b-ae89-e9a69af5ad17,110,97.49,89.99,7.5,7.7
RouteID_bc65f90d-587f-4b29-ad18-f325b53c5510,161,146.88,174.95,-28.08,-19.11
RouteID_bc663be2-8b68-49ef-9150-b318e1de3c24,93,99.55,91.13,8.42,8.46
RouteID_bc66e426-5b1d-4562-9ea1-3c3c30222c47,187,224.86,242.5,-17.64,-7.84
RouteID_bc7bf800-089a-4b98-b663-7624dab35a70,114,88.98,85.1,3.88,4.35
RouteID_bc7d1703-a1f8-45de-9c78-0643151c9d7c,123,111.2,108.34,2.86,2.57
RouteID_bc8ecfda-fbba-4b90-8c38-b47d5a568acc,171,263.46,270.5,-7.04,-2.67
RouteID_bc9642d5-bdb8-4a8b-b62d-9b4fa08ae5f6,175,259.33,274.82,-15.49,-5.97
RouteID_bc96d79d-57df-40b8-8335-e2194d4183a2,142,176.94,189.26,-12.32,-6.96
RouteID_bc99e3cd-31c7-4b4a-851c-3dce24c56e84,144,200.79,204.85,-4.05,-2.02
RouteID_bc9e3810-87c5-4195-8578-c77290683d73,172,236.28,233.07,3.21,1.36
RouteID_bc9fbd69-5324-4a41-b008-86832dd8e02e,198,285.11,276.26,8.84,3.1
RouteID_bcac0be6-69fc-4225-9e4b-a69c64019387,122,144.42,150.4,-5.97,-4.13
RouteID_bcb1dd8c-6e7a-4f1c-8546-933131335d69,109,119.38,129.9,-10.52,-8.81
RouteID_bcbd44fe-2a3c-4877-801a-f35b1234632f,161,205.31,220.7,-15.39,-7.5
RouteID_bcc07fea-86d2-41e4-9a58-cfc78956dcc7,140,189.5,192.02,-2.52,-1.33
RouteID_bccd12e9-1b8f-41fd-9580-70e22b563625,139,159.99,142.92,17.07,10.67
RouteID_bcd39282-9086-47d9-9f04-21d930e0a292,116,132.5,136.26,-3.76,-2.84
RouteID_bcd682f8-5087-4b35-8d7e-98e23c2496ac,156,178.0,200.06,-22.06,-12.4
RouteID_bcd8fc96-c7dc-484a-b2e2-c1dd057ec75c,164,231.67,232.42,-0.75,-0.32
RouteID_bcd9cdd4-e1d0-4389-a9c2-fc95f806c3c2,109,131.34,126.7,4.64,3.54
RouteID_bcdecdc9-5580-4cd2-90d0-f06c1062692c,118,180.74,166.2,14.54,8.05
RouteID_bce95da9-fc26-48aa-9053-e80621420a2d,175,206.94,206.22,0.72,0.35
RouteID_bcfd0b23-9ed6-44f7-a91b-3aafd01f1eb8,161,209.88,211.66,-1.78,-0.85
RouteID_bcfd3fa2-531c-41ec-9375-05a12d28f43a,115,125.15,132.9,-7.76,-6.2
RouteID_bcfee66e-9c05-48b2-8f84-a7c59ae5c825,156,167.96,161.76,6.2,3.69
RouteID_bd0ad720-8246-453c-80bf-ff2200c5fa5b,138,164.91,171.63,-6.72,-4.08
RouteID_bd23c559-b6a5-4537-9d32-88db04ccec81,141,118.47,119.9,-1.44,-1.21
RouteID_bd3efbfc-f69d-4310-88e4-2490ee337f76,142,194.98,197.41,-2.43,-1.25
RouteID_bd47a557-a710-491e-a4ea-72b5318ae777,148,181.75,176.38,5.37,2.96
RouteID_bd49677e-a9c9-4c20-81c5-46c1843cf41d,133,182.32,153.28,29.03,15.92
RouteID_bd4bf668-d682-4910-b945-6fc474c4fc88,143,195.68,196.7,-1.02,-0.52
RouteID_bd560acf-1310-4dad-abf2-8db8f697b18a,121,107.34,110.58,-3.24,-3.02
RouteID_bd565001-36f7-426e-a08b-e641f348c7da,134,183.22,176.23,6.99,3.82
RouteID_bd568907-0a28-469e-a685-3a249d0b5ada,193,155.79,162.58,-6.79,-4.36
RouteID_bd605e7d-ecc1-4361-aaed-c65dfe2e773a,162,246.69,229.43,17.26,7.0
RouteID_bd62789b-ca96-47af-8c2f-b41cc1f4287b,133,149.75,164.94,-15.19,-10.14
RouteID_bd80c28f-cce8-4204-8014-5807c3bb544e,101,83.74,80.07,3.67,4.39
RouteID_bd9cf801-7ad3-40ea-bfe6-168c66439283,67,111.97,109.39,2.58,2.31
RouteID_bde6f14d-6311-4769-af26-72e4f503f64c,146,151.51,166.64,-15.12,-9.98
RouteID_bdeec9b7-2e85-4a8b-ab6a-205ec492bee1,144,158.84,160.98,-2.14,-1.35
RouteID_bdef36d1-a2db-4661-a1dc-615d30344a7a,156,192.23,189.67,2.56,1.33
RouteID_be13a154-4d32-43f1-8a9e-482017411a98,151,192.9,205.3,-12.4,-6.43
RouteID_be16c5b1-bc2e-4789-b582-e35152bb9344,147,193.77,212.55,-18.78,-9.69
RouteID_be2af21a-5c14-4c93-96f3-7a1192aa2046,162,193.01,198.29,-5.28,-2.74
RouteID_be323f02-11d3-4adf-bf88-a1828c611cb9,180,253.64,252.21,1.43,0.56
RouteID_be357a21-409f-4fcb-b63b-851969a2e02d,167,224.39,227.51,-3.11,-1.39
RouteID_be4a5318-30b0-4446-aed2-0660df6853e6,164,206.94,219.52,-12.57,-6.08
RouteID_be504b86-1f07-4086-b94f-9d47d2f07ce9,172,221.14,251.51,-30.38,-13.74
RouteID_be718da4-c17d-41f4-8d02-f5582cf2f2a4,112,195.28,191.72,3.56,1.82
RouteID_be8af628-6f15-470f-b25d-64af9bb7ffed,172,193.78,200.67,-6.89,-3.56
RouteID_be95aa65-08d7-4cc0-a0f6-3ef10636105a,121,169.54,144.71,24.82,14.64
RouteID_beaac1f8-8551-401b-b3f6-4f6eaf925f82,158,160.6,158.97,1.62,1.01
RouteID_beb7f15e-94fc-4a8d-92f7-10f9fe14b191,124,130.91,135.15,-4.24,-3.24
RouteID_bebb14b5-705b-431b-b208-867df76ed0fe,129,179.42,144.05,35.37,19.71
RouteID_bebe48ca-d625-4cf3-bc7f-d82d8fb4f41a,194,281.97,291.78,-9.8,-3.48
RouteID_bebf9984-ee82-4359-aa8f-c8dcb2260428,176,194.88,194.31,0.57,0.29
RouteID_bec1f5a8-e640-4736-8c78-9f9775f319e8,146,255.98,254.81,1.17,0.46
RouteID_becf5923-8b4b-40ad-b30b-9b3c5ba65578,152,171.96,175.41,-3.45,-2.01
RouteID_bed13eaf-40dd-42aa-bde2-36a5fb821e2b,152,206.73,208.13,-1.4,-0.68
RouteID_bed8315c-14cd-4a0f-ad3d-12223bf82120,163,211.48,228.16,-16.68,-7.89
RouteID_bf03719f-b5bd-4648-9c2d-bf1121a08547,148,217.65,227.59,-9.94,-4.57
RouteID_bf0bbf2a-46e8-46f2-b68b-1fa591f636e7,125,138.34,134.82,3.51,2.54
RouteID_bf3d7b85-0224-4993-8751-214ddde9e541,103,105.07,107.46,-2.39,-2.28
RouteID_bf43b960-31e2-4ee1-9025-fae52630e922,127,211.23,227.83,-16.59,-7.86
RouteID_bf6a6ce1-3b91-4dd9-82c5-f7a367b7edc8,175,199.71,204.68,-4.97,-2.49
RouteID_bf6e8979-291a-4574-849a-c39160910b22,178,222.15,239.43,-17.28,-7.78
RouteID_bf773baa-ccea-4eff-bce7-53e9a47cd865,200,230.86,221.25,9.61,4.16
RouteID_bf794e4b-8177-4020-abe3-53ff89e1815e,96,97.96,82.46,15.5,15.82
RouteID_bf79a96e-49fc-49c1-bc08-e21a6d1c7b44,123,138.95,148.51,-9.56,-6.88
RouteID_bf8130d0-72ca-4f7a-9cc2-9923a24203c0,134,181.02,177.48,3.54,1.96
RouteID_bf98c9fc-b92e-49d3-9c1f-267af0ff69f3,176,199.12,215.95,-16.83,-8.45
RouteID_bfaf1ebf-e556-43ba-8344-8976ff9f35c0,126,164.56,168.07,-3.51,-2.13
RouteID_bfb962d0-05a1-4956-9058-5e71dc3e8d9f,164,188.93,190.48,-1.55,-0.82
RouteID_bfe19d1b-5d95-44f1-8750-c1d065bad027,159,193.77,202.97,-9.19,-4.74
RouteID_bfe4ee11-d28b-4289-a2aa-ea3709504c1e,184,192.41,197.71,-5.29,-2.75
RouteID_bfe77e88-5d33-4276-bcb6-247a119b11ce,102,113.27,97.15,16.11,14.23
RouteID_bfed049b-af16-4a81-99aa-28b1dedce5f3,135,118.35,120.36,-2.01,-1.7
RouteID_c001a497-c4c2-4dc2-ad4f-eaccf717d112,183,236.33,272.52,-36.19,-15.31
RouteID_c01480b7-ba76-462e-8c4a-0046edad9170,154,179.96,183.44,-3.49,-1.94
RouteID_c024cb36-6980-4dc2-bd6e-939d211cb68b,154,201.6,204.21,-2.61,-1.29
RouteID_c0302952-8e83-4755-8d56-66d984de4d84,188,189.55,219.44,-29.89,-15.77
RouteID_c0333d25-a29b-4fcd-ad3b-4e02a3699db5,193,226.71,256.74,-30.03,-13.25
RouteID_c04c10c8-c095-4ce3-8119-1b96016c4fbe,142,159.94,149.72,10.22,6.39
RouteID_c0538d99-05d1-436b-b0aa-efe26603d606,199,229.9,242.07,-12.18,-5.3
RouteID_c05428b8-c43f-4cb8-b86a-f609054bca5d,161,198.45,197.06,1.39,0.7
RouteID_c0599e4f-4911-4efa-85f1-75ee9b060429,163,141.21,135.69,5.53,3.91
RouteID_c07ba216-a0bb-44d7-8d86-680a29b8a2d6,195,229.62,210.86,18.77,8.17
RouteID_c081aa9c-dae4-43b8-93d9-45f0bdefd93e,85,104.4,104.03,0.37,0.36
RouteID_c08fcc23-2bb8-42bb-98ee-4641e514088f,144,195.1,194.87,0.23,0.12
RouteID_c0b4b5ba-09f8-4e10-a441-8bfbd9d958c0,139,209.81,209.26,0.55,0.26
RouteID_c0b7878e-2940-473f-b763-f7d5a33a2a1f,81,117.76,90.79,26.97,22.9
RouteID_c0bb3974-f24a-4022-8d07-a75b59d7011b,131,157.84,166.79,-8.95,-5.67
RouteID_c0bb49d9-1046-4364-94bc-f45b0ecef8cb,169,227.35,233.13,-5.78,-2.54
RouteID_c0cbae27-8760-4343-add1-204df309516c,152,189.93,203.54,-13.6,-7.16
RouteID_c0d2b032-e926-4d8e-a623-7e260f8079b3,164,242.55,261.59,-19.04,-7.85
RouteID_c0ececde-1d42-4427-ae43-b7e8508a9f4c,179,199.47,209.59,-10.12,-5.07
RouteID_c0ede790-fb33-4eff-9d26-2f8d9f02994d,159,180.24,193.31,-13.07,-7.25
RouteID_c0f29a71-8ead-45cf-ad11-416fe214bbdd,150,173.01,184.79,-11.78,-6.81
RouteID_c1473f92-cdf6-4e97-ae78-2ee4080ee32f,98,139.33,144.88,-5.55,-3.98
RouteID_c147ef6e-ed35-47ec-a89d-d392e8ba2978,161,202.32,209.6,-7.27,-3.59
RouteID_c149ec69-3df1-4fdf-b93e-4b452851a66e,181,265.63,270.73,-5.1,-1.92
RouteID_c152aa10-770a-494a-bc26-c85731ea2baf,159,179.43,184.99,-5.55,-3.09
RouteID_c15a6d87-23cd-418c-b83e-fbe5fdb498bd,183,245.17,271.0,-25.83,-10.54
RouteID_c16cda48-a3e3-471c-a5d0-124db92659f3,158,215.5,231.02,-15.52,-7.2
RouteID_c17236a3-d388-4ff5-8871-a1214c2c513e,178,214.55,216.53,-1.98,-0.92
RouteID_c1758ba1-c17c-41e4-8e40-d41f8091f619,171,239.24,240.14,-0.9,-0.38
RouteID_c1a05147-caca-4dd6-b6a1-0a786f33d843,128,185.95,205.18,-19.23,-10.34
RouteID_c1a61597-7f5b-41eb-adf0-59145f866853,132,167.75,174.45,-6.7,-3.99
RouteID_c1acca9b-61d4-4cd8-9165-063e172244d7,135,237.24,250.55,-13.32,-5.61
RouteID_c1b2312c-7033-4e4a-b92e-55cb01cb9cec,148,181.4,193.46,-12.07,-6.65
RouteID_c1c2246c-e2b1-47fa-91a4-870cf3ab9741,155,174.57,201.93,-27.36,-15.67
RouteID_c1d47f73-895b-465d-8c4c-a3eeae4bfc87,124,119.54,128.13,-8.59,-7.19
RouteID_c1d7e46f-9f83-46e3-abc6-33964a56f25a,132,144.06,144.5,-0.44,-0.31
RouteID_c1ed1928-10dd-4f2f-95da-d341d06ae84b,91,80.01,88.03,-8.03,-10.03
RouteID_c2164e8d-3b83-4194-988c-8d2e90ddcfca,122,158.04,156.75,1.29,0.82
RouteID_c21a80c8-3bf6-479e-88a3-a17981b1fb16,166,187.75,197.08,-9.33,-4.97
RouteID_c221337e-9c0b-4003-b749-7171066cfed4,122,162.51,148.18,14.33,8.82
RouteID_c22a2781-0d51-4c3c-93e9-38a232746e0d,185,139.37,143.5,-4.13,-2.96
RouteID_c2352a55-d87a-4beb-8cce-394e6e717bd8,145,194.09,196.0,-1.9,-0.98
RouteID_c24b572b-b38e-48db-a231-3058e99e8e11,192,216.48,244.0,-27.52,-12.71
RouteID_c25ff0c9-1e39-48bd-b5d8-846106cfd1a1,159,207.63,252.67,-45.04,-21.69
RouteID_c2656f74-0ff5-4d6e-b0de-f06e2dbe73cc,180,251.85,272.28,-20.43,-8.11
RouteID_c2673b26-e324-4aa1-8fdc-8fd3906554be,137,186.15,186.58,-0.43,-0.23
RouteID_c27933e4-53dd-4155-be5c-fd8316aa3620,104,99.3,98.12,1.18,1.19
RouteID_c2793b09-0ef4-4664-9f33-e675e3962e4d,110,88.38,83.41,4.96,5.62
RouteID_c281baf1-f559-4fa7-b338-76e40b6ef05d,165,161.71,161.46,0.25,0.16
RouteID_c28aa6e3-1a85-4128-b40c-9954ecadc2d9,163,154.74,155.45,-0.72,-0.46
RouteID_c2b3f95d-e095-4adc-8685-ea1546dab813,180,162.0,158.71,3.29,2.03
RouteID_c2b5350b-e571-4009-ad6b-21b60e158bce,125,161.66,166.71,-5.05,-3.12
RouteID_c2b85119-97d1-4bf9-bd33-5e196523198d,193,182.95,196.16,-13.21,-7.22
RouteID_c2b9f702-1766-4333-9168-a35700350c83,151,183.93,178.83,5.1,2.77
RouteID_c2bd6325-5726-4f5b-a0b6-29dc860e1f2a,114,181.97,194.95,-12.98,-7.13
RouteID_c2c2d65a-0ad2-4d03-8e6f-58c3e7dcfa24,114,121.69,118.99,2.7,2.22
RouteID_c2cd2fa6-e9c3-4269-950f-7cd57429bd81,124,196.28,189.97,6.31,3.22
RouteID_c2df7767-d879-45a9-a6e4-5d26992c1d20,188,197.76,208.02,-10.26,-5.19
RouteID_c2fc0047-ae20-4c76-9eb3-e5b8f3e75cf0,129,102.82,103.33,-0.52,-0.5
RouteID_c3069c8b-13c7-4e69-a25c-d15dd70e3b76,162,186.91,177.03,9.88,5.29
RouteID_c315913d-98b6-4277-acba-974897e0e460,197,203.28,201.97,1.31,0.64
RouteID_c31dc377-1a2c-4715-9c91-ffa7bacb7a7d,151,233.75,249.71,-15.96,-6.83
RouteID_c32a45a9-014c-4647-8ba3-1c1e54125b61,130,116.28,120.36,-4.08,-3.5
RouteID_c32e1490-5ac4-4292-bc73-2d0d0d87175f,174,170.12,178.26,-8.15,-4.79
RouteID_c3369ae9-627e-42da-81dd-6c6e99197266,154,182.01,198.95,-16.94,-9.31
RouteID_c34c97b8-ee67-4057-8151-9ca77ec5d372,98,104.97,105.13,-0.16,-0.16
RouteID_c3557b5e-df50-4fea-affd-cecc3db6b58f,165,193.78,198.24,-4.46,-2.3
RouteID_c3602216-4d2d-4204-9b7f-c6c545714efe,160,152.89,165.59,-12.69,-8.3
RouteID_c369ccaa-53f4-46de-ba18-5b673ec67e13,202,244.07,266.01,-21.94,-8.99
RouteID_c36a041d-5696-4803-bfbf-d0c0c78b2056,129,158.47,156.41,2.06,1.3
RouteID_c36c040b-43ec-41e3-aeb9-13c89132d697,166,186.41,188.71,-2.3,-1.23
RouteID_c371820c-751e-49bf-8359-fd57af7658f6,181,198.9,210.25,-11.35,-5.71
RouteID_c374064c-6676-4db8-a70b-8841d3b4f057,88,88.2,87.05,1.15,1.3
RouteID_c3743956-ba37-4e6b-a537-c15a98f86142,143,144.94,158.92,-13.98,-9.64
RouteID_c383fc71-1659-4a1e-8421-c8a440d9f0f3,107,142.4,141.68,0.71,0.5
RouteID_c39273c4-59ed-4619-bc06-7ade297e4289,158,187.91,197.8,-9.89,-5.26
RouteID_c398f21a-b659-4c0f-983e-5802982511a1,153,203.67,209.0,-5.34,-2.62
RouteID_c39b1c64-1403-46db-ab40-16684cd80b7c,153,169.27,172.69,-3.42,-2.02
RouteID_c39baa5c-d109-4717-b720-ede037a78435,170,195.4,215.3,-19.9,-10.18
RouteID_c3a1dc96-b1e1-4127-9dcf-f172e32dfea3,120,102.54,99.04,3.5,3.41
RouteID_c3a914c5-67ba-46b6-9086-927961da1ccf,142,246.61,240.53,6.08,2.47
RouteID_c3b87033-b49c-4ead-92ed-39fcb8177c29,197,269.81,273.17,-3.36,-1.24
RouteID_c3b8e1ad-31d5-4f02-ae85-05a164e0a94e,198,254.41,264.9,-10.49,-4.12
RouteID_c3d7ed5a-9905-482b-b9fc-b8f2dcdc7ea5,195,216.62,233.71,-17.09,-7.89
RouteID_c3f06587-ff3d-4f1f-95d6-9af89798d028,185,214.55,237.45,-22.89,-10.67
RouteID_c3f0b68b-dc52-411b-85af-ce62e7250033,112,137.65,144.15,-6.5,-4.73
RouteID_c4205c9e-b7ee-43f0-ab9b-15796298cd96,130,137.37,137.98,-0.61,-0.44
RouteID_c428c63f-e834-4949-89c2-9738cdd1c81b,155,160.02,169.96,-9.94,-6.21
RouteID_c43a5dfd-476a-4437-bea5-93a41495f922,98,137.18,145.23,-8.05,-5.87
RouteID_c4414c09-9393-4e07-9fe0-091959741cb2,84,106.92,101.15,5.77,5.4
RouteID_c4501947-432a-4b49-a68a-b14a9feb36b8,141,182.75,171.59,11.16,6.11
RouteID_c46e4d35-72c2-4965-a257-3ebad86174af,135,124.7,127.9,-3.2,-2.57
RouteID_c4762261-d28e-4832-8af4-297c6f730b02,175,232.57,253.97,-21.4,-9.2
RouteID_c47eb967-9ec7-4efa-9d72-eb3c0f5f90f5,146,144.29,151.85,-7.56,-5.24
RouteID_c4857c4c-a356-4e5e-964c-37ec4681afa7,146,121.61,126.54,-4.93,-4.05
RouteID_c48f1517-7277-4ce2-a603-2d1a7197fefa,142,164.34,164.46,-0.12,-0.07
RouteID_c49dc3e5-b3ee-401f-8693-15035f4a18da,198,222.32,227.8,-5.49,-2.47
RouteID_c49ed088-4773-48a4-98aa-8d27c98f1d2e,161,165.64,167.63,-1.99,-1.2
RouteID_c4a600b2-fcbf-47c8-8cf3-d8da055d506e,79,107.17,108.91,-1.73,-1.62
RouteID_c4aac70f-31c4-47d8-8183-b6fa88acb0d2,108,105.25,97.59,7.67,7.28
RouteID_c4b29f6e-d532-4805-953e-62d505de6b78,103,140.3,135.29,5.01,3.57
RouteID_c4b6bea5-bb47-4f95-b7ef-dc6227eb228e,146,177.47,194.51,-17.04,-9.6
RouteID_c4bb4f69-20fa-482e-84c2-033d1a043ee9,167,217.3,209.6,7.7,3.54
RouteID_c4c96d9f-6311-4fdf-bcf4-4bb346cf45fa,155,173.07,186.62,-13.55,-7.83
RouteID_c4d06422-9e57-4c33-aa88-3af2a7a2e3d9,141,193.0,196.84,-3.84,-1.99
RouteID_c4d52dd0-8c3a-4723-ad85-857b5e8564a3,161,152.98,175.31,-22.33,-14.6
RouteID_c4d7c70b-409f-4820-9a46-6b230c37cb12,151,185.46,198.37,-12.91,-6.96
RouteID_c4e607ee-e9a6-487f-bc79-2b4a5bf280e0,187,159.07,162.48,-3.41,-2.14
RouteID_c4f752e2-767e-42a8-b36e-e6f0a91d37e9,164,202.94,219.38,-16.44,-8.1
RouteID_c50435bb-564b-4afe-bd35-7816123b3afa,165,172.23,178.08,-5.85,-3.39
RouteID_c5072e13-422d-4219-a2fa-5b1fffc6bb05,97,135.52,136.03,-0.51,-0.38
RouteID_c529b748-1661-479d-ad2c-45c7e8051f78,134,113.83,107.86,5.98,5.25
RouteID_c52ae3cb-43ab-468b-ad78-56357965eb37,159,199.57,219.68,-20.11,-10.08
RouteID_c53e49b2-387c-41be-bffd-acd1c473fe50,112,113.75,105.83,7.91,6.96
RouteID_c541777b-7f86-421d-8c34-94040d35c78e,186,181.76,191.14,-9.39,-5.16
RouteID_c54aa8d4-5b3c-4326-ad3e-09b11f58975b,179,179.97,165.86,14.11,7.84
RouteID_c54dd5c5-cff1-4cef-95da-8a682c422c67,124,191.34,180.51,10.82,5.66
RouteID_c5531683-d706-4326-97b2-5257a38046ad,145,177.8,181.03,-3.24,-1.82
RouteID_c554f04d-614c-4d69-b2d6-ccfe90865a16,109,135.4,132.59,2.81,2.07
RouteID_c55ec7d4-442a-44f3-9208-2881244063d8,128,112.23,117.38,-5.15,-4.59
RouteID_c57d1a3e-cc95-4531-8c16-397b015b284d,173,193.63,197.53,-3.9,-2.01
RouteID_c57db90a-bf26-4897-acd2-23ef07678788,144,236.2,254.2,-18.0,-7.62
RouteID_c57f0463-dfbb-40aa-8f4e-df3636c923f3,149,194.25,195.74,-1.49,-0.77
RouteID_c58a0478-612b-46a7-9531-2802e3de5c90,168,129.1,140.83,-11.73,-9.09
RouteID_c59b212c-70dc-42c7-b547-6c4b5697a2d8,162,223.25,245.41,-22.16,-9.93
RouteID_c5b74521-e071-4a7c-a461-a378f462210b,157,202.27,186.92,15.35,7.59
RouteID_c5c7a7fe-fb8b-4237-a58a-66e86908de64,126,190.92,180.58,10.34,5.41
RouteID_c5e90dd1-8e0b-4c6c-8ecb-e5650cccdac8,162,145.62,150.03,-4.42,-3.04
RouteID_c5ec503d-bc1f-4334-be7f-3d3f4a06f213,157,171.42,195.62,-24.21,-14.12
RouteID_c5f99b42-0893-4456-9399-a7c7ca38843b,176,173.91,166.61,7.31,4.2
RouteID_c601e532-03be-43fb-a57d-3aedbea8052b,155,237.68,261.48,-23.79,-10.01
RouteID_c6058373-bb91-40de-a890-0d58a5762261,175,271.03,297.53,-26.5,-9.78
RouteID_c61028bd-7475-4e31-b5cf-5c839114441c,158,217.23,235.15,-17.92,-8.25
RouteID_c6262648-5526-4bb2-a043-a59c4ff7d437,194,218.02,233.25,-15.22,-6.98
RouteID_c6290355-f417-4b2d-8581-d7ad152b62a5,141,168.31,180.52,-12.21,-7.25
RouteID_c63995d7-c1d8-4e4b-be7e-eaa0523b1c99,125,175.42,174.67,0.74,0.42
RouteID_c6464771-ed4a-4452-a840-5f2111578929,173,208.96,228.31,-19.35,-9.26
RouteID_c652d0d2-1602-4c1c-aae2-88e82c41308e,110,145.45,152.34,-6.89,-4.74
RouteID_c661ee26-a900-4c08-bbdc-0e74df54d941,128,166.59,168.1,-1.51,-0.91
RouteID_c66d0a23-5af1-4845-a090-2e716f25a226,108,91.68,99.29,-7.61,-8.3
RouteID_c67fb967-0c80-499f-b05d-c2fdbf9fa19e,177,176.66,191.68,-15.02,-8.51
RouteID_c68ea0e5-374d-44c7-98c0-c2c75540700d,89,122.73,107.85,14.88,12.12
RouteID_c6907999-2e87-4214-85e8-73fcb1e1c1e9,144,197.6,208.04,-10.43,-5.28
RouteID_c69ea340-7174-4356-84b0-e924d9d6c890,142,199.07,206.12,-7.05,-3.54
RouteID_c6a7de77-00f0-41af-b4e1-6e1b8744ce91,190,218.77,225.66,-6.89,-3.15
RouteID_c6b5c654-3cfd-4551-b5f4-018c1df25883,134,140.82,136.57,4.25,3.02
RouteID_c6c5ca37-ea99-48ef-a464-57384c658063,144,172.56,172.01,0.55,0.32
RouteID_c6df957b-1e4a-4317-9fd9-2b73d4c3bfd2,159,218.01,226.89,-8.88,-4.07
RouteID_c6e3ad2f-4304-47bc-b796-c51c87836d5c,128,202.56,198.6,3.96,1.96
RouteID_c6ec3a66-7346-4f2a-95a8-fb0b9a77ce9a,142,127.35,115.88,11.48,9.01
RouteID_c6f02cd8-7ee3-4f52-9881-b0cfa09334f1,141,144.29,144.19,0.1,0.07
RouteID_c6f7ed9c-0c09-4b73-a84b-8a161e753d77,175,214.53,187.85,26.68,12.43
RouteID_c705dc4f-315d-4ba5-b04d-c845e7ca4ea7,108,152.51,142.48,10.03,6.58
RouteID_c7139ae4-dcf3-492e-a8e6-043d09093c2e,139,210.88,192.25,18.63,8.84
RouteID_c71a3985-f65d-4d04-ae6c-95b59a997620,128,106.93,110.44,-3.51,-3.28
RouteID_c71e698b-5ace-4275-b0be-b1069039004b,149,150.46,161.54,-11.07,-7.36
RouteID_c723f76e-50da-4921-803a-7db3075cb473,135,177.53,174.74,2.8,1.58
RouteID_c734ad9c-ca70-48d1-b2cd-e3f3defb532b,154,168.29,184.28,-15.98,-9.5
RouteID_c73a16da-a41b-4a20-a433-9e756bd1a9a3,134,165.73,181.06,-15.33,-9.25
RouteID_c73a3589-3b75-4f3a-8de7-e67825382102,158,139.44,146.44,-7.0,-5.02
RouteID_c73f86ca-c0fe-4a99-89a8-49c115b7259e,174,182.18,198.68,-16.5,-9.06
RouteID_c745c932-b541-421e-bc1f-19f50b5c8ef5,178,233.45,230.44,3.01,1.29
RouteID_c75d9464-87e7-4232-963e-715c29f1383c,196,238.53,255.32,-16.79,-7.04
RouteID_c76a7db5-858d-4d17-b377-f6adacb3c20d,138,185.37,205.82,-20.45,-11.03
RouteID_c76b5b1c-ef24-41ff-bdb9-77cbd3422e61,149,191.7,213.03,-21.34,-11.13
RouteID_c77e8ae7-30f7-42ba-8759-7d88ffcb94a5,146,188.69,188.5,0.18,0.1
RouteID_c792a5cb-93e2-48aa-8cdb-4a6c61213032,154,233.12,246.67,-13.55,-5.81
RouteID_c793687d-af8b-4784-af4a-57f3f622f74e,119,147.03,147.33,-0.3,-0.21
RouteID_c79a2e9e-56f9-470d-bacf-ed38e0bfaea1,124,128.72,128.3,0.42,0.32
RouteID_c79ad3ad-bf0a-413d-9b4c-5cc91d245235,173,194.13,202.9,-8.77,-4.52
RouteID_c7a403bc-16ad-43a9-b746-daa3cc9cae4a,124,205.85,207.15,-1.3,-0.63
RouteID_c7c3ba17-a4dc-47d3-a2ce-659649aa641e,183,225.31,200.07,25.24,11.2
RouteID_c7ca73bf-65f6-4741-8993-41bcead68503,162,184.27,199.16,-14.89,-8.08
RouteID_c7cc5a22-0301-4269-9b16-38e6f3daea40,110,215.67,209.78,5.89,2.73
RouteID_c7cf1f99-7f38-4211-828c-5946dafcf21f,169,171.89,188.82,-16.94,-9.85
RouteID_c7d5b73f-3e50-4ff1-a810-267ac6bb0070,115,96.28,108.08,-11.8,-12.26
RouteID_c7e14fa5-cb07-4348-b2eb-48d3d33043c0,125,185.29,183.77,1.52,0.82
RouteID_c7e5839d-0777-4a3b-94ff-1afc5dab54b3,127,138.41,126.14,12.26,8.86
RouteID_c7f8a972-129d-42d5-960e-be027c164efd,155,280.39,312.06,-31.68,-11.3
RouteID_c8018cc3-5545-4126-a95d-f0512538edf5,122,121.07,115.27,5.8,4.79
RouteID_c8027802-4672-4d10-82f5-b3b72873e1a3,154,182.74,199.0,-16.27,-8.9
RouteID_c8118394-0f3c-4341-8efb-f5165747803e,68,86.05,91.65,-5.6,-6.51
RouteID_c81405b6-efdb-4451-adcf-023a7cae04db,196,211.28,225.01,-13.73,-6.5
RouteID_c8149850-7628-4c68-a9b5-f00de8f31b01,119,182.18,205.4,-23.22,-12.75
RouteID_c81ab95e-f33a-43dd-be23-2a202f48382b,189,161.67,165.62,-3.95,-2.44
RouteID_c821d2c3-d1aa-4cce-85a3-033a023c4645,130,181.8,164.79,17.01,9.36
RouteID_c82aecb5-5fee-4474-908e-84d74ad2e6a8,172,189.38,201.95,-12.57,-6.64
RouteID_c82b1c2f-552a-4106-adad-6f4faa0b8ebf,143,167.88,174.19,-6.31,-3.76
RouteID_c8388489-f798-4104-a0f4-a422e542f914,150,173.16,173.02,0.15,0.09
RouteID_c839ed1e-de8e-44fb-a286-f6990905157d,154,210.25,209.04,1.21,0.58
RouteID_c85b6b2e-c595-4a41-8e41-c83a21a647b6,171,167.09,174.65,-7.56,-4.53
RouteID_c86a9238-faa5-4384-b9a4-19ebb926c82c,195,244.63,272.91,-28.28,-11.56
RouteID_c875bc1d-6fe0-40f3-b9bc-a73453249047,52,73.95,62.1,11.85,16.03
RouteID_c880eef5-320e-470f-9cd3-cc341eacbd14,169,177.96,193.67,-15.7,-8.82
RouteID_c88494db-cbdd-4a35-8ecc-3ad9eb508097,161,191.02,195.66,-4.64,-2.43
RouteID_c89e7353-3c12-4ac2-a08d-3ec34702ccd4,150,180.99,176.51,4.49,2.48
RouteID_c8a64c12-a2de-4915-a39c-a410d7280791,154,230.48,228.2,2.28,0.99
RouteID_c8a6bb25-32bd-424a-93eb-46e9261ae1e9,174,232.0,243.1,-11.1,-4.78
RouteID_c8a94543-d538-476f-8a7a-38e62a3d94f3,71,93.39,82.08,11.31,12.11
RouteID_c8ac3b01-f16f-41a3-bb07-571fd64c3fe0,160,161.66,167.77,-6.12,-3.78
RouteID_c8ac89c1-0461-4e1e-b2ec-6fe429df7eb0,194,237.55,238.12,-0.57,-0.24
RouteID_c8b0089c-dcfe-4c7e-9d43-34759c012724,193,257.27,273.83,-16.56,-6.44
RouteID_c8b2614e-f239-4a71-ac99-561f4d880720,123,105.28,102.8,2.47,2.35
RouteID_c8bddb70-6705-4941-a07e-925299111227,166,196.12,211.31,-15.2,-7.75
RouteID_c8ceb52a-8e54-43e7-8cf4-d4b4c07b1d6f,162,205.42,238.04,-32.62,-15.88
RouteID_c8dca96b-01ca-420b-9b76-4c66d2836b45,128,149.47,156.7,-7.24,-4.84
RouteID_c8df4f7d-8080-4ad6-8b9e-4859ae458a45,129,198.37,166.47,31.9,16.08
RouteID_c8e3a58c-2137-4c31-831a-c2764193eddf,167,160.98,171.53,-10.56,-6.56
RouteID_c8e6a5b0-2bc6-4d23-807f-ef27ddc2c85c,176,182.13,194.99,-12.87,-7.07
RouteID_c8e84c5a-93f4-41c5-8f24-5a18f39327b2,173,173.19,184.09,-10.9,-6.29
RouteID_c8ecde3b-a303-4858-bef5-65941227aa05,137,185.97,189.23,-3.26,-1.76
RouteID_c8f17de6-1ae1-417f-a113-1e94733d2ee1,132,195.21,206.22,-11.01,-5.64
RouteID_c8fd39ed-d7b6-4a06-b94d-dbbe281430b9,118,165.98,167.66,-1.68,-1.01
RouteID_c8ffd5fd-3bd1-409e-9a4d-c7c930127ae9,177,207.49,233.03,-25.54,-12.31
RouteID_c9055a6b-0d16-40c1-96a7-b0b9d53f5e9e,193,180.45,180.29,0.16,0.09
RouteID_c90ad0e8-4c8d-40a2-b9ea-7b9a1dc36781,149,184.04,191.4,-7.36,-4.0
RouteID_c90bb31d-7413-4092-be45-4c711c7b36b9,51,62.79,54.75,8.04,12.8
RouteID_c91485bf-fd08-41a4-821c-52c0cfdac40c,105,131.07,116.8,14.27,10.89
RouteID_c914af86-20ee-411d-b158-536ab7343d2d,161,187.86,188.63,-0.77,-0.41
RouteID_c91c698c-f263-400d-92a3-804df1817d0f,155,204.68,220.15,-15.47,-7.56
RouteID_c9201af0-22c2-4b5a-a0db-8efc2c66ca53,191,225.0,252.33,-27.34,-12.15
RouteID_c923ff8a-ceee-42dd-aea6-a9b2d57b788f,125,176.3,182.81,-6.51,-3.69
RouteID_c94aa8b8-dbda-416f-8e2f-109105f18758,98,129.72,116.35,13.37,10.31
RouteID_c9528efa-6f3c-443e-9e90-956e6751474a,156,169.42,179.74,-10.31,-6.09
RouteID_c95bf250-0108-4c50-82c2-f227e06868f7,207,224.52,218.14,6.39,2.84
RouteID_c973a5df-ac04-48dd-a5ed-1c1bac092dba,142,241.9,247.94,-6.04,-2.5
RouteID_c979a9f2-4667-4141-bf71-10f33cce4102,67,73.33,70.6,2.73,3.72
RouteID_c97fcf74-0a63-42ab-9567-b9bf76d92eb2,169,194.86,192.57,2.29,1.18
RouteID_c999990f-ab6a-4e3a-aa09-406ddf2ec384,194,179.06,203.18,-24.12,-13.47
RouteID_c9a04c93-66c1-4ed1-84b1-dda7418ac511,59,85.84,85.86,-0.03,-0.03
RouteID_c9a0f20e-e26a-46c7-8c34-2e3067867f3e,147,172.49,176.65,-4.15,-2.41
RouteID_c9a55fd0-d4f9-4998-b96a-26f5dfdd9d63,121,123.4,117.83,5.57,4.51
RouteID_c9ad4f27-3043-476d-931e-3d048aec5b2a,144,167.84,190.37,-22.53,-13.42
RouteID_c9b89be5-4ee4-400a-aa6e-bfe056251e10,164,204.67,216.69,-12.03,-5.88
RouteID_c9c82e10-6e40-402d-8129-e93d15cccd54,170,194.05,202.85,-8.8,-4.53
RouteID_c9cef3df-a449-4090-8608-429c0601b5b6,155,238.22,256.17,-17.95,-7.54
RouteID_c9cf2fb8-9353-40f0-98cb-4d409e2e4b2f,144,183.87,191.44,-7.56,-4.11
RouteID_c9d9c91d-9c63-4284-ab86-392d5841cd31,110,91.22,94.54,-3.33,-3.65
RouteID_c9e851e3-5692-42be-b9b3-942fd677ee02,205,200.86,216.17,-15.31,-7.62
RouteID_c9f8180c-b0f1-4f4f-b81d-c16f19719ffe,138,135.49,135.54,-0.05,-0.03
RouteID_ca16f45f-4e97-49e6-9182-0d7d1cb59da8,192,234.78,246.42,-11.64,-4.96
RouteID_ca1d3fd1-9c29-4e57-9fb7-021a548d6c5b,101,110.26,91.57,18.69,16.95
RouteID_ca229dae-a3ce-4d3d-a6be-94b00b7a3021,154,279.91,292.67,-12.76,-4.56
RouteID_ca32e528-060a-4e0c-9c37-5e08d495186f,153,232.79,248.4,-15.61,-6.7
RouteID_ca335703-725e-4f7c-b384-81c46e288cda,165,210.25,212.44,-2.2,-1.04
RouteID_ca420555-7885-43e4-88fd-b273e483118a,166,212.37,228.75,-16.38,-7.71
RouteID_ca47eb3f-3a33-4002-aeb1-4d2b0b5b0173,146,170.72,187.6,-16.87,-9.88
RouteID_ca4857a3-f111-4113-b88e-5a54cf10748d,161,178.69,203.43,-24.73,-13.84
RouteID_ca4902f8-a5d0-4994-8f30-f808984cd379,135,259.86,265.52,-5.66,-2.18
RouteID_ca4ca1af-5583-46af-8e3d-df80731c41cf,129,142.36,146.83,-4.47,-3.14
RouteID_ca57e37b-5c09-49c3-87ae-88cac345aff7,146,168.13,172.32,-4.19,-2.49
RouteID_ca58d411-2496-4ef9-b89d-f8b3724c67fd,137,157.13,152.03,5.1,3.25
RouteID_ca626676-88a4-4525-a45a-ed512638e687,115,145.61,152.52,-6.91,-4.74
RouteID_ca67a5b5-127f-4aa5-886d-b08db65c73bb,152,142.94,140.45,2.49,1.74
RouteID_ca694630-191b-4d98-96b2-c20abc67fdca,90,104.9,101.72,3.17,3.03
RouteID_ca7c84a4-40b2-4b22-81b2-2bdd4592696b,171,176.79,187.48,-10.7,-6.05
RouteID_ca7e60cc-519e-48d5-88a6-ba866cb20f77,188,250.63,250.65,-0.02,-0.01
RouteID_ca800645-34ae-4e19-9a5b-99c02ebcb2ab,181,177.84,165.33,12.52,7.04
RouteID_ca9c3072-5d62-46c5-bce9-e77dd6e6b650,147,183.09,192.03,-8.94,-4.88
RouteID_caa0f191-3140-4c92-bee4-493cca3a28ce,113,160.54,169.91,-9.37,-5.84
RouteID_caad9503-c10a-42c4-b27e-7838c236fafe,130,121.68,115.19,6.49,5.33
RouteID_caafa80f-6386-46d6-8a12-38b0a31ba612,143,229.91,244.38,-14.48,-6.3
RouteID_cab08b14-ae34-4627-b06e-bb638499b8b7,172,156.1,164.62,-8.52,-5.45
RouteID_cab83bc1-f3b0-409d-9a19-43d65c4dfc9b,195,234.41,243.4,-8.99,-3.83
RouteID_cac31fca-41f1-43fb-b4cf-1c1af9e3480b,150,232.8,245.34,-12.54,-5.38
RouteID_cac3ae3c-69d9-403d-9d72-92d108aee229,161,170.04,173.57,-3.53,-2.08
RouteID_cac565b8-6e36-49e9-ac22-d69559bc7460,159,184.44,180.79,3.65,1.98
RouteID_cac6e99d-5a58-4800-bd63-4892de140a54,120,150.0,148.13,1.87,1.25
RouteID_cad4b244-3600-4952-a219-f938de22601b,189,239.92,261.17,-21.26,-8.86
RouteID_cadcbe46-50d9-4124-a9aa-b738dc6317b0,152,164.0,159.72,4.28,2.61
RouteID_cadd6fc3-c1ea-4c0c-9b45-849ae631b324,196,236.7,219.7,17.0,7.18
RouteID_cae13fa5-a5bc-4e8c-a455-b9a71fd18ee8,129,120.76,115.86,4.9,4.06
RouteID_cae504dc-9e75-49bc-9fb3-45bbb1969973,191,218.05,224.92,-6.87,-3.15
RouteID_caf1e02f-52a4-4d97-9efe-3c1a396d7c0d,130,265.42,288.4,-22.98,-8.66
RouteID_cafcb29c-ff5b-4cf7-b7bb-03aecc310f62,138,178.75,184.27,-5.51,-3.09
RouteID_cb0e306d-ecee-41a4-ba6e-942629fffd27,183,199.84,195.76,4.08,2.04
RouteID_cb11a0ba-b0bf-429d-adf9-105789be8406,127,147.11,126.41,20.71,14.08
RouteID_cb1711d7-8feb-4abe-9da0-24b886b92a10,141,186.15,182.25,3.91,2.1
RouteID_cb180791-08d9-47b6-88cc-be94fb928b69,163,175.68,180.39,-4.7,-2.68
RouteID_cb1f4643-070f-455f-9e9e-e524ddac7300,119,146.14,161.36,-15.22,-10.42
RouteID_cb4078cb-2eeb-4571-ad05-7de8d395ab17,139,229.05,231.36,-2.31,-1.01
RouteID_cb40e93e-ba72-4b59-b5bb-d1c2456b6de5,74,101.29,94.33,6.96,6.87
RouteID_cb41e82e-c896-4076-bcb8-6c0c0f1c63ae,143,139.39,149.71,-10.32,-7.41
RouteID_cb5354b2-6fa7-4299-8ebb-da6500e2044c,165,244.0,234.57,9.43,3.86
RouteID_cb682826-8e88-4463-b8a6-b4206dff898d,122,124.25,129.61,-5.36,-4.32
RouteID_cb6ea708-2817-41df-9d1f-67424b0cc229,172,221.81,209.59,12.22,5.51
RouteID_cb70ef37-a11e-4c0b-9076-df5774150cc6,139,181.88,168.41,13.47,7.41
RouteID_cb76415b-5ec7-44d9-81c6-686046fbb442,163,175.73,184.24,-8.51,-4.84
RouteID_cb7f04ac-43ac-4ed9-8832-a95a614a17f1,189,263.49,263.64,-0.16,-0.06
RouteID_cb812ff3-06a2-42ea-a114-b747c2824a66,74,101.36,91.7,9.65,9.52
RouteID_cb8b2c27-9978-4b88-8106-13b865d5b862,104,139.55,144.28,-4.73,-3.39
RouteID_cb94bd6f-5f09-4d95-bbed-7465f4a12805,171,167.64,168.27,-0.63,-0.38
RouteID_cb9ff641-9fb7-44f6-a240-3e246e36d9bc,81,98.57,87.41,11.16,11.33
RouteID_cbaccc68-2949-494f-80eb-740b0ffdb834,121,125.06,128.09,-3.03,-2.42
RouteID_cbaee425-5e93-46db-936a-af0b899e8ce7,180,231.33,257.85,-26.52,-11.46
RouteID_cbbc4281-0f09-4c3d-abf4-a630b83cbe3e,138,167.02,173.02,-6.01,-3.6
RouteID_cbc69890-8d9d-45b2-927a-75ffb82ae25b,133,115.27,121.61,-6.35,-5.51
RouteID_cbc8fc3b-2652-4e59-8b86-9f674381f6ed,114,187.55,196.95,-9.39,-5.01
RouteID_cbe1f550-98e0-4c70-b5cc-463eb364811d,168,233.7,256.04,-22.34,-9.56
RouteID_cbf0b8fe-57c1-4c99-b61a-06d467c544ee,139,226.81,233.3,-6.49,-2.86
RouteID_cbf4f305-0787-4756-b59a-03f54c494d40,198,223.95,241.84,-17.9,-7.99
RouteID_cbf7ceb6-f7ff-4307-b3f7-79d26d5b462d,150,195.91,173.47,22.44,11.45
RouteID_cc0907fa-d932-49cc-aeeb-6e7a5372c6a7,160,174.68,187.22,-12.54,-7.18
RouteID_cc0935e7-8c7d-43b0-9c61-efa89582f7f2,183,213.35,189.06,24.29,11.39
RouteID_cc0d7c51-b6bd-47ab-a43b-360fe8038d7e,151,132.91,121.56,11.35,8.54
RouteID_cc15f5e4-02fe-4270-aade-8a6c78a0f263,172,251.98,272.61,-20.63,-8.19
RouteID_cc4898a6-b55f-4d81-b40f-3bfd70a46f5c,152,222.73,232.75,-10.02,-4.5
RouteID_cc4bbe9b-5e4e-4d2d-a647-649a8d5b7fee,126,129.28,135.78,-6.5,-5.03
RouteID_cc59680c-47fc-48ed-a7ee-fc883c096695,195,226.69,231.39,-4.69,-2.07
RouteID_cc5d533e-cfe1-4103-83ef-a8a22e28fa58,196,219.98,239.08,-19.09,-8.68
RouteID_cc6321cb-27ec-463d-85ed-e6e0e9b44644,156,191.78,200.02,-8.24,-4.29
RouteID_cc65e2f6-9302-4bb1-84f1-14669639ef00,124,193.15,185.17,7.98,4.13
RouteID_cc67ff6e-1383-455c-a8d6-449010888b5a,172,238.57,240.46,-1.89,-0.79
RouteID_cc732133-8a9e-43d1-ac22-5f4cb72b48f5,208,244.97,255.6,-10.63,-4.34
RouteID_cc7b356c-ce17-4724-bb3c-195c3fcc80fa,119,132.43,132.21,0.22,0.16
RouteID_cc84c13f-cd1b-4b8d-b0e1-4179b24571eb,123,174.02,176.94,-2.92,-1.68
RouteID_cc889e41-0fb9-4533-a6f0-58e70510595f,71,133.54,142.33,-8.79,-6.58
RouteID_cc891591-696e-43d0-a623-1b054b5b83d6,164,195.52,189.68,5.84,2.99
RouteID_cc891bcc-8a62-49ce-a999-a790db05965f,208,251.62,249.66,1.96,0.78
RouteID_cc8a4f89-1a0e-4fca-a6e3-a662e5686f73,172,172.32,174.61,-2.29,-1.33
RouteID_cc8ae1ad-5a96-48ca-a56d-6e162c15d5cc,73,102.16,99.48,2.68,2.62
RouteID_cc9e46cd-1247-4610-812d-ce43f32ae8f3,193,241.88,266.25,-24.37,-10.08
RouteID_cca2384e-555e-49de-ae11-f83ec059eff7,177,189.4,206.2,-16.8,-8.87
RouteID_cca42123-f823-40a3-9d98-0db1409978be,200,237.92,255.78,-17.85,-7.5
RouteID_cca4fdbf-9614-4ff5-805a-1143492a1930,124,176.3,171.37,4.93,2.8
RouteID_cca8d2e4-46dd-4f85-bb4d-8222e2cd48a6,149,167.95,172.53,-4.58,-2.73
RouteID_ccafc994-05f1-41fb-9400-82ba02f758e3,148,201.55,214.37,-12.82,-6.36
RouteID_ccc0fdb0-5371-42b5-81e3-6c92fb11d8af,95,164.67,179.87,-15.2,-9.23
RouteID_ccc6c8ae-5989-472d-89ae-befa04d27175,144,210.73,217.71,-6.98,-3.31
RouteID_ccc91282-5a5b-48d2-828b-0f484892aa47,112,115.68,113.47,2.21,1.91
RouteID_ccecbad3-9994-4264-a877-5f2a5b8f2913,171,205.26,193.47,11.79,5.75
RouteID_ccfe1fcf-7820-4017-9643-24ee8ded8aae,121,174.21,168.16,6.05,3.47
RouteID_ccfe9791-ad14-4d41-9e4c-9bc218860f1b,141,202.06,231.34,-29.29,-14.49
RouteID_cd0bb501-c044-41ea-8933-e33162e8ec22,190,181.72,198.26,-16.54,-9.1
RouteID_cd20c6af-df8d-41a7-98f3-f536102e663a,129,217.12,215.53,1.59,0.73
RouteID_cd23446b-4620-4a6b-9b96-45b218becad3,171,235.54,260.69,-25.15,-10.68
RouteID_cd2bff36-0649-4612-b3b8-74612ca315c8,137,135.89,102.2,33.69,24.79
RouteID_cd3920d9-2049-4469-87c9-080e782364e0,96,121.88,117.18,4.7,3.86
RouteID_cd3bb014-746f-4c73-9199-ee94c3b611f4,177,237.09,267.5,-30.41,-12.83
RouteID_cd4aea41-0b99-4dc4-b1d0-0f5749ef547f,128,140.47,137.4,3.07,2.19
RouteID_cd4bbf74-11ae-475a-8a0d-5f1e4af21014,156,193.8,187.33,6.47,3.34
RouteID_cd52e603-c04f-4eec-92a6-455672880277,123,164.91,174.59,-9.69,-5.87
RouteID_cd66a2c5-764e-46cf-9ce4-4b1aaaf79f49,179,226.87,243.41,-16.53,-7.29
RouteID_cd69750e-42f3-450c-a0b1-448219c3a34e,156,199.59,207.44,-7.85,-3.93
RouteID_cd7fdac4-a028-47f9-8614-3b2047916ede,174,198.37,167.72,30.65,15.45
RouteID_cd88634a-ad62-4cb6-b95b-033d16b97800,153,191.11,196.49,-5.38,-2.82
RouteID_cdab8d1e-0f55-431e-bd94-3865ea1d1951,137,174.53,198.76,-24.23,-13.89
RouteID_cdb893e6-5064-4b93-b41f-ace59b55e0b2,127,214.79,232.82,-18.03,-8.39
RouteID_cdbd4583-3e55-46ce-82ce-4d4de1c264c0,148,182.58,191.13,-8.55,-4.68
RouteID_cdc49843-17f2-432f-a73a-ef3886ac6d3b,159,224.75,232.39,-7.64,-3.4
RouteID_cdd56416-994f-4a8e-a6be-b81c56faa869,67,70.93,66.3,4.63,6.52
RouteID_cde2bd0e-90d4-4163-b5c1-0915f12946d4,155,203.75,210.16,-6.41,-3.14
RouteID_cde9bf43-2323-4be8-b178-d128b1fac77d,162,198.72,209.12,-10.39,-5.23
RouteID_cdf92fb3-0d54-412a-a1a7-5766e5a8c44e,129,134.44,141.58,-7.13,-5.3
RouteID_cdff5f0b-1b4c-40bb-b7c6-a1c372d6e975,175,267.23,308.66,-41.44,-15.51
RouteID_ce065a3d-1f24-4481-b48d-86b53d4d0b1c,154,215.19,231.17,-15.99,-7.43
RouteID_ce0b6a08-e116-4a89-9975-60d754da59ae,146,266.73,291.3,-24.57,-9.21
RouteID_ce140e5a-1140-443d-a27e-f01bc6bcca18,186,202.85,206.55,-3.7,-1.82
RouteID_ce272849-5059-4a41-993c-c7f89e680b4d,142,132.76,146.69,-13.93,-10.49
RouteID_ce352b9d-41a7-4510-83e1-db83de2706fe,148,170.24,181.77,-11.53,-6.77
RouteID_ce3a881a-ef37-4736-a4fc-08c53db6a250,173,216.28,228.13,-11.85,-5.48
RouteID_ce436434-97ec-44dd-aab8-c31e233ca5dc,188,176.73,167.88,8.85,5.01
RouteID_ce4b5569-b005-4641-b042-8adec4841124,128,147.64,139.76,7.88,5.34
RouteID_ce73938a-95ee-4f49-8527-4ef96bfc6b97,121,98.39,97.39,1.0,1.02
RouteID_ce8328fe-97db-4f14-84f1-21d5efbe512c,196,221.22,231.96,-10.74,-4.85
RouteID_ce866d60-f819-4577-8214-5d8e5234ae99,146,152.64,148.02,4.61,3.02
RouteID_ce898f0c-985e-4e67-8a02-03c595abbb83,198,269.77,270.88,-1.11,-0.41
RouteID_ce8e30ce-5dba-41e2-bd34-f21150fcf818,131,175.06,190.56,-15.51,-8.86
RouteID_ce9be28a-b6b0-4e9b-b290-09a1463aee7a,155,177.56,182.53,-4.97,-2.8
RouteID_cebea719-08ac-4b4e-941f-c70f7dc572f0,161,211.25,230.22,-18.97,-8.98
RouteID_cec09ae2-ca32-4be5-88a4-d55bf0d536fb,182,274.24,278.71,-4.47,-1.63
RouteID_cec10d1f-63cb-44c9-8ac0-57a729196599,99,123.8,110.84,12.96,10.46
RouteID_cec5cc45-ab0d-41da-a925-ee61d4521f38,114,106.45,100.64,5.8,5.45
RouteID_cec75b39-c868-4f78-b615-a7ac47476d45,125,165.39,184.64,-19.25,-11.64
RouteID_cec76f82-52e2-4fdb-909e-1162ba1cee01,81,89.19,84.88,4.31,4.83
RouteID_cec88fc1-f497-4088-89ba-ba42fd70da96,79,92.29,84.11,8.18,8.86
RouteID_cecdc640-a6e8-4e86-a34d-95ec93498a64,145,217.3,216.97,0.33,0.15
RouteID_ceceba70-79e3-417f-b6fb-42e1eb69f1b0,143,205.22,212.82,-7.6,-3.7
RouteID_ced871c7-c704-4c8d-b526-bc9f2a8af105,124,140.63,136.76,3.88,2.76
RouteID_cef6ca61-66b1-40e6-8366-85b350d7fad5,143,190.38,170.39,19.99,10.5
RouteID_cf0ca059-aedd-4b50-8d91-570f84f7f24d,144,135.25,133.46,1.79,1.33
RouteID_cf19c20a-93a3-4687-970e-af43b8ba09fc,85,81.07,81.85,-0.78,-0.96
RouteID_cf7177d6-c74d-4cbf-8bf5-00d883e057ec,132,168.95,165.67,3.28,1.94
RouteID_cf76a2bf-9021-4fa5-8568-cb81f2a8724a,180,242.6,251.86,-9.26,-3.82
RouteID_cf80d2be-d16d-4978-a14f-f2e4f824cf4b,132,193.72,184.8,8.91,4.6
RouteID_cf8c6eec-8a08-4b9a-9250-de0113ec1733,130,182.49,185.72,-3.24,-1.77
RouteID_cfa071ae-942f-4a58-979c-21bf6aa47451,122,139.97,127.46,12.51,8.94
RouteID_cfa2b03a-62d4-4bd8-844c-ac0bc7a6c374,150,162.52,171.25,-8.74,-5.38
RouteID_cfa7e717-47cc-4065-ba82-4fcc001b2731,161,167.37,164.52,2.85,1.7
RouteID_cfba7f0a-28d4-4d64-8b3a-6f6ec5891ff1,172,194.97,224.32,-29.36,-15.06
RouteID_cfc266cd-48e9-4e05-a4ae-6654495c1b88,62,101.11,97.01,4.09,4.05
RouteID_cfd4c198-959a-462f-bcb9-e7b3944483bd,104,151.62,133.2,18.42,12.15
RouteID_cfe7b3c3-7691-4f4e-8744-c69851b9070a,148,193.53,204.36,-10.82,-5.59
RouteID_cff17c7b-5c71-4ef5-97d6-8a8ac542e261,143,162.8,171.51,-8.71,-5.35
RouteID_cffa2c8b-9a5f-4cfc-ba57-23e7dd894766,208,228.68,256.87,-28.2,-12.33
RouteID_cffb1b8d-54fa-44f4-80d1-9a7d01b897dd,147,164.62,168.52,-3.9,-2.37
RouteID_cffdffd7-4509-4d17-917d-3209b5fee798,186,213.86,219.11,-5.25,-2.45
RouteID_d013ae5e-569f-4a70-9b32-5edd2aded496,183,180.8,185.45,-4.64,-2.57
RouteID_d015d13a-c46f-4457-a870-e70d348fa3f0,145,166.03,162.87,3.15,1.9
RouteID_d01e1e9f-bb7d-4d95-87f4-c63cfd2f3a0a,150,151.55,157.33,-5.78,-3.81
RouteID_d0483a7f-5e6b-47b0-800f-81767378c34b,194,223.93,231.63,-7.7,-3.44
RouteID_d04aacb5-b7ea-4ece-a83c-1e32c6969c10,149,130.18,129.25,0.93,0.72
RouteID_d04d1db8-25aa-4ede-bfa9-f9fa0684190b,137,181.68,201.78,-20.1,-11.06
RouteID_d04e3e8a-a83e-49aa-9325-ab3a0c52fbc5,199,237.37,243.93,-6.56,-2.77
RouteID_d0564893-9b55-4400-8d2a-ad3dea883cbb,129,106.04,106.2,-0.16,-0.15
RouteID_d05a825c-351e-41b2-8170-2b216acefe04,168,226.58,249.37,-22.79,-10.06
RouteID_d06d0524-7d44-4c08-a8f8-425ebb689dc2,161,149.95,161.03,-11.07,-7.38
RouteID_d071035d-60ba-4d3b-9e54-b62a08682aba,143,239.41,251.39,-11.98,-5.0
RouteID_d07168fc-d449-4d2b-82e6-2e306d7eb240,104,180.7,193.0,-12.3,-6.81
RouteID_d09cc969-5c54-4057-9c71-fa2267b90ea7,133,191.93,185.34,6.59,3.43
RouteID_d0ac5274-5a70-41fb-a8ed-a87174714507,118,184.56,187.1,-2.54,-1.37
RouteID_d0c3d02c-0b9e-4615-b831-424ff077b218,188,195.28,211.76,-16.48,-8.44
RouteID_d0d68708-162e-4b2d-a94b-34afbbba601c,168,187.03,187.79,-0.76,-0.41
RouteID_d0da14b8-a995-4b91-9428-40a98ecbe141,146,176.61,184.37,-7.76,-4.39
RouteID_d0e3b72f-03f4-4574-a36c-ef0fdfb4ef8c,139,166.11,157.79,8.32,5.01
RouteID_d0e95908-0df5-48f8-8e8f-af44a04e6ad3,144,150.81,143.33,7.48,4.96
RouteID_d0f2534e-630d-4d87-bce3-12a9ecae2e01,130,131.82,145.49,-13.66,-10.36
RouteID_d0fb6f86-42ac-43a8-8142-4fb779e096e6,163,236.57,255.41,-18.83,-7.96
RouteID_d10299e0-eb32-4185-8f4f-462db930f6d1,156,189.08,195.42,-6.34,-3.35
RouteID_d103b06a-9132-4f16-b97c-95628fbd0d5b,141,125.78,127.38,-1.6,-1.27
RouteID_d104342c-b0f8-41a1-aa4e-d0e1a06bdf84,169,238.28,210.3,27.98,11.74
RouteID_d1198ec2-c27b-4dc3-abfb-9375e75a6524,73,111.37,95.93,15.43,13.86
RouteID_d11f07c1-c7d2-4ed0-a252-421622407a48,143,193.2,195.25,-2.04,-1.06
RouteID_d1256623-9724-4ab8-82d8-177e11cc342b,159,188.37,197.99,-9.63,-5.11
RouteID_d12f1cc8-0fa3-45e1-9109-ff97e7718ad9,150,133.88,142.12,-8.24,-6.16
RouteID_d1390cd0-5f7c-4127-9ba9-448d9d1a4ead,165,161.58,155.63,5.95,3.69
RouteID_d1565e9f-c2a9-451e-8d0d-f2407dbdfaa8,137,163.8,158.23,5.56,3.4
RouteID_d15b4c3f-319f-40da-a9e5-2e0fdc4b7fca,122,107.56,98.45,9.11,8.47
RouteID_d1654375-aa99-49ee-b7d5-7addc3d7bef1,109,200.01,205.03,-5.02,-2.51
RouteID_d1699916-72c6-4fad-afb9-31fc66d9fe36,189,148.05,154.12,-6.06,-4.1
RouteID_d16b8f03-f9b1-4e03-ae08-d4d70246a8ab,174,198.69,199.29,-0.6,-0.3
RouteID_d17455d2-48ca-4665-8886-2bbbbade4e23,90,137.02,128.97,8.05,5.88
RouteID_d18303d8-ef00-4a5f-bbb3-9e9e3c29c591,154,193.65,191.99,1.66,0.86
RouteID_d18407fd-f14d-44d0-ad83-be53fe07a4f0,125,119.28,135.93,-16.65,-13.96
RouteID_d18eb1a6-617b-401b-ad57-ae5a190c364d,136,180.57,185.82,-5.25,-2.91
RouteID_d19e76c1-a300-421b-bc46-09b945ed2bcb,126,178.52,177.99,0.53,0.3
RouteID_d1a1e3c7-0761-4fbe-b129-f7be87467416,123,186.03,177.07,8.96,4.82
RouteID_d1a8c3dd-fa67-455c-a68d-af2fd6aa5d91,154,187.35,182.29,5.06,2.7
RouteID_d1b3a56f-c0e2-4ff5-b36b-18a935244010,138,143.89,135.02,8.87,6.17
RouteID_d1b3e77d-9be1-4416-b890-e57fb05d5b16,122,219.74,245.26,-25.51,-11.61
RouteID_d1c64543-cfd4-4b9a-824b-a41cff11ab10,164,205.62,208.06,-2.44,-1.19
RouteID_d1cd2e93-d7fc-4e69-a4e8-a59e1c07347f,141,135.33,144.44,-9.11,-6.73
RouteID_d1cf83ef-b7df-46ad-9258-5f19daf285ea,174,195.99,192.46,3.53,1.8
RouteID_d1d4224e-8ebc-4b6e-b3f4-16a709a636d2,191,166.64,171.38,-4.74,-2.84
RouteID_d1d42acb-6707-4ee7-94fe-a976f995dad8,142,160.49,144.11,16.37,10.2
RouteID_d1d479bb-73b5-4723-9e79-cff3c0bcbe40,174,229.05,232.88,-3.83,-1.67
RouteID_d1d655ef-0e97-4b9b-a055-19b1c70b0444,184,229.32,231.86,-2.54,-1.11
RouteID_d1dbf5e3-f2f5-46ec-af5e-a1c78a25c9fe,112,103.68,110.84,-7.16,-6.91
RouteID_d1ddca11-3edd-4765-be86-f3c774511a33,161,181.21,186.56,-5.34,-2.95
RouteID_d1e6458c-bc84-46c4-bb29-bb7e2ddb96aa,135,152.23,155.13,-2.89,-1.9
RouteID_d1e7245b-5871-450d-9fa4-5ef24e0476c0,160,204.99,203.94,1.06,0.52
RouteID_d208f5b0-e60e-4a7a-af1c-6cce62856747,176,149.13,153.26,-4.13,-2.77
RouteID_d22b3e06-2717-4e4c-abf2-885b7d3b529a,111,107.99,97.89,10.09,9.35
RouteID_d22c80b2-f4de-4ace-a42e-66d6e4156a27,140,257.0,259.64,-2.64,-1.03
RouteID_d22d4958-f9e7-449e-a15f-6e18b72f8879,145,217.42,217.73,-0.31,-0.14
RouteID_d2303422-aa18-44da-b671-35785760e751,134,182.18,193.99,-11.82,-6.49
RouteID_d2358eca-def8-4571-8c78-8e8580878130,181,219.89,194.17,25.72,11.7
RouteID_d245d6ab-351b-46d1-9bd1-54ee803c05ea,162,172.86,181.21,-8.34,-4.82
RouteID_d24614be-e5e0-49b9-9248-c1560c346013,129,179.33,164.03,15.3,8.53
RouteID_d248666b-e521-4a81-b13f-31783190c4a7,163,244.99,268.18,-23.19,-9.47
RouteID_d24e0551-e519-4c56-9bed-79d2ff3b009c,203,294.73,275.6,19.13,6.49
RouteID_d25ac046-61ad-46a7-890c-3764464b74bf,132,180.0,168.58,11.42,6.34
RouteID_d26125b3-c827-41de-bc42-d0e430ff8b27,55,82.72,88.39,-5.66,-6.85
RouteID_d2785d55-dbcf-4489-9c81-a41afd905a80,156,197.9,209.37,-11.46,-5.79
RouteID_d27eb16e-a387-4e1a-ad39-a4de398216fc,188,230.06,245.22,-15.17,-6.59
RouteID_d286b951-2350-41a4-ac26-effe3bdc551a,151,179.58,152.37,27.21,15.15
RouteID_d2964078-7295-4959-b4c9-d2003fa9b2bb,108,171.68,156.68,14.99,8.73
RouteID_d2a97d70-b13f-44ab-bad5-73f13f683822,184,191.31,175.78,15.52,8.11
RouteID_d2adf008-7db7-4b21-a949-3e6db7608e5d,135,160.76,158.13,2.63,1.64
RouteID_d2c06359-497b-46b5-a5e7-1a69d779f0a9,169,226.08,233.35,-7.28,-3.22
RouteID_d2cd5525-4b6a-445e-acef-574fd2a8ca77,138,164.47,167.85,-3.38,-2.05
RouteID_d2de48e4-53c1-4509-91bc-3f43aa442852,146,233.8,233.44,0.36,0.15
RouteID_d31a808e-1cab-4330-9461-6b38866dbb9f,153,245.27,235.95,9.32,3.8
RouteID_d3228103-436c-4b44-a59c-97d61a5403f0,90,99.05,89.92,9.12,9.21
RouteID_d33f7995-a1f5-48e0-9ad6-1978c1bbf4b0,119,231.63,211.98,19.65,8.48
RouteID_d3525c93-e2af-41f2-a5f9-a9096653d0ee,188,230.13,255.57,-25.45,-11.06
RouteID_d36a953d-aec1-42f4-b574-9832493af11f,137,117.53,108.22,9.32,7.93
RouteID_d37018f0-a1ce-4039-adaa-e25236115c9c,106,174.56,168.69,5.87,3.36
RouteID_d376150e-4f9d-4108-ad87-d63183679d36,102,100.1,103.83,-3.73,-3.73
RouteID_d376e6ff-ba6f-4f3a-987e-90935c16226b,161,204.96,225.97,-21.01,-10.25
RouteID_d3797f9e-853c-4938-9b15-af42a3f9f027,190,182.69,168.96,13.73,7.52
RouteID_d3811bad-fee5-47fc-a6f1-390e67a57864,121,149.18,162.05,-12.87,-8.63
RouteID_d390c85c-4088-4ce5-9a9f-8221b75bcbfb,187,226.72,255.26,-28.54,-12.59
RouteID_d3b848d1-42e3-4ea6-93e8-25215afc58bd,130,128.76,129.5,-0.73,-0.57
RouteID_d3b9c5a8-e496-41c2-94ef-f79bc3593500,196,197.0,204.8,-7.8,-3.96
RouteID_d3c26f8b-9364-430f-9776-46b5b8014ee8,184,264.7,275.21,-10.51,-3.97
RouteID_d3c4cb0a-2416-4011-b3aa-670b0cea5ce2,77,92.44,82.95,9.49,10.26
RouteID_d3ccfe39-48dc-44c0-b943-2b15395e4ca9,190,141.31,161.67,-20.36,-14.41
RouteID_d3dfbf2e-1a97-416c-b2de-f8165e24e30a,179,237.68,253.65,-15.97,-6.72
RouteID_d3e3e3ba-38c4-4ea0-99ca-ba38ae87133c,148,197.26,218.81,-21.56,-10.93
RouteID_d3e4f295-1c96-4127-ae3d-0d8ae221c647,115,153.96,156.31,-2.35,-1.53
RouteID_d3e6f720-e316-41d2-a145-bb2323ecd2fd,137,130.62,131.46,-0.84,-0.64
RouteID_d3f0d320-7684-4e94-a1af-266e5ff1eca0,188,231.58,237.26,-5.69,-2.46
RouteID_d3f87589-084c-4b28-aa52-d355a5bb3132,171,202.59,209.7,-7.11,-3.51
RouteID_d400f78e-e6ad-4f8f-b88a-af6a94fc8b4e,150,192.18,196.06,-3.88,-2.02
RouteID_d405eb42-2950-49b1-b09b-0f15df295a36,140,169.89,171.81,-1.92,-1.13
RouteID_d4137cf3-431c-424f-b58f-6d1766a771af,189,160.83,178.71,-17.88,-11.12
RouteID_d414af0a-e6df-465f-a9c9-2f63b1cb3aee,131,205.47,202.8,2.67,1.3
RouteID_d4164476-2287-49cf-8cc9-25551067ece4,168,217.99,201.28,16.71,7.67
RouteID_d41b2f6c-9a35-4b62-b2ea-2c24c27ed875,170,191.04,192.84,-1.79,-0.94
RouteID_d4301882-99f6-420e-8513-e9a5e41c7b10,98,104.0,108.8,-4.8,-4.61
RouteID_d433608c-0e96-4507-89fb-e09a6d5a6449,140,199.9,216.26,-16.36,-8.18
RouteID_d434cc88-3e71-4963-87a6-799c828abe9d,182,253.76,288.72,-34.97,-13.78
RouteID_d43a62bc-af7c-48e1-91f4-7ef8b80d67fb,145,170.76,171.94,-1.18,-0.69
RouteID_d43ed4cc-83ac-4c1d-9e33-a7036bd46c67,156,215.04,227.22,-12.17,-5.66
RouteID_d44359ad-9e8d-46d1-bf15-d1c2f0542826,167,226.77,232.23,-5.46,-2.41
RouteID_d45ea28d-d308-4918-b257-51bde4cb9407,121,154.59,165.29,-10.69,-6.92
RouteID_d4762df5-32a6-4a99-adb9-67a6ca29deec,160,182.02,181.78,0.24,0.13
RouteID_d481c820-59fc-4293-b92c-b8dba69f0597,144,227.5,224.14,3.37,1.48
RouteID_d485d86b-cd12-447e-a975-dff3f9bc1e5b,179,147.25,173.48,-26.23,-17.82
RouteID_d498ae50-f6fb-4d07-b6b0-c25490392b60,189,204.67,195.08,9.59,4.68
RouteID_d49918a8-d755-4265-8771-c75e2813ffcc,93,151.74,145.42,6.32,4.16
RouteID_d4a0a31c-f576-49fc-9194-e62531804169,123,141.58,152.27,-10.69,-7.55
RouteID_d4b1399c-85ac-473d-b8de-2d6a36c742ca,120,128.15,126.29,1.86,1.45
RouteID_d4b43de4-0f1e-4c0b-83bd-2350408380ec,112,243.09,243.46,-0.37,-0.15
RouteID_d4b83d83-8c91-465b-be94-0524e15b5cb2,187,184.31,190.17,-5.85,-3.17
RouteID_d4bf93e9-b902-4356-8f3c-e9ca7ed95d4f,106,163.43,164.38,-0.96,-0.59
RouteID_d4dca435-2258-454b-8fdb-7da7e63c9fd7,184,253.82,268.67,-14.85,-5.85
RouteID_d4e12cdc-063d-42b3-8b2f-76a6e362fd2c,156,116.14,119.59,-3.44,-2.96
RouteID_d4e35d1a-d5cd-4d72-b4a0-d33c3c39a508,121,88.5,89.41,-0.9,-1.02
RouteID_d4f29f26-b6a8-4d59-8bd7-3381a44fb7e7,164,256.4,255.49,0.92,0.36
RouteID_d4f5b888-0b6f-4d9b-a2be-847fdaa37560,102,116.4,119.81,-3.41,-2.93
RouteID_d4fd645b-f105-4be5-b237-f91e10cc3911,137,118.77,103.06,15.71,13.23
RouteID_d50828c7-0b83-4a83-98a0-c6d7181e6336,220,233.69,253.14,-19.45,-8.32
RouteID_d513a102-cc82-4d32-8939-b9cb0c3a31c7,85,131.17,119.85,11.32,8.63
RouteID_d535e450-b8fc-494d-8c0a-a58cd2fc511e,134,213.03,227.14,-14.11,-6.62
RouteID_d54aad09-2e64-4ae7-a378-cb447cb2e068,175,184.2,196.17,-11.97,-6.5
RouteID_d54efb27-1db9-4a1a-a9c0-b879fffb523b,126,146.74,149.65,-2.91,-1.98
RouteID_d551669e-f8cd-4bfa-87cd-396213c77854,122,218.1,241.86,-23.76,-10.89
RouteID_d55575e3-66ad-45e7-a45d-0345aa77e18b,171,166.01,165.75,0.26,0.15
RouteID_d57564e1-41e0-485d-9d3e-aaec84f49807,157,180.28,165.14,15.13,8.39
RouteID_d581217b-4e2d-4c71-a5b1-a636dd7d2671,144,229.27,215.97,13.3,5.8
RouteID_d5813d54-bbe9-48ce-a1d9-c7fa9ec77990,159,139.12,124.67,14.45,10.39
RouteID_d582ecf0-7758-4067-818e-d0216f024b39,134,186.04,181.93,4.11,2.21
RouteID_d58d6fad-722f-4918-8dfe-856edbe87e1c,145,156.98,157.43,-0.45,-0.29
RouteID_d590d67c-a64b-4eff-88c6-9c7d51cf0c4d,192,229.81,235.3,-5.49,-2.39
RouteID_d59b0d07-c175-4128-9e67-487667c2c194,194,237.44,256.22,-18.78,-7.91
RouteID_d5a8a0d8-dfa6-43d6-bcc8-609498516b63,138,180.7,175.89,4.81,2.66
RouteID_d5a97d5a-a3cd-43b4-b355-17a41a7f315f,92,107.63,100.91,6.72,6.24
RouteID_d5b8cd4a-fdfe-4904-ae35-a489990cae69,117,135.34,118.14,17.2,12.71
RouteID_d5b903a4-8c0f-4901-913e-53ecaebf52f5,136,164.15,161.11,3.04,1.85
RouteID_d5b97d80-d3bc-441c-b848-c551bfec0368,116,165.73,161.91,3.82,2.3
RouteID_d5c9fc76-7d4f-45b8-8ad5-8790565ac07e,108,112.73,116.77,-4.04,-3.58
RouteID_d5cb6c4f-9822-4aba-9fff-f10efebfcc5f,107,111.23,121.2,-9.97,-8.97
RouteID_d5cb817f-2298-4748-89fd-23a17d2a76ea,170,203.25,202.94,0.32,0.16
RouteID_d5d65cf3-4a4d-40df-8976-2c8933c220dc,152,222.32,231.51,-9.19,-4.13
RouteID_d5e20010-6d78-472f-9e19-f347223852ae,117,166.3,172.08,-5.78,-3.48
RouteID_d5e64234-683c-426b-9ddb-faa11427e523,189,210.18,204.44,5.74,2.73
RouteID_d5f328d5-8017-4fdd-aa63-783642765cc3,79,106.62,115.69,-9.07,-8.51
RouteID_d5f32ade-687a-4130-9d37-001cd31975b4,162,172.04,179.79,-7.75,-4.51
RouteID_d5ff239e-bc57-431d-882c-e66323902c63,184,217.0,230.6,-13.6,-6.27
RouteID_d6192137-6ba2-4baf-bb6f-e53a18acea66,152,190.57,190.7,-0.13,-0.07
RouteID_d61ca0a7-23f8-4e6c-8b42-cad4ada5bd0c,173,210.63,206.08,4.55,2.16
RouteID_d61d0b30-09f8-4bf9-9555-fc225d579176,165,225.19,246.59,-21.41,-9.51
RouteID_d6369ca9-e5a4-48d3-ac2c-f8293da01f84,98,146.78,150.36,-3.58,-2.44
RouteID_d63823cc-4c77-4abe-a68e-7da5556eb1ee,110,118.49,108.82,9.67,8.16
RouteID_d64d7182-928c-429b-8523-ccb7f67e6c2a,171,162.82,168.67,-5.86,-3.6
RouteID_d65fd4f5-0ac1-4d83-b81f-eace712bb6d0,173,203.83,199.95,3.88,1.9
RouteID_d6618ff1-be70-41cf-b3a8-4d5aa72e396b,149,188.58,191.29,-2.71,-1.44
RouteID_d6708857-b718-489a-bce7-8ed2683b50f6,143,185.83,190.16,-4.33,-2.33
RouteID_d6718a27-cdee-4c93-9630-e5cadd22d50a,172,193.43,215.63,-22.2,-11.48
RouteID_d674933c-cfcb-4236-9f2d-45785f636ea9,173,254.01,238.32,15.69,6.18
RouteID_d678ffa8-633c-4e13-a915-f19149b8ef1b,159,107.68,106.27,1.41,1.31
RouteID_d69be4d8-306e-4f4a-a0b3-6e6f980467af,159,222.67,226.44,-3.78,-1.7
RouteID_d69d964b-4932-4265-a29b-347ab098cfc3,181,203.97,223.69,-19.71,-9.66
RouteID_d6b02255-bf1a-4b66-8faf-d98c8fe46efa,166,206.18,210.66,-4.48,-2.17
RouteID_d6bc0daa-3c35-47d2-b87e-f72231d63921,110,127.89,144.51,-16.62,-13.0
RouteID_d6da6836-a28f-40e2-8d9d-aff70bf87ac3,123,234.8,260.56,-25.76,-10.97
RouteID_d6e030a2-318e-41a7-ad04-468efa9b4699,164,221.76,216.58,5.18,2.34
RouteID_d6e947cd-eb60-423e-bb08-2602c2f5f79e,188,178.13,193.95,-15.82,-8.88
RouteID_d6f1f50a-9965-466d-98fb-10c82b84639f,147,263.82,246.93,16.89,6.4
RouteID_d6f21fd7-12a4-4c50-8648-ab14659b7dbe,159,168.99,167.14,1.84,1.09
RouteID_d6f2913b-61a1-4705-8180-71c6bc452105,156,221.77,199.43,22.34,10.07
RouteID_d6fa45f7-403b-4e18-8734-c774b722985c,136,226.97,233.9,-6.93,-3.05
RouteID_d6ff5f52-939d-4ca1-85ee-d28a19a8c225,144,175.05,182.26,-7.21,-4.12
RouteID_d7042a6c-f3fa-47ad-8fe3-f1de7e2828dd,138,163.2,153.18,10.02,6.14
RouteID_d7099f5b-5b0d-4339-bb98-8d260e8e2293,167,205.94,230.45,-24.51,-11.9
RouteID_d70b1269-825c-416f-9976-d5ec8a534f1f,140,166.82,171.7,-4.88,-2.93
RouteID_d71536fc-a945-4a52-8c7d-b726e48ad84f,125,123.78,121.82,1.96,1.58
RouteID_d71d65ed-6a2b-4849-b5d1-f085a0eebe03,152,232.2,248.53,-16.34,-7.03
RouteID_d727d1a7-4e30-4dd6-9b9c-118bd9149966,109,150.58,164.05,-13.47,-8.94
RouteID_d728984a-1954-4d3d-b9ef-e241e36d3a15,198,200.55,214.76,-14.21,-7.09
RouteID_d73e07a2-4a0a-4457-aea5-96114e36e318,97,115.93,112.49,3.45,2.97
RouteID_d7572dab-4386-4a2a-83bc-25dab12f13f5,181,231.61,245.16,-13.55,-5.85
RouteID_d76bcbb7-a3a9-4653-812c-6ab99b70a0a5,157,170.41,170.07,0.35,0.2
RouteID_d77822a2-ac0f-4c1e-971a-b385e965c105,180,176.93,182.89,-5.95,-3.36
RouteID_d79263ec-054c-43cf-a287-ff4b87e61093,176,158.73,158.52,0.21,0.13
RouteID_d79e0b93-8e9d-4aea-afc8-521bc456b000,199,226.15,227.46,-1.32,-0.58
RouteID_d7a3c805-a90f-4f46-9e65-9197abde9cbe,138,165.98,178.6,-12.62,-7.6
RouteID_d7ab5546-da80-474b-8958-1aa6df1b8bf9,190,222.03,224.07,-2.04,-0.92
RouteID_d7c8f6a2-cba5-4d3c-a6c6-e91fdb60d139,169,189.78,196.57,-6.79,-3.58
RouteID_d7ca2537-faa8-455f-a784-4a456d6413b3,114,178.08,179.58,-1.5,-0.84
RouteID_d7cbf5a9-f660-46ef-a1a4-01b036d4d339,105,127.19,103.78,23.41,18.41
RouteID_d7da6cff-327c-46da-8a0f-2312d3b23eac,154,209.15,214.67,-5.51,-2.64
RouteID_d7e94328-68bd-4d1e-a37c-c8a352cdcb83,117,127.32,140.09,-12.77,-10.03
RouteID_d7ef74b7-5749-47ab-a195-43b4276af89f,179,173.04,189.03,-15.99,-9.24
RouteID_d7f40e15-ed6a-4969-bb7f-872b95aa6966,198,228.47,231.08,-2.61,-1.14
RouteID_d7f6e353-8774-44ce-a4c2-4ff88b164269,154,198.08,190.89,7.19,3.63
RouteID_d7f96640-3b4f-45fa-98ec-c6c73f613297,162,221.58,242.4,-20.82,-9.4
RouteID_d809f9f0-d67d-434a-b2e2-b834ee593bd4,140,234.7,255.22,-20.52,-8.74
RouteID_d8126110-322c-4482-942e-8b10e03b83b6,100,88.22,84.34,3.88,4.4
RouteID_d81e33a9-fbad-4f58-87a2-d03190f178a0,137,212.78,214.03,-1.25,-0.59
RouteID_d82b3847-8996-4ba2-a44b-fef5d25723f6,144,118.1,115.28,2.81,2.38
RouteID_d83a3818-9c2f-451a-b207-fd91339db98b,104,94.72,87.31,7.41,7.82
RouteID_d85ecd2b-e6a1-4abf-8f70-4c4346e946c4,160,236.76,242.53,-5.78,-2.44
RouteID_d8600708-64d5-434a-bb6e-e381e9c5fc93,147,180.58,206.29,-25.72,-14.24
RouteID_d86192cc-bed0-4be9-8e09-fe3d9cffeaf3,181,220.5,221.05,-0.56,-0.25
RouteID_d86cc53b-5e07-4f98-888f-0dfaff734d80,85,123.15,128.43,-5.29,-4.29
RouteID_d87cabbe-3de5-46ed-9f91-801c2f409456,193,188.7,195.5,-6.81,-3.61
RouteID_d87ce9d3-656b-4bec-a2f3-77f4996b5078,108,81.62,83.56,-1.94,-2.38
RouteID_d88f1198-8ac1-448b-85c4-e2fc66fc5621,144,190.4,187.33,3.07,1.61
RouteID_d8929a48-2a8b-43d0-afb9-f8d1e7537a81,168,185.03,189.14,-4.1,-2.22
RouteID_d896ed72-28ef-4132-a815-d6e45a5c349f,152,184.55,200.09,-15.54,-8.42
RouteID_d8a9cc1b-4bf4-47f6-8fcf-08a663b37616,132,187.37,210.36,-22.99,-12.27
RouteID_d8abd1d5-55a0-4019-9efa-ec4e58952056,181,203.84,216.4,-12.56,-6.16
RouteID_d8b1b98c-d1d4-4c74-8bd6-968a69763c05,151,228.14,242.24,-14.1,-6.18
RouteID_d8b3eb21-61eb-41fb-9eda-aed9fe92472d,165,199.73,202.05,-2.31,-1.16
RouteID_d8c3adf5-eb76-4b8d-b841-8698b369d1e8,134,223.05,218.02,5.03,2.25
RouteID_d8cee0a2-06ee-4e7e-901c-e091cb74f7e6,175,211.37,208.55,2.82,1.33
RouteID_d8e0ef4b-7f8e-4582-b1d5-a2e410fbcf21,175,208.64,214.7,-6.06,-2.9
RouteID_d8f00f0d-da28-405a-92eb-33cea1e4e6d8,206,203.11,208.33,-5.22,-2.57
RouteID_d8fccd31-2fe9-4586-a142-f51359fc3eae,128,119.79,120.71,-0.91,-0.76
RouteID_d90205e6-8163-43b6-9bc2-274f0e104b16,156,184.14,195.01,-10.87,-5.9
RouteID_d903cb08-b145-4ee2-bb09-3d5e102c0f21,122,231.24,249.53,-18.29,-7.91
RouteID_d90f2a0c-eb34-42fc-8b39-6c3f246a3ebc,134,188.71,184.91,3.8,2.02
RouteID_d9187d64-1774-49f8-9427-770fe9980f96,154,229.94,249.75,-19.81,-8.61
RouteID_d933d55b-1988-421b-861e-073d1b0c5974,89,88.75,82.04,6.72,7.57
RouteID_d94269fa-c101-4d7d-bc83-2387ec8e0395,95,151.41,163.14,-11.73,-7.75
RouteID_d94b8b00-76fd-438f-8410-62ed673a2baf,177,211.3,242.91,-31.61,-14.96
RouteID_d9520aaa-436e-4026-8aea-a4048824ddb7,41,78.81,73.69,5.11,6.49
RouteID_d95d29eb-f576-4dbe-a98f-d23f251dff61,129,114.0,119.88,-5.88,-5.16
RouteID_d95fc3b5-9fbd-4a65-afb8-aaa5fbf426cb,125,201.19,214.32,-13.14,-6.53
RouteID_d96b885a-bab3-43fc-a0f9-dd6f7547bd7b,162,202.96,222.86,-19.91,-9.81
RouteID_d98874fe-e47d-4121-ac7f-588ca9eb9b6a,195,227.82,235.98,-8.16,-3.58
RouteID_d98ceac1-91b5-458f-b82c-f336da91d6c4,90,135.31,104.2,31.11,22.99
RouteID_d98eee2b-a976-41ce-b119-7063bf5e3fef,167,195.19,201.74,-6.55,-3.36
RouteID_d9964659-eae1-4cd8-a518-8d3151651290,108,170.74,156.41,14.32,8.39
RouteID_d9bc3a3b-ae58-47e5-891d-5d686c10bd12,162,234.5,232.5,2.0,0.85
RouteID_d9c68012-00f1-4711-abbe-7a1ebf1c3899,150,203.95,220.35,-16.4,-8.04
RouteID_d9c75e0c-afd4-433e-a50e-31755028bcef,149,216.12,226.57,-10.45,-4.84
RouteID_d9d2f83b-24b8-483c-9f2b-6ee848dd4f93,201,178.15,196.81,-18.66,-10.47
RouteID_d9d90181-59b8-41ba-bafe-3d8db22bc53a,176,199.01,217.88,-18.87,-9.48
RouteID_d9dd3ff1-cefb-46ce-bd9c-5552856d1191,140,194.42,193.93,0.49,0.25
RouteID_d9e8d1a2-f9f7-412f-a7de-db5c98c6829a,154,251.5,257.83,-6.33,-2.52
RouteID_da0dfec9-0486-488c-a5f1-b790e26ef4b4,189,201.73,222.72,-21.0,-10.41
RouteID_da19be13-1be3-47a5-9946-b1185577728a,153,241.16,244.87,-3.71,-1.54
RouteID_da1c0234-7292-46d8-b2f7-9f1c95a59665,146,152.93,147.27,5.66,3.7
RouteID_da3597bd-3f24-44a4-a646-90d5034b4b25,101,126.7,129.9,-3.2,-2.53
RouteID_da383c58-b812-42c8-b880-c3d89a19f1c7,202,273.19,295.57,-22.37,-8.19
RouteID_da443d65-6b04-4442-8b68-81dbf810b0f6,181,255.78,257.9,-2.12,-0.83
RouteID_da4a704f-2dd9-4ac7-b440-bf5304886537,123,159.75,165.33,-5.59,-3.5
RouteID_da4ab185-e137-4a8f-8a06-c234bb6156b3,142,179.75,187.07,-7.33,-4.08
RouteID_da4b54de-6cd5-4908-92f1-d50d97703984,167,244.82,244.13,0.69,0.28
RouteID_da4fc0fe-f8df-46ea-af9f-7bd62afa0d14,167,191.52,196.89,-5.37,-2.8
RouteID_da64c368-3990-4013-bdfb-8523599f8619,183,260.11,271.33,-11.22,-4.31
RouteID_da6d4d2d-82ce-43c9-813b-89858ec61ce6,148,213.58,212.08,1.5,0.7
RouteID_da732463-3ae6-4f43-80e8-ffb70cd62acb,137,218.01,225.91,-7.91,-3.63
RouteID_da782367-0c28-47e1-a4fb-cf07a06a5a63,180,174.52,183.23,-8.71,-4.99
RouteID_da7f859f-7685-48b3-a1f5-d916b297f4c3,136,131.79,131.98,-0.19,-0.14
RouteID_da806f65-7536-4097-95a1-458a5e33dc7c,103,100.38,86.67,13.72,13.66
RouteID_da8894e9-dd88-4ba6-9922-d0f31082af81,169,197.81,204.11,-6.3,-3.19
RouteID_da90b76c-6986-4197-81fa-0e33aa51dd44,153,150.19,158.0,-7.81,-5.2
RouteID_dab18af0-38b9-4f39-99e9-f017cf8868bf,129,134.28,142.08,-7.8,-5.81
RouteID_dac2b250-2abc-4280-8346-5856a43d6cff,174,199.85,186.13,13.72,6.87
RouteID_dac328b4-1514-421d-a585-849695efdd8f,160,123.33,128.15,-4.82,-3.91
RouteID_dac87cd3-6aa2-4c29-9f43-504111d2fd4a,187,226.18,218.24,7.94,3.51
RouteID_dad88dc7-ada2-432f-89c7-9cc35f6b91af,176,244.14,255.52,-11.38,-4.66
RouteID_dad9772a-943e-456f-a8f7-b72bc213e73a,128,168.46,176.26,-7.8,-4.63
RouteID_dae0189c-596e-4530-80f8-2ad493bfc75d,179,221.72,246.85,-25.14,-11.34
RouteID_daee82cd-4157-4a4e-8dea-01f6d0a3d96f,140,191.24,171.6,19.64,10.27
RouteID_daff925a-eab7-41a7-8f04-63ecbb4268fa,77,127.79,122.19,5.6,4.38
RouteID_db17c3df-45c8-40d6-883a-bf2759460a51,169,227.44,227.6,-0.17,-0.07
RouteID_db1b7529-4f70-4229-b009-24a3b1ae6101,142,241.13,239.71,1.43,0.59
RouteID_db1e5b20-fa52-4b06-be0d-357d60835d53,166,212.62,228.94,-16.33,-7.68
RouteID_db2fabad-18fe-4b98-a91d-dc5a0d515ad0,106,127.81,115.29,12.52,9.79
RouteID_db33e978-c952-4922-8d57-6831ed284142,171,172.21,185.8,-13.59,-7.89
RouteID_db3c0395-e7bd-43fc-9ec1-7fe9a4e8cc30,143,155.93,158.07,-2.14,-1.37
RouteID_db41fa0f-9915-45ad-8b12-63e8d5371f2d,166,253.01,240.94,12.08,4.77
RouteID_db4e70ab-5532-4a0e-bebe-5f99992bae9a,130,217.38,207.89,9.49,4.36
RouteID_db67fcf2-0ac1-4a1d-9a5e-047eeee6e761,147,189.19,185.36,3.84,2.03
RouteID_db858db0-3208-4cc8-8b33-6db5411b8bfc,174,222.28,240.03,-17.75,-7.98
RouteID_db94c498-fe6a-4751-b4f3-5fc59dca72b6,138,168.21,161.7,6.5,3.87
RouteID_db9637f4-72d5-4d84-ac1e-f38fdb825694,160,186.25,181.78,4.47,2.4
RouteID_db99d833-d7a8-4b5a-8cb3-2181d1320875,171,210.05,220.47,-10.42,-4.96
RouteID_dba04c2b-6ae4-4ff9-a99a-b82bc13b5170,108,207.99,225.87,-17.88,-8.6
RouteID_dbb1908a-7840-46ae-8503-fd49c9bbf533,176,217.69,213.69,4.0,1.84
RouteID_dbb8a2d1-88c1-4c19-8dc5-f507077279d6,151,196.04,204.09,-8.05,-4.11
RouteID_dbd619f1-891a-4a52-a459-e8293307548a,200,214.8,247.14,-32.34,-15.06
RouteID_dbdcf93a-39b5-4eee-abf2-0a4f940bb36f,158,201.99,181.58,20.41,10.1
RouteID_dbe2660e-1ffc-43aa-82dc-f891e2d6a92e,178,176.33,180.04,-3.71,-2.11
RouteID_dbe401b2-a7b9-43e2-9ef6-59aca8d47f56,197,229.46,239.31,-9.85,-4.29
RouteID_dbe424be-22c9-4e3a-9f26-ac6ae0f89347,181,214.78,222.68,-7.9,-3.68
RouteID_dbf1d461-10ae-41f8-9a6c-34f9e2935f2f,122,166.28,168.68,-2.4,-1.45
RouteID_dbfbf1b9-fb0d-40eb-9523-a23f0f0c0c3d,140,255.5,259.72,-4.22,-1.65
RouteID_dc081f14-4cea-46e4-a940-8022ea78554b,121,122.36,127.49,-5.13,-4.19
RouteID_dc11a62b-cc43-483f-9caf-1bd2252a00b2,150,177.14,174.7,2.45,1.38
RouteID_dc146d54-fc10-4714-ba38-ed35a61a6ab2,154,189.85,194.39,-4.54,-2.39
RouteID_dc486a1c-3bf5-4465-9b5a-7f8eb47f63e6,105,101.22,93.81,7.4,7.32
RouteID_dc4ad6e5-ab22-4c35-a1da-2de14f93f7e8,182,197.71,186.56,11.15,5.64
RouteID_dc53c3cb-27bc-4677-98cc-153fccb04bb8,108,142.22,146.14,-3.92,-2.75
RouteID_dc5599de-cf77-4a6f-8cd3-e40d20894d3c,123,230.68,233.87,-3.18,-1.38
RouteID_dc589046-e853-482d-be1e-7ac86745a444,123,130.81,132.68,-1.87,-1.43
RouteID_dc58c5d0-40e6-4337-9d04-23568bd250fb,172,212.54,247.3,-34.76,-16.35
RouteID_dc591c50-1e38-46c2-9a01-e4bc9dcfe60f,181,206.29,214.76,-8.47,-4.11
RouteID_dc5c25b8-2a4d-463a-9f8b-678896fc9508,139,216.94,225.31,-8.37,-3.86
RouteID_dc6a9304-e1c3-4979-8c05-a60b5bac57a8,183,234.59,259.93,-25.34,-10.8
RouteID_dc733acb-6074-4397-8bb6-a3f4c341e489,103,83.32,75.67,7.64,9.17
RouteID_dc8feeb0-c5a9-45e1-816b-1741b19d7763,195,154.43,159.88,-5.45,-3.53
RouteID_dc928e92-3410-4362-af11-4a0a82b3ff66,178,191.78,206.59,-14.82,-7.73
RouteID_dc9f3edf-1228-405a-8b38-7d9d65ca20ad,130,149.1,160.0,-10.9,-7.31
RouteID_dca1d635-6d3a-4ab9-84c7-d5b066c1fb46,225,223.5,225.31,-1.82,-0.81
RouteID_dca22d8e-3431-4b6b-9ba5-bf5fb8d9232a,171,215.09,229.69,-14.6,-6.79
RouteID_dcbf2267-dfc3-4fec-be71-327f550ae3da,176,231.18,262.98,-31.8,-13.75
RouteID_dcc55074-9c8d-440f-b7c1-9be9f114f253,169,208.48,217.86,-9.38,-4.5
RouteID_dcc7bbe4-831f-4347-a868-90070aebb44b,173,155.79,165.09,-9.29,-5.97
RouteID_dce262a0-50c6-4a8a-8ce5-1db55a8cd024,206,223.86,223.13,0.73,0.32
RouteID_dcfe1d88-3ca9-4ddb-8533-8f4ee8621873,157,258.5,276.58,-18.08,-6.99
RouteID_dd195c27-a3f3-4217-9430-e6e4defff15e,172,170.27,180.58,-10.3,-6.05
RouteID_dd2465b5-e7b7-4e1f-a4a6-72eaac0a085b,160,170.28,188.24,-17.97,-10.55
RouteID_dd2afc42-60dc-4373-bbd6-f9a6cd63a29c,112,164.15,150.44,13.7,8.35
RouteID_dd2f1f03-96e3-4db8-b169-9604a7126b35,90,114.43,111.18,3.24,2.84
RouteID_dd2fcfb1-2689-467d-95ea-89101ef7785a,186,196.72,215.13,-18.4,-9.35
RouteID_dd3a06a7-dfad-4946-bdca-09c528c0d9c5,188,184.42,186.35,-1.93,-1.04
RouteID_dd532d2f-650a-4e8f-8c1e-a343abc06a5b,185,220.63,227.61,-6.98,-3.16
RouteID_dd5e7d77-e7d7-4e5c-b288-b3cdafcbf15e,170,190.6,201.8,-11.21,-5.88
RouteID_dd98d4f4-f0c1-4d0f-84ff-6bcfc58c55af,116,129.97,135.24,-5.27,-4.05
RouteID_dd9b57db-bfcd-4fbd-93d7-fac82e80d109,115,105.63,104.93,0.7,0.66
RouteID_dda061af-9a9b-4445-a285-acf36dbea6e0,177,243.54,246.25,-2.71,-1.11
RouteID_ddba4eda-0f2a-4496-9bab-00123cf72f35,162,207.46,225.8,-18.34,-8.84
RouteID_ddc2e4a5-3a06-4767-ae9c-6339ab2c8e86,119,133.72,144.38,-10.66,-7.97
RouteID_ddcf974e-c0d8-425f-9a84-901ca515e82b,140,183.94,186.49,-2.55,-1.38
RouteID_ddd409e4-cc8e-43ba-8b32-05f9b9ea238d,152,161.35,170.45,-9.1,-5.64
RouteID_ddd9a35c-53bd-4602-b244-cfb96e0e8a2d,168,139.41,155.22,-15.81,-11.34
RouteID_ddd9ec2d-127b-46aa-bfe0-c019ab52c9bc,134,168.79,179.8,-11.01,-6.52
RouteID_ddf2e162-f50d-44cc-af6f-2c47547c10ef,184,216.65,193.18,23.47,10.83
RouteID_ddfc86e9-a609-4189-8a75-6fb69d09e4f8,181,219.17,214.9,4.27,1.95
RouteID_de017d23-e70b-439f-957d-e552075d01d5,165,196.61,220.5,-23.89,-12.15
RouteID_de034404-fd8d-4ab3-a01f-6cd98e7f4736,106,149.67,146.05,3.62,2.42
RouteID_de038106-e2a8-4a0b-9a70-550a8024178d,140,186.86,194.83,-7.97,-4.27
RouteID_de03fdb2-67e7-47d7-94f9-2a33311ba004,181,203.63,211.77,-8.13,-3.99
RouteID_de0acce6-9d0a-463d-8990-f6472d90ea13,190,239.98,240.6,-0.62,-0.26
RouteID_de12ecd0-b05b-42ff-8a32-c079cb33f0a6,100,196.61,174.32,22.29,11.34
RouteID_de18747c-e596-4585-9c19-b8fa305e1757,208,233.36,260.31,-26.95,-11.55
RouteID_de1984ee-19c6-4320-9a80-383de34e51a5,164,226.46,233.59,-7.13,-3.15
RouteID_de1995aa-4c01-4f7a-93a9-78911f35df12,135,166.34,170.5,-4.16,-2.5
RouteID_de45d589-c1a3-40c8-9618-f2fec5f58556,151,132.39,127.71,4.68,3.54
RouteID_de45e783-d4ab-4750-a671-f1b34d23bffe,183,215.62,222.42,-6.8,-3.15
RouteID_de4e7693-b0a7-4ae0-9264-20448c4b1fcb,132,162.37,159.19,3.18,1.96
RouteID_de5c90fd-e4e2-4fe6-b6f6-93f2c7d31716,154,186.73,196.58,-9.85,-5.28
RouteID_de610bbd-71ff-44dd-bf29-1672234bda63,152,178.39,183.17,-4.79,-2.68
RouteID_de660dd9-e9d5-42b0-9288-75c7df0f3949,129,196.63,186.86,9.77,4.97
RouteID_de6943c3-bef2-4423-9fdf-2aa05817e0fe,105,120.58,124.42,-3.84,-3.18
RouteID_de6b24e2-00d7-49cf-9c6d-76de884d0eb2,142,130.82,136.0,-5.18,-3.96
RouteID_de76f33a-9569-4f0a-9edc-d1439bec64e5,148,174.08,191.05,-16.97,-9.75
RouteID_de7e166c-d765-4ed9-a0c1-ab69affef2af,131,128.97,141.71,-12.75,-9.88
RouteID_de7f692c-5ded-4a3f-a07a-fc7bfcca29d4,123,114.68,107.35,7.33,6.39
RouteID_de81d838-4286-4f12-84d3-ff1e790276c6,160,192.86,197.36,-4.5,-2.33
RouteID_de87085a-6751-46b0-b139-4c3694b2b945,134,172.6,168.43,4.17,2.41
RouteID_dea5cfe4-d47c-4891-bc51-338ffe126143,148,126.31,125.64,0.66,0.53
RouteID_deb986b1-e2de-44bf-a9f6-dbb1258ee124,180,230.19,236.79,-6.6,-2.87
RouteID_debe7647-dc94-46b5-927b-a1777c7c18f4,170,185.54,202.22,-16.68,-8.99
RouteID_decb70c4-91dc-4ded-a08c-ecb6b231d9f1,184,201.29,236.2,-34.91,-17.34
RouteID_decf8ed4-f574-4348-a750-f6bd095c23a6,180,174.49,191.22,-16.73,-9.58
RouteID_dee579e3-c717-4668-a822-0c856cb9e340,189,205.92,242.46,-36.54,-17.75
RouteID_deefc343-c754-4031-add8-2c0665c4cbd0,134,133.67,131.82,1.85,1.38
RouteID_df14a9ca-430f-4344-a6d5-4afefa3e978a,81,86.57,71.72,14.85,17.15
RouteID_df182f6a-5c3d-4c21-ac08-73135ffad47a,141,171.13,176.71,-5.58,-3.26
RouteID_df19ef64-8b99-44ac-98bf-1b0f1625c288,182,263.46,272.04,-8.58,-3.26
RouteID_df1c5651-c05c-4d42-bb95-e2bd5e7d1f67,150,145.98,134.55,11.43,7.83
RouteID_df1ef6d2-3faf-44c0-9c52-b5a61180687f,173,197.19,212.73,-15.55,-7.88
RouteID_df23aa6d-a40d-4405-bea7-94c5ea344c9c,135,180.86,180.87,-0.01,-0.0
RouteID_df257c36-f569-4d8b-9725-d5c0d2e46ba2,172,204.12,187.65,16.47,8.07
RouteID_df3737d3-c43b-4147-9772-1054b774e6ca,154,224.32,226.54,-2.22,-0.99
RouteID_df379372-5387-4fa7-8928-eeae15d55db6,61,59.52,63.37,-3.85,-6.46
RouteID_df426646-69fa-4bf8-8160-86dd53824eaf,161,213.08,201.83,11.25,5.28
RouteID_df47b245-ea09-4887-a7a9-3bcb60a4aa1f,146,162.13,176.5,-14.36,-8.86
RouteID_df4ad82f-afeb-4924-96b6-c317305cead6,147,188.65,195.91,-7.26,-3.85
RouteID_df63c727-39c5-4250-a0fa-eea933e7af1a,145,170.38,177.47,-7.1,-4.17
RouteID_df641ea1-3ace-4327-81f8-0d593c761f9a,194,211.44,230.31,-18.88,-8.93
RouteID_df8170fa-2d78-4edd-ba06-d49e6bee4622,121,115.94,112.49,3.45,2.97
RouteID_df900362-61f7-4b69-bf92-3980991ee4c8,152,179.07,178.42,0.66,0.37
RouteID_df92f8fd-4f86-4d93-894f-1326bea4fb93,200,244.16,266.4,-22.24,-9.11
RouteID_df995069-b112-4b40-801b-f8104078c94d,161,197.74,224.73,-26.99,-13.65
RouteID_dfa61ecc-a611-4fb6-8b0b-adfeac602509,164,143.25,135.14,8.11,5.66
RouteID_dfaac97b-424c-4787-8651-825ed11f070d,134,171.03,180.78,-9.75,-5.7
RouteID_dfadd370-619a-46bd-9b1f-0d0c359b1a87,95,133.72,137.39,-3.68,-2.75
RouteID_dfc6169e-457b-41e6-9978-09da5d7cd73f,88,108.92,92.96,15.96,14.65
RouteID_dfd157d3-f2d5-4bc2-915b-01acb4baf9a2,137,258.2,282.45,-24.25,-9.39
RouteID_dfd8bfd6-9207-4ac6-bdb6-a197f73aac48,127,116.44,113.23,3.21,2.76
RouteID_dfed7b53-a9a6-4d4e-8efb-28cef0e860b4,172,178.14,189.87,-11.73,-6.58
RouteID_dffe2aea-0e18-4d75-ad7a-a3fea6ba9d1c,157,166.18,167.05,-0.87,-0.52
RouteID_e006060c-894b-4463-9802-e98e13c1a91c,116,153.06,120.13,32.92,21.51
RouteID_e016cc9a-858f-4b9b-aefe-19b794931935,127,210.17,201.8,8.38,3.99
RouteID_e025d335-2d29-4a05-8490-89397af81f20,153,114.95,125.7,-10.75,-9.35
RouteID_e02d4edc-b5dd-471d-9508-66f4b71852af,159,184.8,187.04,-2.24,-1.21
RouteID_e03342be-a6f5-4b64-b91c-30d0fc477c15,160,227.3,249.7,-22.4,-9.85
RouteID_e046a562-eed5-4f77-aac9-f2045e53c1f0,186,227.98,233.41,-5.43,-2.38
RouteID_e04d4d25-226a-4f29-b587-521337d1336e,169,191.0,181.37,9.63,5.04
RouteID_e05bb6f1-c349-4905-aef9-2d2209ad2997,154,218.35,230.92,-12.57,-5.76
RouteID_e07ba9b7-5815-4e55-970e-3fec231b0c42,156,149.16,144.31,4.85,3.25
RouteID_e0899330-23af-4657-a36d-b4b6e76518ac,178,180.2,181.61,-1.41,-0.78
RouteID_e0af3a95-34ff-430c-8343-e505be6579b3,157,159.96,160.79,-0.83,-0.52
RouteID_e0b5d521-b877-4765-9fcf-2375873d73c6,165,231.6,236.44,-4.84,-2.09
RouteID_e0bc1e77-ec56-43ab-ae65-7920f42d6853,166,241.93,226.59,15.34,6.34
RouteID_e0d69e89-00ec-42a1-ba4b-6a8e6f157175,179,197.78,221.24,-23.46,-11.86
RouteID_e0dacee3-dad3-4195-95f1-88d4ce8f4fcd,194,169.64,181.47,-11.83,-6.97
RouteID_e0efee22-3f62-4b52-94e6-497d9cf40cbe,189,176.81,193.0,-16.19,-9.16
RouteID_e0f2904c-4648-4acd-8221-a54c4f51d209,78,113.36,88.47,24.89,21.96
RouteID_e0f7b95e-6be1-4560-b57e-5019a79b7992,159,182.21,189.93,-7.72,-4.24
RouteID_e10ccb00-cf56-4667-b6a6-8be3a5569d3d,164,199.17,187.0,12.17,6.11
RouteID_e10eda4d-8e4c-4e13-b9d1-bc712ed13ca3,177,166.67,176.54,-9.88,-5.93
RouteID_e11800a7-c2be-49ef-a979-9730c8c7ec95,70,92.09,81.63,10.47,11.37
RouteID_e1265986-0d54-4398-abad-5552e64b52d7,201,236.54,233.08,3.46,1.46
RouteID_e12d50d5-a09c-4635-b34e-fd06465f7803,187,183.02,195.12,-12.1,-6.61
RouteID_e1323fee-d501-4c30-9b79-dbd7cf142f19,171,187.44,206.44,-19.0,-10.14
RouteID_e13f5fd9-6bfa-499f-9468-83acf749fd9f,175,241.52,227.94,13.58,5.62
RouteID_e141ff77-c107-41f7-9be3-02b1b5e5f2b4,146,186.09,182.34,3.76,2.02
RouteID_e15e10a9-020e-4cfb-b327-7fb7a6cb89c3,186,231.5,245.3,-13.81,-5.96
RouteID_e164e0c7-979e-4645-83df-ea3f213578de,167,156.64,167.38,-10.74,-6.86
RouteID_e17a91e3-f7af-4a94-824a-2d68e3679620,69,127.09,99.0,28.09,22.1
RouteID_e17b363d-c2d7-45fd-9829-2c631a335174,122,118.68,120.31,-1.62,-1.37
RouteID_e17e9721-b1ec-47d7-823c-42e1f47a2d8e,147,130.28,138.31,-8.03,-6.16
RouteID_e181241a-5b91-4181-9fb9-5d38ca124708,153,188.68,212.53,-23.85,-12.64
RouteID_e18f4d42-a31f-4b0f-b056-ecb8dae9b311,121,128.5,126.81,1.7,1.32
RouteID_e19a479a-b889-463e-b03f-28b4ac51d64b,136,171.25,173.87,-2.62,-1.53
RouteID_e1a3dee5-446d-4d2c-a75e-3d3b7a5454a9,193,305.52,300.78,4.74,1.55
RouteID_e1a4bf8a-a54b-41b4-bf38-266cc87a9990,209,237.03,209.59,27.44,11.58
RouteID_e1b509f1-465c-4788-9735-3c20f8ba399a,156,199.62,207.86,-8.24,-4.13
RouteID_e1b57320-4115-43c8-8387-6b8e77b04d82,187,231.17,234.99,-3.81,-1.65
RouteID_e1b7ff9f-6b8a-41ec-80a1-3f855368663d,126,134.04,137.12,-3.08,-2.3
RouteID_e1b827ff-76b1-4788-9f41-527e481461de,134,157.67,160.74,-3.07,-1.95
RouteID_e1c24ffd-ca8e-4666-a8ae-25e9893ecba0,145,128.9,132.99,-4.09,-3.17
RouteID_e1fcf551-00f4-4401-b4cb-5e264cea6561,159,308.72,304.23,4.5,1.46
RouteID_e20571c7-de1a-47f1-98e7-fded3e542bf7,192,188.87,192.5,-3.62,-1.92
RouteID_e21c2f8c-2953-4ef6-a1ad-0755a60c0650,167,181.76,176.41,5.35,2.95
RouteID_e2270532-cf43-45c6-a3af-78abd5cdbcc2,65,75.84,71.42,4.42,5.83
RouteID_e22f1fd4-7e3c-4f62-bb40-518c5ccb043c,189,247.91,254.95,-7.04,-2.84
RouteID_e231cb26-0bc0-49e5-ac1f-22309c742634,161,176.61,193.22,-16.61,-9.41
RouteID_e245c849-5520-4b34-a4fe-55ef8237cc59,123,126.92,124.62,2.3,1.81
RouteID_e246533a-8167-4c0d-8c80-783847125b1b,161,161.48,154.97,6.51,4.03
RouteID_e246bf45-97e8-4c00-b5f1-a2c75c13836c,153,186.47,197.44,-10.97,-5.88
RouteID_e25e5d52-4584-483e-9239-622fb87eae9c,161,211.34,219.32,-7.99,-3.78
RouteID_e262c552-2540-48d7-a3ee-0987fdc4c991,206,264.16,262.52,1.64,0.62
RouteID_e2646e59-35ad-45fe-9883-d1a9e35926a4,75,85.93,84.39,1.53,1.79
RouteID_e26aa0ff-5016-47e6-8972-d880796090a1,206,221.05,237.3,-16.25,-7.35
RouteID_e26e5a82-a9b7-4913-8150-a256ac05d4c6,187,232.39,249.56,-17.17,-7.39
RouteID_e26f3ca3-44b7-42e1-adb1-fc337ba1b998,153,268.81,264.36,4.45,1.65
RouteID_e2716c28-8167-45fe-9785-aa69265959e3,180,199.52,214.54,-15.02,-7.53
RouteID_e27888ff-a616-4600-a711-41b2fc0eacbe,150,179.15,178.21,0.94,0.53
RouteID_e2868017-ad4e-4764-b865-a3b01abc896e,160,173.01,180.06,-7.05,-4.07
RouteID_e286d357-5931-40cd-b81e-38c814a894d2,190,225.92,245.77,-19.84,-8.78
RouteID_e28d8503-65be-4295-8450-a7f71e042199,134,188.93,204.25,-15.32,-8.11
RouteID_e2b0a3cf-b7fa-45f7-beb3-1ea6b0fdc233,175,169.63,184.7,-15.07,-8.89
RouteID_e2b14929-8b2e-4f0b-a922-1612cfc99f8b,105,131.14,133.57,-2.43,-1.85
RouteID_e2b2ca7d-fe54-412f-9082-21fce716f2f2,205,207.28,237.49,-30.21,-14.58
RouteID_e2bb05f8-edc8-4f93-b51d-e1b8f9675120,160,178.88,171.23,7.66,4.28
RouteID_e2bd952c-cc95-4d08-891e-69dafca6ecc5,165,227.47,228.61,-1.14,-0.5
RouteID_e2c23ab3-c60d-4b24-b7d0-d525bc173050,197,209.55,236.69,-27.14,-12.95
RouteID_e2c2565c-60f8-431c-bfc0-ba7f6fd99cbe,140,224.35,258.43,-34.09,-15.19
RouteID_e2c29205-89d3-491b-aa50-53b046d13d46,193,264.8,262.33,2.47,0.93
RouteID_e2c75c94-6652-4ca6-a0e5-9645180e313a,145,160.34,173.15,-12.8,-7.98
RouteID_e2d25345-b0cf-4a96-a9ab-49f978b3becb,102,93.31,96.74,-3.43,-3.68
RouteID_e2e7f059-0e44-498f-82f0-526513ed7287,174,213.36,210.78,2.58,1.21
RouteID_e2e88910-6f84-4ee4-9738-949b5ca2f779,88,80.05,75.77,4.29,5.35
RouteID_e2ec348d-929b-40be-b077-1cad34108feb,223,284.94,329.96,-45.02,-15.8
RouteID_e2f77e22-6a0a-473b-85f8-244a41a3516b,150,165.74,179.38,-13.64,-8.23
RouteID_e2fc78e5-dc90-4cf1-b753-c4b560569861,147,139.98,141.33,-1.35,-0.96
RouteID_e3000b91-7483-447c-8813-4fdf2cd4e9b7,172,233.9,248.49,-14.59,-6.24
RouteID_e3018a84-0c6f-40c2-916c-857455e1ad90,179,179.51,183.14,-3.63,-2.02
RouteID_e30738cd-b3cd-4917-9353-3bad5eb5ff5d,193,234.78,245.59,-10.81,-4.61
RouteID_e30a0c2c-98e9-4a8c-839c-c642ef54a66d,179,165.59,176.09,-10.49,-6.33
RouteID_e319940d-9028-4730-8e41-59dea15784d7,208,252.8,258.47,-5.67,-2.24
RouteID_e31bb251-e74b-4593-bd6c-4e05826ef907,163,156.2,166.16,-9.95,-6.37
RouteID_e3493357-edb0-4430-b22e-6190806c27e6,158,174.65,173.88,0.78,0.44
RouteID_e3577103-83b2-4bcc-9e48-2d6ae006cbbc,81,108.08,90.4,17.68,16.36
RouteID_e37b3785-ce08-46bc-a104-70067c50d73a,175,190.88,205.3,-14.42,-7.56
RouteID_e382a75f-f186-4185-bec5-057a73058c22,185,251.32,274.5,-23.17,-9.22
RouteID_e38739f8-cb45-4668-910d-fcd69cd36bea,120,146.85,145.34,1.51,1.03
RouteID_e39ea4ce-c0bd-4661-a34a-ec77218270e1,108,110.86,118.02,-7.16,-6.46
RouteID_e3bb3edf-8a03-4aa6-9ea7-ba76ac7bb91d,115,156.05,171.19,-15.14,-9.7
RouteID_e3d097f0-523f-45b5-8328-95688a3b2d4a,174,237.08,242.6,-5.52,-2.33
RouteID_e3da7987-322a-4cdc-94d3-ffe315967053,184,217.03,209.77,7.26,3.35
RouteID_e3dca79e-172a-4b9e-9422-0b82ca1f2c10,165,166.92,165.23,1.69,1.01
RouteID_e3e018a7-7ce0-4a47-b139-0c648c20c761,167,203.32,190.0,13.32,6.55
RouteID_e3efa8b7-2d07-4939-83d9-ecf170cec990,160,169.65,191.32,-21.67,-12.77
RouteID_e3f9b868-fbf8-4452-a8b6-04272d6db22d,93,94.12,85.49,8.63,9.17
RouteID_e3fc167b-bf1d-4a53-af7c-33a062e59d74,154,235.51,247.66,-12.14,-5.16
RouteID_e400f054-bade-431c-9f32-a8c638e11b80,171,225.6,255.59,-30.0,-13.3
RouteID_e422c1e5-5aeb-4ffa-ab50-59820be3c5bb,154,201.63,216.16,-14.52,-7.2
RouteID_e431316a-d4d4-4715-a71c-17c3fdd31f64,166,187.69,209.33,-21.64,-11.53
RouteID_e43a8a73-be7f-47bc-b77d-a7f8ea48c4b8,171,184.07,205.68,-21.61,-11.74
RouteID_e43b957e-1c5a-47d7-b6b3-71e50a192915,163,196.94,197.99,-1.05,-0.53
RouteID_e43dbb45-d698-410c-b794-59d6397a3dc3,144,161.96,167.76,-5.8,-3.58
RouteID_e449f854-ef05-44ee-b66b-737cc4a6ea63,141,131.86,119.55,12.32,9.34
RouteID_e44ac5b6-e650-4ad7-9c66-e79576d34af7,93,83.08,79.41,3.68,4.43
RouteID_e4504921-b74a-41c0-bf2b-0db5abdec688,148,148.16,147.46,0.7,0.47
RouteID_e4632c8b-5daf-4d0f-a0c2-17bd6675adcd,197,225.78,255.07,-29.29,-12.98
RouteID_e473ab71-febe-4978-a40b-10f5671888b2,128,248.08,258.13,-10.05,-4.05
RouteID_e47430bc-65a1-4be5-8032-df625b3aa08b,141,117.38,115.13,2.25,1.92
RouteID_e4867c28-125a-4fe6-9c78-f2c909321eed,72,76.48,78.95,-2.47,-3.23
RouteID_e4982061-58e3-4566-8c41-5dd667086e3a,193,226.81,245.8,-18.99,-8.37
RouteID_e49a2fe0-75af-4e38-b31b-2e302fe75669,181,202.06,205.16,-3.09,-1.53
RouteID_e49f8a9f-46ab-4461-b461-d2a2c0399969,151,224.09,241.76,-17.66,-7.88
RouteID_e4b07a1f-18c8-4be6-b4c2-7cc69750250b,151,164.64,172.57,-7.93,-4.82
RouteID_e4bf9524-79c1-462c-a1ee-ce530d288ade,148,183.65,183.25,0.4,0.22
RouteID_e4d411df-7909-4937-a925-d4a26f5246c6,152,139.66,142.56,-2.89,-2.07
RouteID_e4d7a72f-6179-4377-8030-181d857e2f19,142,164.5,175.4,-10.9,-6.62
RouteID_e4e0fdb2-adcc-414e-9eac-923a468d3710,131,164.15,172.36,-8.22,-5.0
RouteID_e4e3ada4-e114-4551-b76e-53ed2acf4aaf,132,227.67,256.88,-29.2,-12.83
RouteID_e4e6d03f-c581-4c55-a569-ccf3261dc519,174,168.24,177.92,-9.68,-5.75
RouteID_e4ec246f-ada3-463f-9827-2eb024582b38,63,84.27,74.08,10.19,12.1
RouteID_e4ec2f98-f2c1-473d-88e1-c2962a89dc42,175,221.36,229.96,-8.61,-3.89
RouteID_e4f2a3a2-5bec-43a3-af14-4283d5229847,138,197.36,217.11,-19.75,-10.01
RouteID_e4f60dc4-86c9-4918-9fd3-e63b03ff87c1,110,152.58,159.65,-7.07,-4.63
RouteID_e51078ff-b1e1-4894-85f4-c40f7e5621ca,153,197.21,206.84,-9.63,-4.88
RouteID_e5371102-1269-4302-8479-8eea3ed88694,158,150.3,141.86,8.44,5.62
RouteID_e545c3ac-acd9-477c-a995-2490564f1649,156,141.57,151.72,-10.14,-7.16
RouteID_e5473e30-ba2a-45da-a91c-2d18f1f620c7,180,193.7,210.31,-16.61,-8.58
RouteID_e547749f-f01a-4eda-aa2e-86e97da68440,162,191.91,212.54,-20.63,-10.75
RouteID_e54fb5e6-023b-4fee-a88d-591cc0a17268,173,168.48,167.11,1.36,0.81
RouteID_e55ef2d8-f806-4c87-a3a1-b62a3b79d51b,110,89.55,85.84,3.71,4.14
RouteID_e5647cab-17ca-4e3c-b517-098339a939fd,161,259.2,274.58,-15.38,-5.93
RouteID_e5804ac5-fbb9-46e8-ba58-3b77d08a2575,128,137.85,136.49,1.36,0.98
RouteID_e591d351-e929-4e76-afae-36fa6b0134f2,124,123.28,110.11,13.16,10.68
RouteID_e59479d1-089a-434f-a597-dad05c35473d,103,91.36,77.56,13.8,15.11
RouteID_e5b0299c-1a6f-49aa-8f39-d766a621e759,145,186.6,178.6,8.01,4.29
RouteID_e5d497ff-d703-4028-94d1-8123c4f64c0a,84,108.01,104.46,3.54,3.28
RouteID_e5df9458-6dbd-4126-8fce-306d49d377f1,140,137.3,134.08,3.22,2.34
RouteID_e5f29812-338d-472f-8888-5c315403b493,91,91.64,103.04,-11.4,-12.44
RouteID_e5f30169-3e58-409c-bd39-25cfccfb2066,111,116.21,106.21,10.0,8.6
RouteID_e602feb4-e785-4589-bbdc-695813eacc3d,172,197.28,207.81,-10.53,-5.34
RouteID_e6116172-3f7a-48d1-9d6a-fd7d5c53cfeb,145,162.81,157.04,5.77,3.54
RouteID_e62f4182-ec81-417d-82b0-3dac5ca38d4f,166,199.74,201.4,-1.65,-0.83
RouteID_e62f605b-2610-4e8a-add6-1c8c98f3c654,161,192.79,190.84,1.95,1.01
RouteID_e633de32-f3fe-42c7-8f9f-d9188d59fd27,170,289.94,284.67,5.27,1.82
RouteID_e63677d8-be76-4b0c-984d-ced681a9f03f,176,242.62,258.71,-16.09,-6.63
RouteID_e65d8e24-8f01-47d0-8045-f70b9799e21c,119,147.82,159.02,-11.2,-7.58
RouteID_e6687a05-2453-4edc-b86c-7558ab6d93f6,105,103.66,110.5,-6.84,-6.6
RouteID_15c93521-26e8-42ed-8057-82b9fb200335,170,204.87,197.56,7.3,3.56
RouteID_15cf8aed-1e75-4350-bc52-bf452f278e79,142,208.15,206.98,1.16,0.56
RouteID_15d4339c-36dd-4cf0-9f05-1c9c7b294e41,186,187.76,195.04,-7.27,-3.87
RouteID_15f10a74-f88a-472c-9b93-f5e624e73356,166,191.48,195.97,-4.5,-2.35
RouteID_15f87564-c14d-49bd-bb5a-32a6daaefb43,161,140.67,138.34,2.32,1.65
RouteID_15fc5304-a804-415f-bd0f-a5a15c28cc63,157,198.82,194.51,4.31,2.17
RouteID_16050de1-d05e-4381-8190-3d23f3eaf62a,147,225.88,235.67,-9.79,-4.33
RouteID_16328208-4ba3-482e-997f-ceec7bdb8978,90,129.62,138.27,-8.65,-6.67
RouteID_1632d41d-dfb0-428b-9501-8de2fa5ebd39,134,195.64,209.26,-13.62,-6.96
RouteID_1643b492-7007-427c-99c0-20f271cd6e7f,183,241.28,264.1,-22.82,-9.46
RouteID_164548bc-fda0-46ab-902a-9c8bd82061ba,98,130.73,139.29,-8.56,-6.55
RouteID_16546f71-6b36-48a4-93e4-c972f183bffb,162,231.49,248.06,-16.57,-7.16
RouteID_165d03b0-d4fa-40c8-9192-058064e7bcec,159,237.62,237.79,-0.17,-0.07
RouteID_168613ad-a0f2-45f8-92d4-3b49af746dfc,175,195.76,195.62,0.15,0.07
RouteID_168bfe56-6dee-4032-ba12-e0f50dadc3c4,147,198.55,219.68,-21.13,-10.64
RouteID_16929b31-9c1f-44cf-aba7-4c44c06a1c98,82,102.18,78.31,23.87,23.36
RouteID_169bd094-1974-422a-9e98-37a7a5f5b1da,124,171.01,171.49,-0.49,-0.28
RouteID_16ca0e17-092c-400b-aabb-8a5f261f913b,114,139.24,124.29,14.95,10.74
RouteID_16cdd6a4-ae80-4c66-96d5-b7153e5b0dd6,108,96.38,89.13,7.25,7.52
RouteID_16d09eb9-d328-47b6-ae81-9dc0f19737ba,148,186.67,177.31,9.37,5.02
RouteID_16d37884-8a1a-4f7d-acdf-a2598afde59e,168,201.82,219.57,-17.75,-8.79
RouteID_16dbef50-3fcf-402e-9568-8f660bc548e1,175,219.01,244.17,-25.17,-11.49
RouteID_16dc89b1-56eb-44f9-89d6-fcd5cf8776ca,174,238.13,262.77,-24.64,-10.35
RouteID_16de3bf9-7afc-4e9c-ba57-8c7ecf6e1ec1,172,212.7,207.94,4.76,2.24
RouteID_16dfbb94-ac9e-46bd-afe8-0b49cea540fd,201,215.89,209.61,6.28,2.91
RouteID_16e834da-af7a-4a7d-be9d-48ca7ec8dd20,160,187.04,193.4,-6.35,-3.4
RouteID_16f85b56-ccb8-4d20-ab98-f1f792efb985,149,180.37,197.26,-16.88,-9.36
RouteID_17004243-c9a9-4329-9c53-5a231ee82387,104,96.61,99.31,-2.7,-2.79
RouteID_170e50d6-1449-4453-8d18-8505d8de86b0,157,205.6,231.71,-26.11,-12.7
RouteID_170f3c8e-036c-4069-84f4-87ff6b169f6a,131,177.37,189.64,-12.27,-6.92
RouteID_17101589-dd43-4a1c-89ad-9e5918ff0649,109,116.82,114.6,2.22,1.9
RouteID_172946e2-411d-4253-b9e0-5c2feb65d941,153,184.49,194.33,-9.84,-5.33
RouteID_172d8147-eea6-4491-aaf5-4421716047db,197,224.92,240.29,-15.36,-6.83
RouteID_1731105e-af6f-4474-9ace-f379932eb8de,143,135.92,146.42,-10.5,-7.73
RouteID_1776d3ec-9753-48c7-9112-ef987b550413,165,188.23,197.38,-9.15,-4.86
RouteID_17778105-3f00-4941-8532-6b37c9eb462a,165,187.35,198.25,-10.9,-5.82
RouteID_177a98cf-c64d-4db2-a651-18ffe228b2bc,125,164.96,172.18,-7.22,-4.38
RouteID_17817d17-59c2-4e07-acf4-1e2dd7ae877c,114,161.66,165.43,-3.77,-2.33
RouteID_17890409-6249-4e49-96e2-d42ed10444aa,138,203.74,190.65,13.09,6.43
RouteID_178c40d6-2b6f-4782-b589-532a86d7a916,93,96.62,90.71,5.91,6.11
RouteID_178dc71f-33fd-44d5-a0d2-2927099bc95e,103,112.81,101.25,11.55,10.24
RouteID_179181f0-41a6-49cd-a263-c72efd0b0b3b,163,245.81,258.71,-12.89,-5.25
RouteID_1791c044-3576-4538-84db-d89545325d2a,201,220.53,243.95,-23.42,-10.62
RouteID_17b12dec-014b-4a61-8330-526280948c63,181,182.21,186.59,-4.38,-2.41
RouteID_17cd3b89-2e12-4948-809f-ae8198625c79,140,156.55,157.81,-1.26,-0.8
RouteID_17db4590-a007-4d2c-b4fe-59415bd05fe7,156,255.95,267.64,-11.69,-4.57
RouteID_17e55a35-4a28-418d-bc6d-fd16384b05c2,156,185.65,201.41,-15.76,-8.49
RouteID_1811c85b-eb2e-47dc-a634-27229ecd64fa,156,207.33,238.17,-30.84,-14.87
RouteID_18287249-5c89-480a-9a74-88feee5dba54,120,200.46,202.01,-1.55,-0.77
RouteID_1836de35-8b23-47ab-ab79-a684c4f06c2d,169,186.18,182.46,3.72,2.0
RouteID_183b6cb9-1323-4271-8a4e-7d9682f35e90,167,218.58,223.69,-5.11,-2.34
RouteID_183ef02c-8b0b-4f43-82f2-3edf8d2a4fad,180,248.43,255.59,-7.16,-2.88
RouteID_183f1b60-7bb1-4f6e-8315-c845ed8015fd,177,204.86,212.49,-7.63,-3.72
RouteID_18417e60-4e7e-4a88-baf7-b77adc028398,154,233.18,247.71,-14.53,-6.23
RouteID_184199be-9527-42dd-9505-c82ea9748f66,175,235.38,257.87,-22.48,-9.55
RouteID_184da9b1-0f34-4051-8018-19064a4059fc,172,185.06,184.5,0.56,0.3
RouteID_18548b3f-3176-47b5-8e85-4b94ae99c4fe,189,182.81,166.08,16.74,9.16
RouteID_18576aea-80d7-4d89-b7c6-1ccba447b855,199,231.38,240.52,-9.14,-3.95
RouteID_18591a6d-7ebb-4b15-a21a-c476cdcd4bc8,187,207.3,205.61,1.68,0.81
RouteID_186b93fa-f09c-45a5-9798-32fc7429319f,162,177.26,158.14,19.12,10.79
RouteID_18718710-5655-42bd-a749-6d5089202b55,154,175.37,180.06,-4.7,-2.68
RouteID_187caca1-1b53-4bbc-aab3-9bc8addf5470,179,154.56,151.53,3.03,1.96
RouteID_187db59e-f029-4466-b4ad-f8a820e73144,176,206.58,190.38,16.2,7.84
RouteID_18b10593-b310-4526-8754-1f639db0e738,171,220.36,210.11,10.25,4.65
RouteID_18b43472-5001-470c-b7b1-71816392c68f,160,160.82,174.04,-13.23,-8.22
RouteID_18b8f86a-3a1b-437d-91cd-565449f2b527,160,198.69,196.26,2.43,1.22
RouteID_18bc79d0-cf46-4acc-accb-dde9810fb9da,166,197.95,216.38,-18.42,-9.31
RouteID_18bde751-16b3-4394-a137-ad9c99039e43,161,209.32,199.03,10.28,4.91
RouteID_18cdb5c9-0e9e-4dec-a774-e6052381c803,146,184.51,185.64,-1.12,-0.61
RouteID_18d7a0ff-40bb-4191-8c6f-80132647c1a2,132,153.67,174.35,-20.68,-13.46
RouteID_18e6c0ec-208a-47a5-bd09-17ab80adc5c7,193,199.66,226.36,-26.7,-13.37
RouteID_18fc2ae5-5ba2-4764-89f9-d6091577a9b9,157,220.73,223.78,-3.05,-1.38
RouteID_1906e6c0-320f-4cd9-925e-bf13633d4967,184,229.06,239.1,-10.04,-4.38
RouteID_1908c62c-ec25-42a6-b35f-1d62ecece635,85,73.84,68.94,4.9,6.64
RouteID_1913e086-cf9d-468f-8c1e-2c9f749d359a,131,136.84,126.16,10.69,7.81
RouteID_1920a6ac-6a01-4350-8751-007fc5cb043e,121,154.83,156.02,-1.19,-0.77
RouteID_192b99c5-28e2-4f51-9dd7-e572d95b0e6b,159,177.56,197.34,-19.78,-11.14
RouteID_192ee707-ba17-49dc-aeb5-63950a3068df,177,233.48,229.3,4.19,1.79
RouteID_19426f26-c2b3-4bce-b12d-87e59abc629b,166,221.73,242.69,-20.96,-9.45
RouteID_195225a7-822c-4304-9493-b24700e33c9c,196,238.76,239.99,-1.23,-0.52
RouteID_195c1c1b-dd95-4792-a061-d001edeafdf4,175,243.36,269.2,-25.84,-10.62
RouteID_19698ca8-5565-4bad-a1a6-0c257f4da0f8,96,121.62,119.13,2.5,2.05
RouteID_1977bcd7-9028-43ad-881c-7f3a279f30ea,119,168.77,172.43,-3.65,-2.17
RouteID_1978b59e-63bf-4965-99e6-2885c88b2d00,154,183.18,184.74,-1.56,-0.85
RouteID_197f4fd2-40e2-412b-a6ee-8fc494539116,149,195.86,204.01,-8.15,-4.16
RouteID_19809838-8a26-4996-89ba-48f96d9483ae,86,84.43,82.33,2.09,2.48
RouteID_19820ca8-bc6c-4bed-9b91-92d62a2c2489,167,210.57,228.43,-17.86,-8.48
RouteID_1988c40b-64ec-45fc-95b5-31880886891f,154,198.48,231.83,-33.35,-16.8
RouteID_199e3588-2dbd-4e1a-915c-1cb2259cbc3e,165,165.38,179.22,-13.85,-8.37
RouteID_19a4e9c4-52ea-4b74-be25-ea206a349fb7,179,208.8,209.72,-0.92,-0.44
RouteID_19ca211b-955d-4fe9-a547-77b58cbb8f29,147,148.43,164.47,-16.04,-10.81
RouteID_19d4cd53-f164-4f06-b6ea-628cbd187254,65,79.06,74.09,4.97,6.29
RouteID_19d801b0-910b-46bb-ad04-7af6eb38d258,116,142.77,142.39,0.38,0.27
RouteID_19db8fb3-607f-49a0-82ae-99815d5f99bd,194,217.09,217.86,-0.78,-0.36
RouteID_19df4318-f091-49de-af4f-2d37a7a7be63,152,189.96,194.81,-4.85,-2.55
RouteID_19e1c1d3-5abc-4ed6-a6f0-62e5fa2b7655,111,138.68,129.07,9.62,6.94
RouteID_19f58c98-a014-44a0-89a0-000c0442610c,162,195.79,207.03,-11.24,-5.74
RouteID_19fda6ef-a2e5-4c95-8dfd-73fb9af8e0be,143,205.69,194.65,11.05,5.37
RouteID_1a004cf9-631a-46db-8be5-0906d0e99152,140,240.67,208.74,31.94,13.27
RouteID_1a02d09f-2690-4564-87fc-b6d36045e5ba,70,84.34,79.89,4.45,5.27
RouteID_1a1c58bc-db53-45b1-b742-7ac3396550e3,146,218.89,241.19,-22.3,-10.19
RouteID_1a279ac2-41aa-4a5e-85de-061f3475896c,189,253.31,228.75,24.56,9.7
RouteID_1a2bfa66-0a93-4e55-a261-0e341b6f05b6,181,214.72,236.03,-21.31,-9.92
RouteID_1a48f1f3-d2a2-4431-a078-18f832745700,173,188.25,201.67,-13.42,-7.13
RouteID_1a4903de-1a85-4bca-921a-f746c68fbf7a,150,266.98,245.83,21.14,7.92
RouteID_1a4e2edf-3fde-409f-8bf6-f01ff98d5afa,158,189.65,191.87,-2.22,-1.17
RouteID_1a6e1961-680a-4b15-8758-33328d2704b1,183,220.78,231.81,-11.03,-5.0
RouteID_1a6fb97c-0be1-475a-bbf6-766a0e1b7e63,183,163.01,156.19,6.82,4.19
RouteID_1a820acb-b9e5-41ee-958b-7da046bf5a9f,105,144.52,149.18,-4.66,-3.22
RouteID_1a8ac95b-7221-4fc1-b675-87d2f8ea22d2,173,148.62,141.27,7.35,4.94
RouteID_1a94ce0a-8057-4932-a90b-0999038e84a1,116,101.06,101.41,-0.35,-0.35
RouteID_1a9f234d-bdc8-43eb-b24e-089a7118af96,168,152.93,139.03,13.9,9.09
RouteID_1aa6f111-735e-4c56-9aad-65f08c4aed70,133,114.0,113.97,0.03,0.03
RouteID_1ab691cd-3e3b-4511-9c5e-6b85469b0d0e,178,200.26,207.7,-7.43,-3.71
RouteID_1ad14451-bf0f-4a44-9b28-a95e4bf4420e,174,177.69,181.31,-3.62,-2.04
RouteID_1adcd5b6-0ad8-4349-8acb-6fa7b4e04fbf,178,189.64,209.22,-19.57,-10.32
RouteID_1b1bc75f-7da5-41a4-bb8d-1b9986545455,126,127.11,125.1,2.0,1.58
RouteID_1b1c9d7f-5648-43fc-926d-c72a027a282b,147,206.74,221.23,-14.48,-7.0
RouteID_1b26a139-64ea-4781-945e-727762ab66e9,188,236.33,233.16,3.17,1.34
RouteID_1b2e2d9f-9681-4e2f-b2e0-8a419f779123,167,221.88,249.73,-27.85,-12.55
RouteID_1b30cea6-7dbc-4120-8c40-1c603e7149ac,101,110.45,125.57,-15.12,-13.69
RouteID_1b39513c-8631-4955-8fb7-126ab6cfa3bb,182,236.64,251.73,-15.09,-6.38
RouteID_1b3dc840-1ac3-440c-a759-1358d1197eb8,104,129.22,140.3,-11.08,-8.58
RouteID_1b43bdc9-459e-4319-981c-af3f19b4bcf5,60,58.53,53.2,5.32,9.1
RouteID_1b50ac13-dc08-4d83-a150-ba6f31d29531,126,168.93,165.59,3.34,1.98
RouteID_1b518807-a450-499d-8a69-263a2bbc778b,106,133.48,134.1,-0.63,-0.47
RouteID_1b51b13d-7396-4dee-ac38-2d4b0b0e3c63,134,188.08,192.27,-4.19,-2.23
RouteID_1b53d10f-79ec-4e35-bb9a-bd0707d01002,160,131.74,136.08,-4.34,-3.29
RouteID_1b6506c9-bdb0-4a5f-a563-7460431b723c,150,203.38,187.04,16.34,8.04
RouteID_1b74928a-a484-4726-a525-f970849cf164,150,176.43,173.48,2.94,1.67
RouteID_1b76b670-184e-4565-872c-5d9f29442fd5,122,107.61,102.65,4.97,4.62
RouteID_1b77ba33-65ce-4eea-b8dd-a5c6ed63ea59,126,137.93,157.64,-19.71,-14.29
RouteID_1b797698-3bf4-435b-b5b2-b5ee3befef5a,123,181.87,177.28,4.59,2.53
RouteID_1b831b48-5ba3-4f1b-b994-992a9305259a,143,136.03,140.84,-4.81,-3.53
RouteID_1b9177d7-bdef-4b64-97d4-b07badecf8a0,128,90.4,89.02,1.38,1.52
RouteID_1b9d3708-e98c-4f60-a474-4b24a3814fb8,75,73.57,74.22,-0.64,-0.87
RouteID_1bbea6ae-dbc1-405d-b922-0e9cb3681f25,203,248.34,260.77,-12.43,-5.01
RouteID_1bc5771b-4d0f-4b2d-99c7-0bad1a189e2a,146,198.82,191.31,7.51,3.78
RouteID_1bcf3f03-bb29-4cef-a5b5-d48ba2edbc4d,130,197.35,196.45,0.9,0.46
RouteID_1bd61f8c-b017-4b0d-ad40-f0dd96ca7824,152,204.95,211.07,-6.12,-2.99
RouteID_1bddb94a-e8eb-4f48-ab36-907649bf707b,153,165.76,162.98,2.77,1.67
RouteID_1be05be5-4fd0-4338-8959-f55f90168d35,82,136.75,158.83,-22.08,-16.15
RouteID_1bfbbc25-b21c-46ea-9d2e-0b50b414e15f,169,212.09,224.25,-12.17,-5.74
RouteID_1c045cf9-85a3-4800-9955-dd09a955d4a6,151,187.76,185.95,1.81,0.97
RouteID_1c06cf4d-9283-4bc3-9d85-1c647e4ad0b1,160,181.04,199.1,-18.07,-9.98
RouteID_1c1779ec-f46f-4ece-a647-da835f52ec85,185,193.8,201.41,-7.61,-3.93
RouteID_1c4f16b6-cf1f-4a87-a82d-8705980cad11,125,176.32,184.28,-7.96,-4.51
RouteID_1c573c3b-a152-4d97-be0f-524cc851337d,177,179.95,175.82,4.13,2.29
RouteID_1c730123-1d5a-4720-987a-13a6e6c8d8a6,185,194.83,214.49,-19.67,-10.09
RouteID_1c7775d9-bddf-498a-9a34-ce0ed33936ac,158,171.07,190.37,-19.31,-11.29
RouteID_1c9a58b8-a25b-4b4c-9d90-cfbd5e64f7b6,116,250.71,282.65,-31.94,-12.74
RouteID_1ca0098f-00f2-422d-ac71-ec425382e47c,137,167.58,166.25,1.33,0.79
RouteID_1cbd09cc-61a3-4299-8220-a911afacbc74,182,221.39,248.74,-27.35,-12.35
RouteID_1ccdcb04-9058-44b0-9bca-00b8f237d096,155,249.08,252.82,-3.73,-1.5
RouteID_1cd900c1-dda3-4fbd-87d6-8d4293eb7ba7,148,187.96,198.73,-10.77,-5.73
RouteID_1cdff6d0-ddfa-4b3e-a57a-983da651c5c3,120,168.22,178.8,-10.58,-6.29
RouteID_1cef8c8c-cc49-4d87-8b62-a777b4189d1c,166,180.98,180.91,0.07,0.04
RouteID_1cf58ace-5e38-4a8e-a10e-9548030d3445,183,218.64,220.05,-1.4,-0.64
RouteID_1cfa272e-cb3d-4ea4-9cac-dc6dc356d7f0,197,163.8,168.38,-4.58,-2.79
RouteID_1d25e26b-3dc3-49e7-9997-2e528cd0b234,107,114.7,120.53,-5.82,-5.07
RouteID_1d2a0c4e-f475-41e4-a159-474e3ef3fc18,169,217.66,233.77,-16.11,-7.4
RouteID_1d2aa8bd-29b6-459b-a0ee-8fc93c9e27f9,100,131.77,137.17,-5.4,-4.1
RouteID_1d2c080b-ab50-4789-91ab-a094091b9124,153,162.21,161.31,0.9,0.55
RouteID_1d32a11d-cbb8-4273-a18a-5b0b37c5d259,131,161.34,164.66,-3.32,-2.06
RouteID_1d46b6e7-a26b-4a92-b6f5-30f768ecba63,154,256.32,253.03,3.29,1.28
RouteID_1d50d79d-5b85-4811-be2b-0656ad68e1ef,140,200.35,212.35,-11.99,-5.99
RouteID_1d600c35-25f3-47da-af06-d979d32bdab5,143,141.83,133.08,8.76,6.17
RouteID_1d6a4033-59f4-4930-bbcc-ce4245b001bc,151,156.3,163.73,-7.43,-4.75
RouteID_1d916cbe-36b2-49af-8025-e086007be433,155,161.55,174.25,-12.7,-7.86
RouteID_1d917b81-56cf-40b4-acc5-32c12b3c5954,170,225.48,235.77,-10.29,-4.56
RouteID_1d9debe1-294a-4bda-80a6-d2aef1c7911a,167,205.67,224.25,-18.58,-9.03
RouteID_1dc8b0f4-66fa-4251-b56c-17a225588c0b,58,52.61,51.57,1.04,1.98
RouteID_1dd875ff-da1c-4707-b6dc-892447100d76,177,231.72,248.48,-16.76,-7.23
RouteID_1dda72a4-d8ed-4d6f-9218-bd1b62822a2e,190,224.37,233.97,-9.6,-4.28
RouteID_1de260a1-709e-4983-973d-6ad3b8be1807,161,149.9,149.23,0.67,0.45
RouteID_1de3bb54-6762-4c39-803d-2416f9facd9a,135,185.23,179.97,5.26,2.84
RouteID_1de9b155-f021-47b8-912d-fb5d6fc28c05,147,192.09,175.04,17.05,8.88
RouteID_1df23b11-f266-439c-bd6d-58fb47700d19,148,180.92,173.6,7.32,4.05
RouteID_1e0a7f96-96fc-4877-9544-16a224eddcb7,142,246.12,243.27,2.85,1.16
RouteID_1e10e389-0caf-47d4-a448-d332c78c6dfa,125,130.09,137.29,-7.2,-5.53
RouteID_1e29d69b-f9d4-4385-a84a-272337bcacae,177,217.47,211.3,6.17,2.84
RouteID_1e2d4976-9091-4f47-be98-beb73f038079,146,172.95,171.52,1.42,0.82
RouteID_1e2fe8f9-a129-44c1-96a1-0582a859fe9e,86,70.16,65.03,5.13,7.31
RouteID_1e32c066-28f4-4e7d-a2b8-7d3bf5dbca80,166,262.31,296.18,-33.87,-12.91
RouteID_1e3c7d27-aad4-4440-b1f5-529a2a0b09a6,127,139.55,144.12,-4.57,-3.27
RouteID_1e46b24c-0893-46f4-9caa-9f6ab4ce433b,125,141.9,145.63,-3.73,-2.63
RouteID_1e4f9774-6d7e-4117-acb7-a67d5ce38351,143,179.5,204.56,-25.06,-13.96
RouteID_1e59fe32-ef5b-4126-8487-6f519c3ef5fc,135,120.31,124.51,-4.21,-3.5
RouteID_1e5e41a6-607e-4cd2-8fa5-e9ff71291486,162,256.4,267.11,-10.71,-4.18
RouteID_1e67087d-5472-4f38-9f5b-9851c77e886f,164,163.66,174.07,-10.41,-6.36
RouteID_1e6ec409-8ea3-4b4c-a25b-7a6b43f02d31,168,211.08,243.13,-32.04,-15.18
RouteID_1e927229-921e-400a-9945-563ce684e5f2,156,209.29,209.2,0.08,0.04
RouteID_1e94a22b-adcc-419a-92cf-633b1ccb6cc2,102,171.35,183.3,-11.96,-6.98
RouteID_1e973c83-dd32-4626-80e9-df51e737369f,109,132.56,129.56,3.0,2.26
RouteID_1e991fd4-ab43-4c56-89e5-98cdc6546b22,177,184.67,194.04,-9.37,-5.08
RouteID_1eb0403a-36b0-403e-ab48-58971290b3cc,179,241.62,246.17,-4.55,-1.89
RouteID_1ebfb135-24f3-4f47-a7e2-3677af697b48,184,211.24,208.72,2.52,1.19
RouteID_1ec9500d-bfa3-42a2-b384-72fe09c0606e,164,206.52,221.69,-15.17,-7.35
RouteID_1ecf0717-d72a-40b6-ac12-109f19d64e6d,192,266.8,288.87,-22.07,-8.27
RouteID_1ed04d3b-212a-44ed-8650-70342e92cbdb,138,193.61,204.5,-10.89,-5.63
RouteID_1ed090bd-c952-4c53-a1e7-2ec137403e30,149,198.11,222.42,-24.31,-12.27
RouteID_1ed3ac03-71d8-4ce2-88cd-34d74caaf408,181,207.05,228.87,-21.82,-10.54
RouteID_1ed77193-681d-49c9-b80b-0e4e7d869f7c,83,106.11,98.82,7.29,6.87
RouteID_1edb725a-b5a6-43e9-b869-4889b6590b86,194,205.33,206.94,-1.61,-0.78
RouteID_1eed4233-a441-4b03-bf72-01704addecf4,160,220.79,232.8,-12.01,-5.44
RouteID_1f001637-c8f0-455c-9af7-b762d9bf7c4b,172,217.74,234.45,-16.71,-7.68
RouteID_1f0fe1f6-4a53-4d9b-a82f-27a285319ad6,149,192.37,183.29,9.08,4.72
RouteID_1f2fbcc9-a5fc-48c7-8b05-499b99270fbe,171,202.68,232.68,-30.01,-14.8
RouteID_1f3637cf-a90a-4d2a-88be-0754b9ab6c8a,106,159.23,153.62,5.61,3.52
RouteID_1f387e67-ca90-45e7-a476-b123cd371570,147,192.61,198.56,-5.95,-3.09
RouteID_1f421293-d24b-437e-886d-f976e2b269ff,160,172.79,168.97,3.82,2.21
RouteID_1f592c48-8646-4194-b6a3-d5fd027e11b5,156,185.16,197.17,-12.01,-6.48
RouteID_1f5a2cf1-c0c2-4b49-aefd-36180307a928,187,259.35,262.9,-3.54,-1.37
RouteID_1f6c4c20-fcf5-42cc-84b3-18b63ccfc15a,201,248.35,257.37,-9.02,-3.63
RouteID_1f70b9e7-0b4d-43b0-9cc5-b006f0deb68a,188,241.19,239.27,1.92,0.8
RouteID_1f7ab2c9-901b-4965-805d-8a657a5cc202,118,155.5,161.92,-6.42,-4.13
RouteID_1f7efc30-c2a1-4f42-89d6-c65228170bd4,163,147.91,160.66,-12.74,-8.62
RouteID_1f87e385-ec61-4c65-a9b2-8aab131a6068,165,206.26,222.65,-16.39,-7.95
RouteID_1f9c0f09-90f0-432f-9d9d-4c8a682d9253,94,123.26,109.45,13.8,11.2
RouteID_1fbe679c-4bdb-4fc7-85a7-feb9c1b225d9,145,205.87,210.14,-4.27,-2.07
RouteID_1fdb54c4-b0aa-4392-b70d-b74ec73cc188,186,234.93,249.98,-15.04,-6.4
RouteID_1fe9118b-8457-4638-baca-3e8852b3b88b,110,144.55,147.19,-2.64,-1.82
RouteID_20135dab-fa42-4ec3-a0e8-5332a30be610,172,211.61,206.89,4.71,2.23
RouteID_201a299b-092d-4e00-9270-c5da718ff50d,142,196.9,208.49,-11.59,-5.89
RouteID_201ce14f-4c8c-483a-822b-3eee01cd5293,109,122.78,134.84,-12.06,-9.82
RouteID_202840e0-5faa-4f86-a4d9-0b947872ff05,184,170.93,177.99,-7.07,-4.13
RouteID_202911f2-98e1-45e2-ada8-1e670b3f5729,143,201.79,203.09,-1.29,-0.64
RouteID_2045eef9-56f8-4aa9-94c1-a508624af0d7,172,209.78,217.7,-7.92,-3.77
RouteID_2056a5f3-6701-4105-9ca3-0ab051db6f7d,135,168.42,158.42,10.0,5.94
RouteID_205a07b4-2a36-4af5-95a3-7e115f8df8f1,140,160.05,148.35,11.7,7.31
RouteID_20630d1a-2ecb-4b41-8c96-1e29e4d7b7d9,172,149.16,157.08,-7.92,-5.31
RouteID_206a30bd-2467-47df-a1e1-bf22565781a7,139,143.91,157.77,-13.86,-9.63
RouteID_207f7cd8-125d-48fa-a7f4-a7ef369b3631,164,137.88,132.82,5.06,3.67
RouteID_208540e3-8cfe-4332-a23e-6100b3969851,128,168.46,170.21,-1.74,-1.03
RouteID_20895b86-624b-4865-8f2c-70257d399cca,138,192.19,181.78,10.41,5.42
RouteID_20919dc7-de48-4086-a637-bd51354a99b4,122,131.16,124.8,6.36,4.85
RouteID_2096c85e-9c21-4ae7-a9a1-16ebba0ce7e2,173,237.82,159.66,78.17,32.87
RouteID_20a66e8d-4f4b-461f-88d0-c02c7e9a49de,134,118.81,113.53,5.28,4.44
RouteID_20a8a68b-62ad-4e65-802d-c3c293bd03d3,155,199.67,198.72,0.95,0.47
RouteID_20b0d07d-4aa8-458f-b1b4-f2c90604b7df,111,127.27,143.43,-16.16,-12.7
RouteID_20bd13a2-34ca-470d-9103-5cd4cbc09d70,157,174.78,194.84,-20.06,-11.48
RouteID_20c5ae7f-6d83-402c-9832-b3483ff5e2e4,178,234.95,209.96,24.99,10.64
RouteID_20d4fd40-d06c-42d7-a9f8-8dcf3347abb7,153,215.38,241.51,-26.14,-12.14
RouteID_20e05455-9fd9-46a2-a16d-74fbd4a9e32e,165,187.91,206.77,-18.86,-10.04
RouteID_20e08fff-80cf-4da8-8453-829af405e0fb,123,148.12,151.02,-2.9,-1.96
RouteID_20f35763-5c79-4bc8-aa2b-dfcc3a119b95,144,169.41,200.54,-31.14,-18.38
RouteID_2100cf2c-7bfc-401f-99aa-8a0ce098fa38,88,92.24,85.68,6.57,7.12
RouteID_2112d837-cf95-464d-bea4-7656648007b5,108,97.85,93.79,4.06,4.14
RouteID_211c3ad8-e644-4b1c-a0ae-023884b5a3e7,188,288.35,297.37,-9.02,-3.13
RouteID_2126194e-6cb7-4082-8e62-64246a31467b,154,248.21,247.97,0.23,0.09
RouteID_21270ccf-e916-4bda-8c22-89c5302935cd,160,230.41,254.7,-24.29,-10.54
RouteID_21308567-3e57-449f-b3a2-2dcf70c6e02b,178,205.44,192.51,12.92,6.29
RouteID_213b7b40-4955-4e26-9c08-b8e14153db46,139,168.31,169.78,-1.47,-0.87
RouteID_21423d1f-54d6-4d1d-8078-0cc2a6f5b3b6,128,187.68,179.56,8.12,4.33
RouteID_21662e0b-fe90-4d80-aee5-835c4ef6c3ac,131,197.05,199.13,-2.08,-1.06
RouteID_21796b50-b19a-4d08-933b-96fd3faab328,149,199.57,187.75,11.82,5.92
RouteID_218aac84-ff19-48cf-8713-f2fc51c2a7da,110,110.33,105.74,4.59,4.16
RouteID_219766f7-4cbc-4a00-8b91-e4e571ddafd6,173,170.79,186.98,-16.19,-9.48
RouteID_21a0b6cb-4d86-4a14-9fe0-cc16cbb12aae,108,127.56,127.63,-0.07,-0.05
RouteID_21a6e229-c311-48bb-bf9e-705955da53af,139,249.62,254.89,-5.26,-2.11
RouteID_21b2e20d-838f-436a-b34e-f50c0dd4230f,192,244.53,248.32,-3.79,-1.55
RouteID_21b5259d-26d9-40b6-b660-8a8c5f1d0b10,187,211.5,222.58,-11.09,-5.24
RouteID_21bbc501-c1c3-4684-b1a9-5e262b2aa533,155,188.43,175.99,12.44,6.6
RouteID_21c6b91e-4f21-4418-bacf-31d4c2123a61,200,225.02,242.42,-17.4,-7.73
RouteID_21c7c569-c6fc-4630-bfcc-ba285bb4bed4,144,176.89,189.47,-12.58,-7.11
RouteID_21df2f3f-c077-42f1-8f2b-1917e91bf7ae,169,196.5,195.57,0.93,0.47
RouteID_21e13e3e-ea4a-4556-8b7f-3ddd7c20b1a9,155,151.4,141.65,9.75,6.44
RouteID_21e21674-08e5-49de-8b6d-1935bd1a0bfd,141,94.21,99.11,-4.9,-5.2
RouteID_21fc036b-f84b-4819-b4c5-d9c375736b8d,181,248.26,242.65,5.61,2.26
RouteID_21fd4b83-47a1-4f46-856d-99c3620aead4,193,223.99,238.51,-14.52,-6.48
RouteID_2208bc69-eeda-4c45-8aa0-d411f161ec82,110,162.97,155.91,7.06,4.33
RouteID_221006e8-0192-41a8-bbc2-8cd5e93cb414,146,179.76,191.55,-11.79,-6.56
RouteID_22108821-b296-4945-8abd-80a4f6f8416b,142,201.28,177.25,24.03,11.94
RouteID_221415f7-0b8c-418a-8df4-72b5d55f805f,163,196.55,191.09,5.46,2.78
RouteID_2229bf31-ca99-42de-92ad-f68ca87aa938,182,214.28,208.96,5.33,2.49
RouteID_222aa34d-c09a-4066-b7d1-0b6248a628d8,179,217.47,234.25,-16.78,-7.71
RouteID_22444069-c6d3-465c-92ab-9bc14bc88128,119,179.54,187.42,-7.88,-4.39
RouteID_224443a4-e6e6-45b5-b387-c9c8e8d282ab,182,207.6,209.63,-2.03,-0.98
RouteID_224cff48-e27f-4ed2-93be-9bd1ee4e23ae,197,186.4,202.68,-16.29,-8.74
RouteID_2253198e-12b5-40a7-87a2-5a1f82c69664,158,203.58,199.23,4.35,2.14
RouteID_22769bd8-d76a-48d9-91d4-f55623723031,164,217.91,233.65,-15.74,-7.22
RouteID_2280583f-ff5f-40ba-8ce4-b7456bac42e6,180,194.69,199.41,-4.72,-2.43
RouteID_2281501d-eb67-4e77-b4b5-493b48303b85,142,154.47,153.09,1.38,0.89
RouteID_228eecc6-2e73-4007-b820-ab95e25fcb10,148,147.04,156.45,-9.41,-6.4
RouteID_229fb2a8-22ea-45ce-8d6b-8baad17e68d6,151,145.39,140.1,5.3,3.64
RouteID_22cad670-8cd8-4474-99b8-46d028105cbe,142,172.73,194.21,-21.48,-12.43
RouteID_23164f7e-7f7a-488b-ada2-14bb6438244f,175,154.21,167.41,-13.2,-8.56
RouteID_231a5734-7e28-417a-920b-8e9d6a92f3f2,166,158.53,163.01,-4.48,-2.82
RouteID_23296b6f-3aaa-41e7-ae8b-784d5a5b2f42,167,193.32,199.36,-6.03,-3.12
RouteID_234eb5ab-bcc6-4c30-9d2c-5c30bac9c8c8,90,116.95,87.8,29.15,24.93
RouteID_2352d8dd-8b8f-45d3-817b-97c3168b92eb,166,187.08,183.06,4.02,2.15
RouteID_235d19db-3c94-4c84-9c5a-eb68d02db745,153,171.26,150.28,20.98,12.25
RouteID_23701972-4472-417b-b765-f179365dcda4,140,178.2,190.09,-11.89,-6.67
RouteID_2373a90f-1bb6-495f-a6d9-4703d25eabb0,153,161.81,172.56,-10.75,-6.65
RouteID_2375850b-a32f-4980-ae9b-d5f78ed8234a,128,164.3,177.95,-13.65,-8.31
RouteID_23815967-90b3-440f-8a88-983526aa2399,183,219.27,229.17,-9.9,-4.52
RouteID_238f97ca-a9ce-49fb-a2e4-de9aec626872,120,148.67,150.66,-2.0,-1.34
RouteID_2390320a-51ef-4b0b-a3a4-841069ae96f7,145,221.92,231.76,-9.84,-4.43
RouteID_2399e86e-3ba0-4b23-86a9-cd40c0cb9827,73,75.02,71.9,3.12,4.16
RouteID_23a4db78-e602-4a3b-9c93-c7096870bff1,115,180.51,167.58,12.94,7.17
RouteID_23aeb7ee-1a27-4c91-a7e8-79469a3553b0,124,122.52,124.48,-1.96,-1.6
RouteID_23c8d774-db49-4261-822c-544ade30587d,159,213.33,244.71,-31.38,-14.71
RouteID_23e678b0-6142-4dc4-9738-0c5662c2b0f9,125,97.42,98.66,-1.24,-1.28
RouteID_23e7cc10-ea67-4afe-93cd-b5efbd44a50f,104,101.21,95.42,5.79,5.72
RouteID_23eadc26-b151-45a4-ab63-2ce89356fe34,146,182.44,188.91,-6.47,-3.55
RouteID_23f737be-6f72-41f1-9045-a0ab0e93e641,126,152.88,160.8,-7.92,-5.18
RouteID_23f8540b-c32c-40a9-81f7-dc5d00a61853,140,207.07,201.71,5.35,2.58
RouteID_23fc49d1-fefb-46de-a389-6defe188f030,199,211.4,232.4,-21.0,-9.93
RouteID_2409ba0e-b05c-4ab4-a520-39362139d469,188,272.74,294.54,-21.8,-7.99
RouteID_240a0e5b-a0d8-4319-9227-ef188892de74,144,184.23,191.02,-6.79,-3.68
RouteID_24304711-8032-4b9d-965f-f27faa7ea0f4,188,239.94,254.84,-14.9,-6.21
RouteID_2432a106-e369-4f96-8486-d7aa017afd5a,127,133.81,130.92,2.89,2.16
RouteID_243542e7-6800-42a9-8cd1-c22e2ff92388,184,204.74,213.5,-8.76,-4.28
RouteID_2438aa1b-bbc0-490e-8ecf-ae4fcf444217,193,203.69,225.31,-21.62,-10.61
RouteID_243a58dd-f744-4760-bcd1-b77e8cfb669d,179,169.14,166.66,2.49,1.47
RouteID_2441a8a6-182d-4c56-8076-601bdfa7a28a,143,121.33,125.84,-4.51,-3.72
RouteID_2446e4f5-7bbf-4d7c-a9d6-e6ee67ce9025,158,188.58,198.75,-10.17,-5.39
RouteID_2453faf2-7901-441e-ae16-14c5539a1b87,111,111.39,101.26,10.13,9.09
RouteID_245cb9b3-10a1-40fe-be1f-031a5b62bb36,163,335.2,348.82,-13.62,-4.06
RouteID_245f1b63-99ed-42f4-8a28-9dc712889120,190,164.63,176.37,-11.74,-7.13
RouteID_246a39ad-d8dd-4776-9ce3-d664dd97e7a9,165,215.0,244.03,-29.03,-13.5
RouteID_2471d71e-05dc-4421-9d98-94765d41654d,202,254.93,259.1,-4.16,-1.63
RouteID_2476440f-21bf-4005-afe5-ae1de9e49f3a,127,113.12,118.93,-5.81,-5.14
RouteID_247b6b14-6812-47fd-846a-2b4fc01ee499,190,225.77,240.25,-14.48,-6.41
RouteID_2482fcde-d5be-4cef-82eb-cb5244d9add6,132,208.14,215.04,-6.9,-3.32
RouteID_249aad09-fa3e-4414-b300-487618c92353,174,288.91,271.74,17.17,5.94
RouteID_24ad2458-3a01-4adf-852e-421b81dc340e,196,210.88,221.34,-10.46,-4.96
RouteID_24ae40ec-b8f5-4399-8bba-035a7227a5b3,124,160.54,155.28,5.26,3.28
RouteID_24afe5b8-9923-491a-bfc1-b5285abaf694,141,190.98,191.68,-0.7,-0.36
RouteID_24bca012-b8fe-4529-810d-d2681966a9a0,104,115.53,110.07,5.46,4.73
RouteID_24c0d967-65c1-4796-bd78-58aa4f5a4fbf,194,167.34,184.22,-16.88,-10.09
RouteID_24d38b1c-3d4c-4327-b01b-fdee627ee779,111,145.38,123.23,22.16,15.24
RouteID_24e0df13-8cdd-4b3e-bb2d-ef647e24e315,188,218.57,227.92,-9.35,-4.28
RouteID_24e45617-1c72-440c-8858-87b46ff16908,163,189.32,178.5,10.82,5.71
RouteID_24fb5e01-316c-4bcd-a146-19c47d26ee47,98,109.27,106.54,2.73,2.5
RouteID_24fde177-b328-4bdc-951d-8adf46fe5885,53,66.48,57.43,9.05,13.61
RouteID_25141480-1e16-4288-b5cb-a03a227f2dd1,150,212.33,226.78,-14.45,-6.8
RouteID_25282738-a3a5-426c-913e-afaf757cb3b8,83,85.91,81.96,3.95,4.6
RouteID_252e3640-9a9e-4979-aa9d-37346d872352,135,188.43,169.87,18.56,9.85
RouteID_252ed1b5-8878-453f-b5d0-ac36ef3beb12,182,246.72,246.77,-0.05,-0.02
RouteID_253bed9c-9358-4c36-a85f-5186bd20b70e,187,234.7,246.04,-11.34,-4.83
RouteID_254c845f-d944-4ebc-ac96-3995d7c819c9,157,227.6,248.03,-20.43,-8.97
RouteID_25513a0b-fd0f-4cea-aff9-b164dced9638,147,182.95,180.37,2.58,1.41
RouteID_25530363-f3d9-46e6-a338-c15e19d73d00,141,120.38,121.99,-1.61,-1.34
RouteID_25587c48-577e-4e4a-9a93-70f5193938ca,154,212.82,241.28,-28.46,-13.37
RouteID_25630c26-a8b1-4843-afed-23c74a22b908,144,141.65,121.02,20.64,14.57
RouteID_2564c0ae-34c2-4a7d-b2b8-bf72e58bb454,169,195.07,200.06,-4.98,-2.56
RouteID_256a555c-5049-41fc-990a-e0d4cc180a1b,155,190.2,187.36,2.84,1.49
RouteID_256a9398-835a-4325-87d5-993ab9031958,84,132.09,138.3,-6.21,-4.7
RouteID_256fe43c-7ce7-42dd-aa69-4c0da72cd9a5,84,103.08,104.66,-1.58,-1.53
RouteID_25788548-0fb9-4135-81e9-eb32356cbd37,198,209.77,227.63,-17.86,-8.51
RouteID_258c7095-bc44-474c-8eca-569398ad5584,160,211.26,225.16,-13.9,-6.58
RouteID_259368c2-15b0-4b15-91d4-61c16fd3b649,128,154.86,142.66,12.2,7.88
RouteID_259cb4d0-8a23-44b8-b866-e91bce0aac88,155,197.5,207.46,-9.95,-5.04
RouteID_25a52897-99bd-4c68-b0a2-19657b5296c7,183,198.6,209.34,-10.74,-5.41
RouteID_25a68524-2145-4c72-acfc-ceac64b58221,126,97.54,100.94,-3.4,-3.48
RouteID_25ab3560-17f1-4952-bb47-0238602d8e5e,151,171.73,192.45,-20.72,-12.07
RouteID_25c561ec-1d61-405a-b748-c815198ce87c,139,186.0,182.59,3.41,1.84
RouteID_25f9290d-f84b-4024-adef-8dcee0803120,161,209.73,229.94,-20.21,-9.64
RouteID_25ff6914-caaa-453a-8f1e-7ff12b86845a,71,82.59,81.57,1.02,1.23
RouteID_26102b64-9659-4cc0-ba7e-26b039f8e74e,153,175.93,192.89,-16.96,-9.64
RouteID_26107a4c-255a-44e5-a07c-38bd019c5e38,145,184.66,196.6,-11.94,-6.47
RouteID_261881f3-9a40-41c2-9ad6-b39b026be2ea,129,129.78,131.12,-1.34,-1.03
RouteID_263b3a26-f295-4887-bf1f-bd576bf8f4a0,157,177.6,191.71,-14.11,-7.94
RouteID_263d06d8-5d33-4805-b015-24035935f09c,133,129.97,123.67,6.3,4.85
RouteID_2650e048-a128-456f-bfc1-bda2c15caa58,187,209.42,212.8,-3.38,-1.61
RouteID_265a19a9-f84e-43de-971a-60135e7a2b0c,194,235.96,255.02,-19.06,-8.08
RouteID_2665b4e7-2866-4883-b1b1-dec927ebca68,155,193.33,216.79,-23.47,-12.14
RouteID_266a5226-2fa6-4393-a1a8-0344c68f608f,129,140.26,133.99,6.28,4.48
RouteID_2677b6d6-e48c-45ab-8ba0-6b05df8d9347,153,167.48,176.29,-8.81,-5.26
RouteID_267c2f73-ca2e-408f-8709-a31ad15d1e02,148,191.12,201.45,-10.33,-5.41
RouteID_26858633-d33e-4cd0-a9ee-afed9e2a6f08,170,224.63,239.68,-15.04,-6.7
RouteID_2686bf9e-c4c7-4e24-8f60-e3964000a999,80,143.26,136.39,6.87,4.8
RouteID_268eff3d-26e0-45d4-89dc-7e7c9ef621f6,162,209.29,228.37,-19.07,-9.11
RouteID_2692a8bb-9c37-4fb3-99a2-7b3bfba022ec,192,181.81,190.04,-8.24,-4.53
RouteID_26982664-0e33-4ac8-97e0-d1bac514c109,152,219.24,231.38,-12.14,-5.54
RouteID_26bb5fb7-7e66-412c-8e16-7044981e803d,153,230.76,233.86,-3.1,-1.34
RouteID_26c48705-41ac-4738-8ecb-fa4cf515f23c,144,183.13,194.63,-11.5,-6.28
RouteID_26c7f6c7-9fe6-4fd8-af4d-9727f9cf8b7e,133,145.26,149.84,-4.58,-3.16
RouteID_26e0204c-6a2f-48cc-8a20-c4245529f432,160,237.45,256.14,-18.69,-7.87
RouteID_26e5842c-21ee-4205-b6b9-42ece3779e00,169,175.78,190.97,-15.2,-8.64
RouteID_26e8b143-7eb9-4636-8fb9-7698e28038d4,180,168.49,165.13,3.36,1.99
RouteID_26f49757-25e2-4b80-bfbf-369e9dd72596,156,164.67,188.74,-24.07,-14.62
RouteID_26f77562-2448-4590-8be2-3c71efcfecc7,143,171.96,180.06,-8.1,-4.71
RouteID_27239d73-421c-471c-9d51-f97ead3ef44c,160,216.55,210.58,5.96,2.75
RouteID_272e2b3f-dc0e-40c7-b5cb-97da39aca7f3,101,121.19,122.37,-1.18,-0.97
RouteID_273f019d-055f-4660-9585-ba7f4356afbc,138,145.33,141.84,3.49,2.4
RouteID_27457d8b-d66e-4520-beaa-3154429be0af,161,190.08,194.84,-4.76,-2.5
RouteID_2747ad67-4e73-4c09-a2c9-a10fa86de44c,150,165.08,174.8,-9.72,-5.89
RouteID_274d6324-eb53-4367-8bf1-e1cd2e9542a2,192,198.7,220.41,-21.7,-10.92
RouteID_2782d7fe-fb2c-4dae-bf2f-f4b9374c7cd0,144,160.71,152.55,8.16,5.07
RouteID_27852611-48c9-4437-8813-c792bb3ba4c5,126,139.18,144.47,-5.3,-3.81
RouteID_2789a213-5b36-4b29-83b0-a37661c7d74b,104,100.2,97.46,2.74,2.73
RouteID_279efe04-6c1b-4642-a50b-c7d01cc7c281,142,158.49,177.56,-19.07,-12.03
RouteID_27a13394-ad93-421b-847b-1f876bb72551,148,176.02,184.54,-8.52,-4.84
RouteID_27ab27a3-8730-41b1-a2ae-7103e41c5648,135,134.7,133.21,1.5,1.11
RouteID_27cd5f71-c3fc-4867-9161-89157bba7829,141,206.03,221.49,-15.46,-7.5
RouteID_27e7a3e3-8200-4625-9413-73d5ae9e75d5,144,195.71,196.32,-0.61,-0.31
RouteID_27f4dd50-fb11-4183-95e1-677b9c4013a7,86,98.16,97.87,0.29,0.29
RouteID_28044da1-d2cd-43b8-ae84-9611bdcdd4f9,172,227.88,228.64,-0.76,-0.34
RouteID_280ce5c1-9aec-481a-a318-9171b0283ec7,139,147.26,160.89,-13.63,-9.25
RouteID_281913a8-6047-4d53-9001-f1414a5ca5bb,184,198.92,208.2,-9.28,-4.67
RouteID_281bd997-0081-482e-82bf-c7b977a75fc3,167,212.42,189.79,22.63,10.65
RouteID_282054c9-5995-44ff-a8e5-d6e765ce536a,174,228.71,216.06,12.65,5.53
RouteID_2834378b-e535-4050-8e7e-2f130c503d04,155,225.52,238.27,-12.75,-5.66
RouteID_283728b0-d218-4850-ad6b-f0cd49dfee10,199,238.75,233.15,5.6,2.35
RouteID_2838e580-84d0-414b-b931-acbc9159af6f,132,148.93,138.19,10.74,7.21
RouteID_2839fd0d-8644-4f18-a484-5de540e74ca4,165,215.99,201.42,14.57,6.75
RouteID_2840ae21-5153-4723-a7ea-4fbf673d0e32,122,164.62,166.77,-2.15,-1.31
RouteID_28504ffe-d16e-4e9b-bf85-08f5900cc2ef,196,226.66,245.45,-18.79,-8.29
RouteID_28589b3c-03fb-4507-84b0-f555ff5d3668,174,243.3,254.21,-10.9,-4.48
RouteID_2859fe5b-2154-4b0d-97d1-1dae8046e5a9,155,146.38,153.81,-7.43,-5.08
RouteID_285e625d-bc90-4c58-aa34-b2ea3e5d7dbc,160,250.77,255.1,-4.33,-1.73
RouteID_286b7da2-196a-4ff1-9c2a-168cc6c7846a,147,174.54,158.95,15.59,8.93
RouteID_286cab0d-d16c-4704-95ea-54694260f7c1,146,206.8,231.97,-25.17,-12.17
RouteID_28704a32-2025-49c6-8a0d-694dba171b5b,109,102.96,100.6,2.36,2.29
RouteID_2872b642-b7c0-4a84-8309-30eb57dfb2a9,162,204.98,212.9,-7.92,-3.86
RouteID_28841b3e-445e-4fbe-a232-61b2f8bd4bb4,134,155.95,156.19,-0.25,-0.16
RouteID_28889373-ef6c-4afd-9033-0d12bb53ab7c,138,125.33,119.46,5.86,4.68
RouteID_28910b4b-2c09-47ac-9bc4-958bd945ddf2,132,225.07,222.62,2.45,1.09
RouteID_289592b0-5a6b-49ed-ba11-fd8cc809cbf6,161,177.61,179.7,-2.09,-1.17
RouteID_2898b093-0ad9-42fc-861a-0eb4b83b0aae,151,185.29,203.67,-18.38,-9.92
RouteID_289f1d66-3b9c-4b33-b2cf-aec8c61ed4c8,150,171.62,169.37,2.25,1.31
RouteID_28b8c8d6-e3fb-4e42-82d9-fbca52be6548,157,124.8,109.9,14.9,11.94
RouteID_28d67c66-d08b-4649-8606-d62eed956a64,180,219.33,226.17,-6.84,-3.12
RouteID_28d7153b-88cf-4d62-bdab-f4f592ce1633,199,219.43,230.21,-10.78,-4.91
RouteID_28dcb8b9-9444-4a04-882d-89671af4ebb3,159,210.74,217.25,-6.51,-3.09
RouteID_28ec2660-8391-4df1-a040-3945cb182366,176,242.7,235.62,7.08,2.92
RouteID_28f520bc-5d78-48b2-bfa6-1e7a92060418,163,191.53,181.51,10.02,5.23
RouteID_2903c494-95a4-4f61-95fd-d06bd8b9e489,154,251.51,289.48,-37.97,-15.1
RouteID_2908fe3f-1221-42bd-a710-49d639c8ccaf,192,195.02,205.91,-10.89,-5.58
RouteID_2916af17-f6fe-4ddd-8da9-61028e615a76,136,188.14,194.64,-6.51,-3.46
RouteID_295a03aa-b57c-49d0-83dc-b2b53be5395f,177,227.75,248.95,-21.2,-9.31
RouteID_296423bc-0a6d-4c0b-a174-ca312d3eec90,157,225.6,251.45,-25.85,-11.46
RouteID_297051bd-e585-4ce2-a9d3-db791afda2a0,152,164.26,167.4,-3.14,-1.91
RouteID_29917fb0-1683-4389-93a9-cd2818e18661,104,118.44,114.15,4.29,3.62
RouteID_29965a6e-db89-4ecb-a264-93446766664d,180,179.88,168.39,11.49,6.39
RouteID_29b8a0f0-7b87-44a8-9af8-07858bc540ed,140,216.78,230.34,-13.56,-6.26
RouteID_29c3da5b-1028-4cfe-a50a-bfd9a3903663,187,232.58,227.48,5.1,2.19
RouteID_29ccfbd6-9f94-4a83-b6c0-ee4401205524,163,197.2,218.18,-20.98,-10.64
RouteID_29cdfe57-93a2-433d-8cdc-d26ae8e41ea5,181,209.22,218.59,-9.37,-4.48
RouteID_29d2c0c3-8485-4c3f-bb66-e53141f033a6,146,167.64,174.02,-6.38,-3.8
RouteID_29dc4397-6d33-4ee2-b5a2-9c2a40f9cb9d,147,187.81,208.56,-20.75,-11.05
RouteID_29e0f502-b585-4ed8-82a3-e851e3e373a4,128,124.57,130.46,-5.89,-4.73
RouteID_29fc33e3-6797-4a74-b81b-bbdc27ea876a,167,261.57,267.99,-6.42,-2.45
RouteID_2a01ff7e-eba0-4635-94d2-d29c7ba1814b,154,186.44,172.92,13.52,7.25
RouteID_2a07cb21-7891-47c8-8ac4-fff22341e072,112,173.02,162.79,10.23,5.92
RouteID_2a0c2032-6756-4924-8c33-1b7de78e90af,133,217.03,213.41,3.62,1.67
RouteID_2a152fdc-4693-47d7-8c8a-ec8948e3d457,144,184.19,204.04,-19.85,-10.78
RouteID_2a1cf8ff-c7c6-4cf1-9cd5-f6e755cfa42f,115,127.68,126.78,0.9,0.71
RouteID_2a3c3182-75fb-49c1-8408-7309fc4e54d6,205,204.77,219.73,-14.96,-7.31
RouteID_2a3c968f-3d2e-45b4-aa76-cb1f184028e8,179,228.4,234.81,-6.41,-2.81
RouteID_2a4643c6-209e-4506-8f50-f1f35e067fd1,142,180.04,193.21,-13.16,-7.31
RouteID_2a47a964-83e9-492b-a938-57f2f56174d0,99,116.92,101.14,15.79,13.5
RouteID_2a4b476d-0482-4569-8998-febb509aeae1,186,223.94,218.66,5.29,2.36
RouteID_2a4bf2a2-524b-4c25-b1aa-7352e271a73d,100,97.0,96.61,0.39,0.4
RouteID_2a4d67bb-7a38-4a46-8cb7-a314e53f8c30,126,215.6,225.56,-9.96,-4.62
RouteID_2a5047f9-89c2-4b3e-ba1a-fe13e307086b,138,184.53,194.02,-9.5,-5.15
RouteID_2a516e4b-d76f-41c2-8a4d-4bef43dee009,152,181.59,179.59,2.0,1.1
RouteID_2a557de5-2e64-42e1-b63a-19e83d02c766,95,108.33,97.53,10.79,9.96
RouteID_2a58ebbc-9f25-4389-bcc3-96c14515b07e,175,186.57,201.74,-15.17,-8.13
RouteID_2a68954f-aeb1-4351-94a3-2237f19f1ac9,147,201.74,183.78,17.96,8.9
RouteID_2a6cf9f5-f3c8-47c6-9020-20e2f87e2642,204,229.33,241.29,-11.96,-5.22
RouteID_2a725e0e-2294-4fd3-85d1-f9530d041185,184,223.99,238.86,-14.87,-6.64
RouteID_2a769750-b77d-48a2-ac37-0996bf4c7ee9,136,258.17,256.47,1.7,0.66
RouteID_2a8ca95a-19c2-4f43-a2aa-8ccc01db4745,83,122.13,116.38,5.76,4.71
RouteID_2a8dcbe6-bc22-4975-9d4e-b789a5e2449d,102,126.14,125.79,0.35,0.28
RouteID_2a92ffd3-7eb0-4b1b-a101-ad6ef76782e0,115,135.94,130.53,5.41,3.98
RouteID_2a957ed6-9364-41c8-b4f1-c6a9c8683c1b,146,124.26,128.51,-4.25,-3.42
RouteID_2a9698ca-20e3-4fe4-87da-b221990bd14d,154,140.66,141.71,-1.05,-0.74
RouteID_2aa52b16-af1e-4071-a9f8-ea2a327aae64,184,207.59,221.81,-14.21,-6.85
RouteID_2aa72e48-3ca8-43e3-8fb5-b1a625f920c0,100,99.43,107.17,-7.74,-7.78
RouteID_2aae8f86-6d8b-49cc-bbe3-8b1c4f267335,116,144.65,135.7,8.95,6.19
RouteID_2ab987ec-cfee-451a-8609-7970c57c6829,103,134.74,128.17,6.57,4.87
RouteID_2abe9f9e-820b-4bbf-91df-28eb3937007e,177,282.27,289.8,-7.53,-2.67
RouteID_2ac18e73-d6c5-4560-a8a5-40800377c223,178,262.15,265.33,-3.18,-1.21
RouteID_2ac24699-eee5-4f52-9a18-969cb9591b49,186,201.59,207.92,-6.33,-3.14
RouteID_2acac103-196f-4d27-9571-9b68faf4cb12,126,172.8,184.5,-11.7,-6.77
RouteID_2acf257f-7eb7-4fe0-8c19-cdb2b86dd3cc,129,118.94,119.16,-0.21,-0.18
RouteID_2ad4d673-65bc-4947-b11d-2c9cda109b45,89,106.47,100.84,5.63,5.29
RouteID_2ae1d073-0d05-4c69-8f4a-2c86ce6c6a27,179,180.98,187.45,-6.47,-3.58
RouteID_2ae3daec-a9d9-45ff-895e-1d8ac879a51a,128,175.09,179.47,-4.38,-2.5
RouteID_2aee9c1c-561b-4141-873c-10760377ed8f,163,259.87,248.45,11.42,4.39
RouteID_2b033896-28d9-443b-ad1f-a9eafda0fa8b,155,202.19,204.15,-1.96,-0.97
RouteID_2b066fae-9bd4-4dfb-8d31-ade73671bc50,186,181.74,197.21,-15.47,-8.51
RouteID_2b1615e2-8fdd-4de2-86c5-5b56f663d539,163,169.25,168.17,1.08,0.64
RouteID_2b163113-f628-4811-8f86-cf25e5fb2542,160,201.54,215.09,-13.55,-6.72
RouteID_2b185eb8-39d1-4f3f-8444-0018ddc61f88,131,142.9,149.81,-6.91,-4.83
RouteID_2b1e310d-4fe0-4832-aea6-001d7db0e5e6,133,165.56,172.99,-7.43,-4.49
RouteID_2b201195-be17-4f94-ad28-f8ed91e861a8,122,219.34,205.99,13.36,6.09
RouteID_2b242e5d-aedf-400e-8cf8-f9ac000c1f29,158,249.67,258.52,-8.85,-3.54
RouteID_2b24f987-ffe7-4823-947e-b0c8cfbb1824,182,227.85,253.09,-25.24,-11.08
RouteID_2b35e0c0-df09-49b4-89f1-b4ff99ab90a4,137,154.09,165.48,-11.4,-7.4
RouteID_2b3ceb65-97c1-4326-9af9-42ace2676b49,148,130.87,124.03,6.84,5.23
RouteID_2b52633e-6b57-431f-9213-c8614105b120,122,194.75,208.83,-14.08,-7.23
RouteID_2b58ad84-acbe-49b6-a76a-5b53438571fb,155,211.04,218.84,-7.79,-3.69
RouteID_2b654a90-82cd-457b-aa02-80093faece3a,158,170.58,169.25,1.33,0.78
RouteID_2b8421af-896b-4673-9655-5d0fdae06a2c,199,242.61,246.02,-3.41,-1.4
RouteID_2b8d0784-bd3c-4632-918e-bd0f51c0ace1,130,159.55,170.08,-10.52,-6.6
RouteID_2b8df66d-fcd4-438e-931c-3b84b36a5c6b,133,193.31,188.24,5.07,2.63
RouteID_e669cae4-1bb3-42c4-a031-49bb2c656195,186,158.59,141.53,17.06,10.76
RouteID_e68006d4-764f-43a0-ad3b-e4f73c5499d9,136,160.17,159.78,0.4,0.25
RouteID_e681a281-5df7-4db5-a386-a43f4da6f693,136,226.92,233.4,-6.47,-2.85
RouteID_e68ca597-3ca4-4783-ae4f-50fc5048d8ca,166,188.94,192.9,-3.96,-2.1
RouteID_e69bc85a-9117-42b8-9cdd-a5685eae676a,183,191.48,212.24,-20.76,-10.84
RouteID_e6ac298a-4b9f-4cd3-80aa-6cff0e61c403,72,117.74,127.59,-9.85,-8.36
RouteID_e6b2af46-4a18-426d-9c87-513478543840,150,156.29,159.59,-3.29,-2.11
RouteID_e6b5dbe1-763e-4c23-8bb4-1807b1c589de,168,170.06,184.65,-14.59,-8.58
RouteID_e6c5c204-e654-48fa-b7bd-4a911794c14a,148,191.16,190.52,0.64,0.33
RouteID_e6cfb7a6-f59c-4ac1-af63-3d5b32a05824,117,169.03,145.59,23.45,13.87
RouteID_e6daa979-9489-4f77-a685-8d7ad26ab53e,171,226.21,256.31,-30.1,-13.3
RouteID_e6de8d28-7a55-4ae2-b189-3a199a52bb56,156,151.48,161.41,-9.93,-6.56
RouteID_e6ecd159-1bc9-4521-835c-a34ad21b0c21,173,160.91,159.8,1.11,0.69
RouteID_e6ee20e7-85f8-441f-b9f4-93fb6d51732f,167,176.68,188.76,-12.08,-6.84
RouteID_e6effddb-f582-4e0a-a677-6b6d11765e07,95,103.73,97.2,6.53,6.3
RouteID_e6f02459-424d-40e3-927e-b1aceb1a96a7,140,149.87,148.6,1.27,0.85
RouteID_e6f61db0-872e-4b44-9c91-11d929e7e489,137,175.55,179.88,-4.33,-2.47
RouteID_e6fce453-ea05-418d-ad5f-0f4970e15181,175,208.36,217.06,-8.7,-4.17
RouteID_e6fdc3e4-5b0f-41cd-a45e-948f2f091a97,176,236.15,232.35,3.8,1.61
RouteID_e707099e-21be-409f-a9aa-cacefc46ac6d,129,124.79,135.12,-10.33,-8.28
RouteID_e714d7f3-fed1-454f-b7b2-0d901bc28d47,145,195.55,202.69,-7.13,-3.65
RouteID_e716a63a-4973-415c-9bdb-abd2fb52c38f,79,98.09,80.01,18.08,18.43
RouteID_e71e3c25-0652-4647-9eb1-1a8218de6619,87,89.55,100.26,-10.71,-11.96
RouteID_e71f3bad-1b3f-48fb-a98b-ae7c305b8a79,155,137.55,131.66,5.89,4.28
RouteID_e7324182-f702-4bbe-a7bb-c6a58a3fd3bf,137,130.92,132.77,-1.84,-1.41
RouteID_e7389f9b-8528-47ab-8e92-b970be768fde,153,229.94,237.74,-7.81,-3.4
RouteID_e73d811b-b182-4baa-8fd4-47066acccab3,82,71.34,61.29,10.05,14.08
RouteID_e73f48a7-010b-4238-86e0-43b7676a51fd,124,121.02,107.54,13.48,11.13
RouteID_e7407307-44d1-493f-9ff0-0d9614dd31a7,156,188.64,197.97,-9.32,-4.94
RouteID_e76d12b8-901b-45b8-9ad6-dc62f984105e,162,173.66,181.2,-7.54,-4.34
RouteID_e76d133d-6d81-42e5-9f91-9c455b2ed429,59,67.83,61.56,6.27,9.24
RouteID_e7737d96-c89e-4619-9e3b-54fc2984ccae,65,81.26,76.67,4.59,5.64
RouteID_e77b696c-867e-439a-9591-62250e7c8951,189,252.5,218.29,34.21,13.55
RouteID_e787596d-c3f4-4292-aea7-9ceb4470845a,83,126.71,129.85,-3.15,-2.48
RouteID_e7924324-784d-4859-b120-1774fa09902a,134,152.24,155.46,-3.22,-2.12
RouteID_e7954802-951d-4343-9660-e80da1a9a581,160,193.9,207.79,-13.9,-7.17
RouteID_e79ea922-61bd-4e76-89d4-e889be0a10be,172,176.02,179.7,-3.68,-2.09
RouteID_e79ef17f-5d49-4ab7-88cb-52bb8d7d831a,181,249.9,278.96,-29.06,-11.63
RouteID_e7a76140-2d08-4e54-95b4-625bbeca549a,174,212.62,221.4,-8.77,-4.13
RouteID_e7b34225-9d3d-45d0-b6d1-9c207e513191,143,160.79,170.65,-9.86,-6.13
RouteID_e7bc4983-219c-4b28-a26a-1bc21ee6636d,134,157.12,149.36,7.77,4.94
RouteID_e7bceef0-724d-4ca6-b4be-c36361b132f2,141,168.81,191.79,-22.98,-13.61
RouteID_e7c60ed0-023d-42c5-a5ca-d173665b78a3,148,168.72,181.82,-13.1,-7.76
RouteID_e7cbb355-9cc1-4d41-b0ee-4084fac5df55,105,115.53,124.9,-9.37,-8.11
RouteID_e7d90bca-f04a-4502-bfb0-5914071b4712,140,180.82,176.4,4.42,2.44
RouteID_e7ebc223-b8b8-4bc0-8bc6-8871ff93b2a6,200,245.49,263.28,-17.79,-7.25
RouteID_e82411da-f7c8-46ae-8da6-ba84981edc80,126,131.86,124.49,7.37,5.59
RouteID_e824c330-2910-4d27-b3ec-3973e2d2fa32,166,181.81,184.19,-2.38,-1.31
RouteID_e8344812-c989-4853-9620-8e0913229dbe,166,178.53,182.26,-3.73,-2.09
RouteID_e84068de-6423-4fe2-8dc1-9b000d5aeb24,118,112.25,112.9,-0.64,-0.57
RouteID_e843e921-b8ad-4ee1-ab52-f08f24bc957e,196,230.55,248.84,-18.29,-7.93
RouteID_e8458ee8-5eba-4706-87c7-e0461d765203,174,217.78,232.22,-14.44,-6.63
RouteID_e8543ce8-6172-4afe-9962-ac0bba9e5462,153,178.94,196.32,-17.38,-9.71
RouteID_e868a1d9-f982-4d53-93cf-d48dc4ecc953,178,169.21,163.99,5.22,3.09
RouteID_e88e7a93-4221-43cb-8c8b-dbb8c3acaa71,178,188.14,194.62,-6.47,-3.44
RouteID_e89b8787-3b05-4c16-8c2b-89747355b151,158,193.24,184.34,8.9,4.61
RouteID_e89fb87d-9e11-46b7-9f4a-51b337cf7639,146,184.52,199.32,-14.8,-8.02
RouteID_e8a498a9-6fe6-4946-a956-212aa2ad48d3,185,193.28,203.54,-10.26,-5.31
RouteID_e8bc8642-a1e2-4758-b127-fb29aff67fad,166,191.84,202.47,-10.63,-5.54
RouteID_e8dfdca8-6178-408b-adde-2d02e5349787,137,178.59,180.36,-1.77,-0.99
RouteID_e8f41130-fa8c-4093-964c-76988c12988d,177,159.27,185.83,-26.56,-16.68
RouteID_e8fadfda-0160-40d7-8a89-7bedbe0502e5,144,144.53,157.72,-13.19,-9.13
RouteID_e903f176-6bb8-4bf9-9cba-7f45dcf93614,155,238.26,231.76,6.5,2.73
RouteID_e90fe5e6-76b2-47f6-83c6-874543fe7dc6,84,67.88,65.88,2.0,2.94
RouteID_e933a4e4-dbe2-4cdc-85e4-b6d99bd04f3a,178,247.29,268.79,-21.5,-8.69
RouteID_e9384028-2356-4ee6-b0c7-330c4847b64a,88,96.56,100.66,-4.11,-4.25
RouteID_e94aa49e-6566-454c-880f-c778502ca92a,159,228.82,227.64,1.19,0.52
RouteID_e961d38f-49f1-4bb2-b2c2-e985da51f6a4,168,205.67,204.21,1.46,0.71
RouteID_e9648a7e-a8f8-4f10-a49a-014f07641e6c,169,188.54,202.55,-14.01,-7.43
RouteID_e9665690-5c00-480d-bb07-81aec9e55c7e,151,164.48,159.74,4.74,2.88
RouteID_e96d63c6-3c4f-4e31-afa4-11798289e762,91,169.42,163.6,5.82,3.43
RouteID_e97b9afc-7b6d-4139-8d09-be696884e30c,144,160.68,145.58,15.11,9.4
RouteID_e987e6c1-7595-4ecf-8373-243c80645d1f,133,141.99,145.5,-3.51,-2.47
RouteID_e9939a49-8f0d-439f-80d9-1840dc1376ca,166,219.63,238.73,-19.11,-8.7
RouteID_e99be157-67ab-486c-9a9e-4b7c1334ec3a,94,107.96,94.96,13.0,12.04
RouteID_e99e1c5f-4c66-4673-a1f7-923fb2b1a6c9,146,190.89,196.22,-5.33,-2.79
RouteID_e9ab98e0-e0f8-4ef3-af3d-e4f6b6761a21,156,153.76,137.97,15.79,10.27
RouteID_e9aba334-43f9-4afd-891c-5b6f5343a9a3,127,157.01,171.36,-14.35,-9.14
RouteID_e9b374a0-5506-40e2-84fa-aeab6b50640b,176,205.36,222.99,-17.62,-8.58
RouteID_e9be73c7-a682-40b1-953a-7505bfd78004,137,182.17,197.62,-15.45,-8.48
RouteID_e9c65713-b13e-42e3-82b0-2e8a86c658f2,158,221.88,222.99,-1.1,-0.5
RouteID_e9d020c5-ec92-4f99-b435-4001fcc7c4cf,113,155.64,166.66,-11.02,-7.08
RouteID_e9d3238e-808f-4fc2-bc6c-a08d019a0cbb,139,182.79,199.99,-17.2,-9.41
RouteID_e9de5a97-feb0-406f-8e5e-b2d46307f639,172,176.69,189.4,-12.71,-7.19
RouteID_e9efcb1a-a601-4596-8717-6fd8252157ae,159,216.27,235.68,-19.41,-8.97
RouteID_ea0a88b0-e8f9-4833-b69e-87392b4eadbc,165,247.94,253.73,-5.79,-2.33
RouteID_ea157aa5-eb7b-4d17-8229-0b6f207511ab,165,157.03,162.95,-5.92,-3.77
RouteID_ea1a1912-8bf9-489b-bdba-f1b6daf22df4,201,222.73,235.28,-12.55,-5.63
RouteID_ea1eb6e0-b4d7-4605-a7db-fc10117a74ad,189,165.51,174.67,-9.17,-5.54
RouteID_ea265dca-1634-4aaf-ab52-64ccac1a1222,182,195.7,212.3,-16.6,-8.48
RouteID_ea421f5c-0f26-48ba-b6e1-5d31a9c7efa0,118,200.82,193.43,7.39,3.68
RouteID_ea4c4af8-5a0a-4fd5-9058-115e05a87ef5,191,186.62,196.73,-10.11,-5.42
RouteID_ea6f8789-581b-46e1-8d03-eed786cb348f,162,206.7,210.98,-4.28,-2.07
RouteID_ea7f0758-beef-4955-847a-aab2cc624135,156,202.24,194.75,7.5,3.71
RouteID_ea97278c-f9f8-4b43-a4b1-a2905df67205,178,202.72,204.2,-1.49,-0.74
RouteID_ea993870-5cc6-4243-9197-71e0f778c500,145,216.86,232.85,-15.99,-7.37
RouteID_eaab142c-4410-4223-9343-d6297a656cca,205,242.98,250.54,-7.56,-3.11
RouteID_eaaf24a5-e837-4de3-aa40-47249042355e,158,150.09,162.1,-12.02,-8.01
RouteID_eab2f503-0f54-4571-bb4a-402b71472c0c,163,150.36,153.49,-3.13,-2.08
RouteID_eac3b24f-8261-4f2e-8cf4-79ccd10ba60b,177,193.09,202.97,-9.87,-5.11
RouteID_eac78ecc-822e-421f-9a28-e5635b4badf1,137,227.6,230.71,-3.11,-1.37
RouteID_ead27e69-9ff4-4c33-b8e0-53123bc6cde0,155,217.32,149.86,67.46,31.04
RouteID_ead7418a-29a8-4444-9c54-82d43f3e1f1e,189,211.18,212.56,-1.38,-0.65
RouteID_eadb5681-af80-4df1-ac4f-1efe88dc5fea,149,139.38,133.66,5.72,4.11
RouteID_eadf4376-7eea-4913-8e2a-afbf9389ca5e,157,215.1,222.19,-7.09,-3.3
RouteID_eaeedca9-3db6-4a84-9388-3cd2a3e2238f,136,157.11,155.82,1.29,0.82
RouteID_eaf9b098-b434-4d2b-8d5a-f943c0accdaf,158,249.58,295.28,-45.71,-18.31
RouteID_eaffb2c8-c18e-4c97-a03c-90a231690f0a,190,218.81,223.86,-5.06,-2.31
RouteID_eb092c67-431e-4a2d-8739-1fa47e39dde4,143,172.21,187.36,-15.15,-8.8
RouteID_eb0bcb5e-f0f2-4238-80d8-3702c62b9515,150,235.61,253.28,-17.67,-7.5
RouteID_eb151ad3-0a85-42db-98ed-152ff4e0089e,200,244.99,268.05,-23.07,-9.42
RouteID_eb266843-1320-45e3-94fc-784a027a6bf8,88,107.98,98.57,9.41,8.72
RouteID_eb2b18af-1b7c-41e5-8b6e-fc868e7378ff,87,113.84,111.55,2.29,2.01
RouteID_eb2db975-d570-4ce1-aad8-6e02862fab29,78,75.63,66.36,9.27,12.26
RouteID_eb2fd7d2-7145-40e0-8a80-5c49b8d4aee2,179,195.67,218.81,-23.15,-11.83
RouteID_eb3aa480-000d-477d-8ea9-b87106b41d9c,148,176.03,171.04,4.99,2.84
RouteID_eb3d89a9-698e-448b-9f27-c65201a297da,189,247.36,246.31,1.04,0.42
RouteID_eb3e7d62-d30a-4f4b-8800-d4771833f2c8,148,192.34,187.86,4.48,2.33
RouteID_eb435ecd-dec0-4e5d-b09e-c55cf7d1cf64,102,113.28,121.48,-8.2,-7.24
RouteID_eb48f9eb-fbee-4f49-b911-1e7d2b7ae8ca,152,172.79,190.27,-17.49,-10.12
RouteID_eb4a8294-7713-4fc6-86b2-41ca1c8d23a5,176,250.19,280.68,-30.48,-12.18
RouteID_eb58295e-a367-43e1-827f-f6467cf010ac,170,226.86,242.04,-15.18,-6.69
RouteID_eb5d4acd-28aa-479c-93d0-0973eee3172e,172,185.72,185.0,0.72,0.39
RouteID_eb6451f7-4848-4e2f-9df7-d8622fe4d5ad,151,219.4,223.72,-4.32,-1.97
RouteID_eb678a83-c001-4396-84dd-386d7e0da2b3,122,98.9,96.65,2.25,2.27
RouteID_eb7a98e5-b5b5-4a22-83ef-7d301ea7d732,138,165.98,172.77,-6.79,-4.09
RouteID_eb8a9209-39dd-464d-83d3-1eac3c8f182b,141,169.7,201.07,-31.36,-18.48
RouteID_eb8decd7-0825-4776-a323-c2f9f957bfba,161,228.55,227.57,0.97,0.42
RouteID_ebae27c5-a8c9-42fb-9d99-ed7298fefc1a,146,161.09,160.03,1.06,0.66
RouteID_ebaf925e-12d7-4845-ace6-7af1f9fc37ff,155,223.43,224.33,-0.9,-0.4
RouteID_ebc10f14-664d-480b-ad3f-eb56fb11e1fa,157,129.93,113.95,15.98,12.3
RouteID_ebc395df-337a-42ba-881c-fd7bd67adc45,101,90.8,86.31,4.49,4.94
RouteID_ebd1aebd-24d9-4b4b-973d-9f7388b15291,131,188.36,188.55,-0.19,-0.1
RouteID_ebe8eea0-4224-498c-af67-66775c1de29c,192,237.93,264.34,-26.41,-11.1
RouteID_ebf6a791-c48f-4ad2-a30c-cbe12bc24f5e,136,146.99,135.32,11.66,7.93
RouteID_ec0c9cd9-ddbc-48e5-b394-7e0b6d73f877,90,98.18,79.55,18.62,18.97
RouteID_ec27f767-b382-4b10-986f-dbcee9759a03,175,239.89,249.33,-9.44,-3.94
RouteID_ec2fa948-456a-41b7-9232-13068e793267,173,196.24,180.89,15.35,7.82
RouteID_ec3f0258-111a-4e83-9ac1-50be64caa5f7,134,203.3,216.11,-12.81,-6.3
RouteID_ec4e9869-72a7-4939-b100-2cb48b2f9852,122,220.29,205.67,14.61,6.63
RouteID_ec5308eb-e52f-429f-b9f3-fecaab91a23d,138,161.63,173.07,-11.45,-7.08
RouteID_ec593c47-5eff-41f0-8083-3ca1969a111c,142,156.96,149.91,7.05,4.49
RouteID_ec64bea5-a3de-4d77-b843-36281fa72877,151,173.13,171.99,1.14,0.66
RouteID_ec7e9c0a-6214-4a70-a173-0b7c7784b658,199,210.69,226.79,-16.1,-7.64
RouteID_ec8e7465-8146-4027-b1c1-69dcf2d90051,152,226.48,215.65,10.83,4.78
RouteID_ec8f9dd7-cb2d-4d5b-8d3b-e0166fc254c0,158,177.9,181.11,-3.21,-1.81
RouteID_ec94d820-ab66-4cb4-81cf-9829c9f03db6,180,178.63,175.15,3.48,1.95
RouteID_eca6987b-6276-47a1-828f-2c5222575b4c,171,224.18,227.33,-3.15,-1.41
RouteID_ecba5cbe-9a5c-4335-abcc-86b25d820084,93,90.83,88.62,2.21,2.44
RouteID_ecbf9878-a258-4aa1-a360-0321678debc2,150,163.29,178.4,-15.11,-9.25
RouteID_eccc1032-2a8c-4a2d-a791-40fe4b829b2e,166,236.64,221.02,15.62,6.6
RouteID_eccf6230-bad1-4b2d-940d-a44ab6af9cd5,152,213.78,218.24,-4.46,-2.08
RouteID_ecd28024-0cf4-4913-9dc4-5fb9d8b40cfb,154,173.81,174.13,-0.33,-0.19
RouteID_ecdc62a9-694a-4a8a-a6d6-ca42d97bb7fd,151,214.74,215.62,-0.87,-0.41
RouteID_ecdf03d9-51a5-411b-b4dd-25ec300453ad,166,203.71,207.49,-3.78,-1.86
RouteID_ecef556f-7ded-452e-845b-d332acf24c95,141,206.07,202.28,3.8,1.84
RouteID_ed095378-bdc1-41d3-bf83-973ae2478be0,159,159.41,160.76,-1.36,-0.85
RouteID_ed0dfe15-9cce-4e56-a4d2-c51c52d296a8,127,159.82,155.61,4.21,2.63
RouteID_ed1abc82-3663-4651-9470-643075228660,176,254.67,256.65,-1.98,-0.78
RouteID_ed528f3c-689a-4875-b432-7d55063a5b41,145,171.03,176.52,-5.49,-3.21
RouteID_ed62b563-9900-464b-9acb-6e81dd16e5a0,172,238.91,255.09,-16.18,-6.77
RouteID_ed6a0b68-cd0e-4cdc-8f99-1e78c64dc722,175,226.29,241.75,-15.46,-6.83
RouteID_ed6c5f23-9b03-4feb-b2a6-b45b0350aa9e,163,225.07,233.03,-7.96,-3.54
RouteID_ed832636-5ecd-49e0-aa53-605c824c80c3,132,178.62,179.41,-0.78,-0.44
RouteID_ed877132-c6d3-423b-a51f-7fb8173382e0,168,214.43,221.29,-6.86,-3.2
RouteID_ed87eeb4-5688-444b-9f28-6807f8c11644,190,165.77,163.99,1.78,1.07
RouteID_ed933bd1-c019-4eec-a52f-0f6314e31775,145,163.63,182.99,-19.36,-11.83
RouteID_ed9dd222-9ce7-47f3-8cd9-d2a5d2b6a493,166,200.81,207.75,-6.94,-3.46
RouteID_ed9e9b18-c25c-41e7-902c-635c0d6938f2,100,115.8,117.68,-1.88,-1.62
RouteID_ed9ea7ab-8943-4c53-b967-601a7e73f4ab,198,205.57,218.56,-12.99,-6.32
RouteID_eda0f6bf-6402-43a7-968b-662e9ae3aa1b,126,120.69,112.34,8.35,6.92
RouteID_eda2b968-64b3-46b5-939d-7fbcfa7b8196,148,228.77,223.53,5.23,2.29
RouteID_edaa3359-77aa-45bb-bb84-094303306e00,130,152.94,164.47,-11.54,-7.54
RouteID_edcd94a5-69b6-4b3f-bb79-81591313ad4a,185,183.62,171.46,12.16,6.62
RouteID_edd280cf-73b5-4d2b-b56e-c3c575a8768e,155,207.49,211.86,-4.37,-2.11
RouteID_eddca9d7-37dc-4521-91e8-0d84e9a62428,110,127.42,125.85,1.57,1.23
RouteID_eddcf23b-c5b5-477c-b302-aebaa72a2dc5,202,224.66,247.04,-22.38,-9.96
RouteID_ede1fb76-96a8-44d6-a907-628073cbb47c,199,249.31,258.98,-9.67,-3.88
RouteID_ede6dfa8-d567-4516-8964-06d1ecfa37ce,143,177.64,172.63,5.01,2.82
RouteID_edf08404-8ce5-44f9-84df-8e956399c79e,159,159.29,158.94,0.35,0.22
RouteID_edfdbc8c-6813-45bb-84f6-700af13d97f4,215,244.95,277.42,-32.46,-13.25
RouteID_edffb998-435f-4dc1-850b-4bf343d70d77,108,91.6,80.29,11.31,12.35
RouteID_ee1b61f5-c243-4786-a806-1fa43b2741a2,138,169.57,180.71,-11.14,-6.57
RouteID_ee1fad58-4e9a-4363-9225-4542363ff9f2,201,219.89,234.41,-14.52,-6.6
RouteID_ee3be997-b794-48a6-93ba-079a1dda55f1,181,203.76,220.29,-16.53,-8.11
RouteID_ee4cdef8-941b-4a6a-99da-f7dd049438fa,153,200.0,190.89,9.11,4.55
RouteID_ee4f69d4-385b-4206-80fb-86875e0c654b,143,191.26,207.85,-16.59,-8.68
RouteID_ee6e7947-0cd7-4dbc-bfa8-76e5a02c7b35,158,200.59,208.6,-8.0,-3.99
RouteID_ee701ca4-4b94-463b-98f7-383291c95d4f,131,126.5,126.06,0.44,0.35
RouteID_ee71f2d5-907d-442c-a5e7-ab78aef721a1,119,210.72,199.29,11.43,5.42
RouteID_ee8302de-2543-4404-ab7a-7cc8c1560aa2,144,185.23,188.75,-3.52,-1.9
RouteID_ee8ec107-477b-419d-8615-c587a0568e5e,155,198.44,211.51,-13.07,-6.59
RouteID_ee931bfd-14df-4c13-9ddc-be2eb2d0927b,134,160.11,189.02,-28.91,-18.05
RouteID_eeab1b30-30cd-42f5-a27f-e93aafc0a303,114,138.74,135.0,3.74,2.69
RouteID_eeb36ecc-2a30-4b42-afba-6e62ef44c754,135,166.39,169.85,-3.45,-2.08
RouteID_eec32cd9-d969-4406-8b56-7688403265cc,127,141.88,135.67,6.21,4.38
RouteID_eec57d2f-0b44-454e-83d9-ce2b9cc41ea9,108,174.86,185.25,-10.39,-5.94
RouteID_eec89ba4-50c6-4162-83bb-b9b95702ef4a,136,166.06,175.37,-9.31,-5.61
RouteID_eefc2c7d-303c-4ecc-b545-a1b07e4d9dcf,189,254.76,261.22,-6.46,-2.53
RouteID_eefc4672-21dd-4af3-b365-269ddf82d77c,130,167.03,154.62,12.4,7.43
RouteID_ef2f6bcf-7c0f-4df7-ac15-9766b57b3755,124,118.07,112.66,5.41,4.58
RouteID_ef31f891-8fa2-4f99-9f11-201bd9e79399,142,183.91,191.81,-7.91,-4.3
RouteID_ef40791a-83fd-4f6e-b80f-68cbcaf51425,139,165.4,179.19,-13.78,-8.33
RouteID_ef472f6a-0ecd-4fd5-b9db-eea6f8a3e54c,153,176.05,190.21,-14.16,-8.05
RouteID_ef484716-eb04-4885-a9f9-aa23607815f0,71,56.94,59.96,-3.02,-5.31
RouteID_ef4b5974-a33e-4de7-9e96-424471ab5b99,163,195.44,202.71,-7.28,-3.72
RouteID_ef4b9683-650d-44e1-9b7b-466394d95e89,181,214.62,211.37,3.25,1.52
RouteID_ef54fa9b-2a83-48d9-baec-d40fd83e9936,141,200.6,207.0,-6.4,-3.19
RouteID_ef576bb2-6673-4ea7-9cd1-593651db314a,153,191.36,204.81,-13.45,-7.03
RouteID_ef6e3889-fb35-4254-a367-5079d881a318,124,184.17,202.72,-18.55,-10.07
RouteID_ef7bd7d3-dd92-48aa-9006-cfbef4fcd97a,118,143.75,154.48,-10.72,-7.46
RouteID_ef8d8b70-5264-425a-bd74-e614c360a4a4,149,230.69,243.76,-13.06,-5.66
RouteID_ef99b64a-a260-4da5-8e68-0f9ba89a7b83,99,98.98,95.6,3.38,3.41
RouteID_efa8aa4d-ee36-4b72-b6d8-27d46771690c,151,194.38,204.15,-9.77,-5.03
RouteID_efac82e4-928c-4115-9b06-f8a651542d55,161,211.92,201.15,10.77,5.08
RouteID_efba99dd-e98d-48f1-82af-40893e7c0a9e,142,200.72,212.55,-11.83,-5.89
RouteID_efc1df7d-5ce1-4287-aac3-8f02c432ce0c,191,167.27,168.58,-1.31,-0.78
RouteID_efc5e6b2-1dba-4bb0-9794-46ff2b4f0759,94,107.91,99.03,8.88,8.23
RouteID_efc672fe-d3cc-44af-9334-ac01aa2bf7e8,170,202.97,216.76,-13.79,-6.79
RouteID_efe3a5cb-86a0-4697-b3bf-9fd41d05cf42,135,193.17,196.63,-3.46,-1.79
RouteID_f001e0c7-847e-4640-8e52-a9a3008bd271,161,226.68,227.4,-0.72,-0.32
RouteID_f009bbfb-de4f-436b-a6cb-00df73c461ed,93,116.15,104.8,11.34,9.77
RouteID_f009caba-1fcb-4f57-baa6-57bd31d7b224,119,215.44,197.1,18.34,8.51
RouteID_f020a3ef-6e59-4459-884f-b1a383cf054f,158,186.06,193.11,-7.04,-3.78
RouteID_f0333bfd-0e2e-4b43-a58e-c5d74f8baf1c,149,196.99,192.44,4.55,2.31
RouteID_f04e959e-368c-4503-ab01-645abbdfb26e,184,230.42,261.74,-31.32,-13.59
RouteID_f0541d0d-50a2-4e17-a618-e74de45874c7,193,211.1,222.72,-11.62,-5.5
RouteID_f058ceb4-482c-4ab9-9096-3d29213be6ea,176,159.18,157.54,1.64,1.03
RouteID_f0597a23-c48e-43e9-b52c-994019f852f7,114,192.38,171.96,20.42,10.61
RouteID_f062bab1-6088-4123-a2c0-0f4d6f278962,110,185.62,167.18,18.44,9.93
RouteID_f07022ee-5e2e-4633-ae13-ed6b7527a100,142,170.1,184.43,-14.33,-8.42
RouteID_f0706622-a0b3-43ae-8017-6241d81c8cc9,117,103.66,98.38,5.28,5.09
RouteID_f0824246-eeb2-4f3a-ac8e-5b70322e320d,140,167.94,162.01,5.93,3.53
RouteID_f092dbf2-346d-4c55-b358-05bd9d84056c,156,177.45,189.36,-11.91,-6.71
RouteID_f0a3238e-663e-48bc-9274-8b2fdb7226d4,140,258.26,254.32,3.94,1.52
RouteID_f0c0ce14-6d62-4861-8850-82dbe51f178e,77,98.29,97.16,1.13,1.15
RouteID_f0c38565-f943-4a00-92ea-4cfb125551cf,156,236.23,219.25,16.98,7.19
RouteID_f0c44a9d-4bfe-4a99-95ca-d6d5275ac565,114,182.46,181.94,0.52,0.28
RouteID_f0c4ba77-2824-4905-9046-8f8394b1228f,195,257.44,270.95,-13.51,-5.25
RouteID_f0c9b6ed-1805-4dc4-b8ab-42f778cadb7b,151,161.48,172.52,-11.03,-6.83
RouteID_f0cb00f9-4347-45cc-a7a2-41a3c129d240,165,175.83,180.58,-4.75,-2.7
RouteID_f0cba8ec-f966-4d30-93ad-f99001d8a046,184,235.36,234.99,0.37,0.16
RouteID_f0d2ad13-71dd-43fd-b29e-4736b6e675f9,168,177.35,189.84,-12.5,-7.05
RouteID_f0d794e4-6d15-456c-b43b-c07b701ac860,179,236.7,243.09,-6.4,-2.7
RouteID_f0e76870-9adb-49be-92ff-27c2dae92baf,187,221.98,239.05,-17.07,-7.69
RouteID_f0e90416-583b-41f8-87ba-d81e0445bb73,125,144.85,140.56,4.29,2.96
RouteID_f0f30bd9-5127-4702-a4c2-f32de14440b5,141,153.46,160.59,-7.13,-4.65
RouteID_f0f5a443-0919-4ed2-9d23-050b99628523,151,199.88,205.04,-5.15,-2.58
RouteID_f0fcfb07-8650-4439-a3b5-4550b021980c,145,204.24,197.4,6.84,3.35
RouteID_f1001800-0770-4476-b4ea-74e07e88af09,145,171.95,166.93,5.02,2.92
RouteID_f108628f-5f22-4b14-a2dc-79a7ca369d22,170,164.77,177.27,-12.5,-7.59
RouteID_f1167b54-0a5d-48e9-93f2-e0ef4bcc692d,162,247.68,243.52,4.16,1.68
RouteID_f11ba600-40e9-471f-b82a-4a06e8b2d6b2,113,171.11,174.02,-2.9,-1.7
RouteID_f12ba69d-2e48-48bf-9c23-6265933dab6e,79,132.71,116.07,16.64,12.54
RouteID_f13b27b8-c37c-44c0-8615-7361411a8776,161,136.43,137.69,-1.26,-0.92
RouteID_f13b5106-6220-4a98-8e13-28b0a43bcd86,150,192.55,201.18,-8.63,-4.48
RouteID_f13e7728-f3ae-486a-902f-102be16ce71a,115,170.6,156.07,14.53,8.52
RouteID_f150fbbb-e8d6-44e0-aa75-1511091912e5,126,133.63,137.08,-3.45,-2.58
RouteID_f1566ecc-d1f9-4bbd-a8c2-c184e35229e4,75,133.9,122.82,11.07,8.27
RouteID_f15bf4dd-a792-40a5-8e05-5b7da27e68a9,193,209.64,217.05,-7.41,-3.53
RouteID_f15ead61-715c-433b-ac02-597ce9d4d537,161,219.64,223.93,-4.29,-1.95
RouteID_f1645da6-98c0-4209-8974-732bb9d161f6,136,111.66,110.88,0.77,0.69
RouteID_f17718bf-7a80-4a1d-9aaf-b5b331ca231d,97,130.83,127.32,3.5,2.68
RouteID_f17b2684-5ef1-445f-999a-60fadf2ed7bb,157,229.33,243.63,-14.29,-6.23
RouteID_f18e9349-b11e-4515-ac9b-b6cda718c33c,93,126.14,113.62,12.52,9.93
RouteID_f19986df-79bd-462d-8b77-1c3aaebba800,100,139.12,116.38,22.74,16.35
RouteID_f1a753ea-8d48-44f4-a8a3-bd4beb47c7a5,133,141.79,144.88,-3.09,-2.18
RouteID_f1a98a35-ba6a-4b29-ba5a-4502cd3c43a1,152,210.01,210.15,-0.14,-0.07
RouteID_f1a9a1fa-5a65-453f-98ed-cd7054840a29,110,153.67,144.65,9.02,5.87
RouteID_f1c78d72-21b1-45a5-9039-ee8d9716be88,186,188.0,202.66,-14.66,-7.8
RouteID_f1ccc89d-28cd-47ae-af02-7d5720d642f6,89,128.08,128.9,-0.82,-0.64
RouteID_f1d1d630-4229-4854-accd-e1cb5082ab6f,129,275.31,287.14,-11.83,-4.3
RouteID_f1d6d2ab-3a19-4f0c-8899-c5dfaa785208,126,183.36,187.12,-3.76,-2.05
RouteID_f1db1cdc-6620-4a14-9005-6feed530af19,147,223.98,219.58,4.4,1.96
RouteID_f1dccfaa-701a-4649-892a-4655af30745e,125,232.74,212.62,20.12,8.64
RouteID_f1e3f441-d58c-4bc4-9a12-55ae98827639,169,188.75,187.52,1.23,0.65
RouteID_f1f35d60-6a32-407f-a7c5-9065b24ed5c7,198,198.17,226.17,-28.0,-14.13
RouteID_f1fffaa3-1781-406a-bd22-9e42e87afd2d,123,171.69,181.02,-9.33,-5.43
RouteID_f2191eca-9fab-4b77-9085-94bf46450651,127,133.28,117.8,15.48,11.61
RouteID_f21c3280-9979-4866-a3be-5c3bf533f6aa,142,142.62,134.37,8.25,5.78
RouteID_f21cb00a-fe28-4a72-bc67-1f620a7cad1a,170,233.31,250.92,-17.6,-7.54
RouteID_f225b7b3-ca0f-4d76-a003-9c462e8d5f34,136,223.41,227.58,-4.18,-1.87
RouteID_f237b847-2fe0-4d07-a413-aaee9afc8314,197,246.67,254.03,-7.36,-2.98
RouteID_f25ddd45-2e0d-4b16-b745-5be75a2fd09f,155,248.3,268.57,-20.27,-8.16
RouteID_f260a1f7-ccd5-444e-b559-b20a59d2e70c,136,236.07,249.2,-13.13,-5.56
RouteID_f26353c1-7613-4e03-9917-0148f1cc5dc6,154,190.91,210.0,-19.08,-10.0
RouteID_f2892562-1bef-467d-9edc-0161479d5c6c,116,98.05,100.82,-2.76,-2.82
RouteID_f29ad663-b841-47ae-8e2e-cf0ab3b9daa6,158,187.58,209.77,-22.19,-11.83
RouteID_f2a96e44-dda5-40ed-b7fb-f392ff4cb72e,135,141.2,143.64,-2.44,-1.73
RouteID_f2b32733-34e1-4663-b8b3-3db9c7277a1e,200,189.48,218.18,-28.7,-15.15
RouteID_f2b52635-4164-4955-8ad0-4baebd837b37,174,197.73,206.26,-8.52,-4.31
RouteID_f2b9b9ca-325a-4165-afb2-c8ec8e8b55e9,147,174.29,186.78,-12.49,-7.16
RouteID_f2cc7d58-0830-48c8-a276-c189dd0aac45,182,197.01,205.59,-8.59,-4.36
RouteID_f2cd4f0e-5bc2-4d6f-b2f8-3c50395d072e,116,118.61,129.55,-10.95,-9.23
RouteID_f2ecc08b-ec7c-4b07-96c8-7ef4db420f3d,115,116.2,109.76,6.44,5.54
RouteID_f2fc6e86-2c55-4eb9-92aa-db0e97defdf0,87,109.43,94.93,14.5,13.25
RouteID_f2fe52f1-0d25-4714-99e8-2f39a5c9a1e0,180,219.8,220.57,-0.77,-0.35
RouteID_f31634d2-1ac1-4d83-b391-468b30026ad3,179,207.65,217.55,-9.9,-4.77
RouteID_f3201960-b426-4c04-b0d4-05b31264a235,48,67.26,77.41,-10.15,-15.09
RouteID_f3261fad-5f97-44f6-ae7f-cf169f5d6452,158,192.45,191.13,1.33,0.69
RouteID_f328bffe-bf90-4ddd-b80a-a3fd78695a6f,117,133.21,121.24,11.97,8.98
RouteID_f32dc8e4-0d48-4b36-a9d6-98f58b788bd4,177,234.57,211.33,23.24,9.91
RouteID_f32ef9ce-b826-42d0-a847-3712f7287267,165,237.82,230.35,7.47,3.14
RouteID_f33e2ef0-a3c1-4fd6-a7c3-fe909bbfdef7,129,139.66,148.85,-9.18,-6.58
RouteID_f33ea8dd-052a-4b82-983d-34ce88395fa5,139,189.51,191.43,-1.91,-1.01
RouteID_f35aa25b-5dd9-404c-a1c8-52fa01d8d705,172,232.92,245.64,-12.72,-5.46
RouteID_f35bd654-1451-417f-8f39-b244703c066b,143,183.66,171.61,12.05,6.56
RouteID_f3698a40-9b8b-4bb0-908c-6a36d982dee8,136,190.67,190.64,0.03,0.02
RouteID_f374c332-e4c6-444b-a77b-c9d5811d21db,177,231.04,253.88,-22.84,-9.89
RouteID_f3813fc5-0c70-488c-a6bf-c626249bd36f,192,211.61,225.11,-13.5,-6.38
RouteID_f3997f57-b28c-4e23-a360-10d33e51e22b,191,222.06,245.37,-23.32,-10.5
RouteID_f3aade87-5ed7-4767-94ed-d02c739c0b04,95,137.61,127.6,10.01,7.27
RouteID_f3ab9177-b525-4e78-868a-7a98abc65e91,148,255.19,285.86,-30.68,-12.02
RouteID_f3ac4896-bf8f-443a-8238-c9fe99599b14,116,180.58,177.45,3.13,1.73
RouteID_f3beffd4-410d-4fa0-8510-0d58366a0068,147,169.79,174.79,-5.0,-2.95
RouteID_f3d53949-1653-46f2-843e-8c46a1557368,59,63.87,62.85,1.02,1.59
RouteID_f3e23ae0-1761-4e50-b44b-c88eed709402,138,199.76,199.8,-0.04,-0.02
RouteID_f3f3283e-874d-4e50-bf3d-d8289559ebd6,121,131.05,139.57,-8.52,-6.5
RouteID_f3fa2432-9faf-4e4f-b3ac-3aea490aa4cf,140,149.93,166.81,-16.88,-11.26
RouteID_f403fff5-0491-4243-a797-a4154f88c5e9,138,177.77,178.71,-0.94,-0.53
RouteID_f4098684-cd2d-47fa-9ee3-a2ce7e2fee51,154,214.02,231.82,-17.8,-8.32
RouteID_f40abfd6-ca80-4f31-89ad-ba8e0f7edd38,109,116.45,110.95,5.5,4.72
RouteID_f41295cd-c7ee-43d8-9a4c-4fdbbd16a182,102,133.52,117.72,15.8,11.83
RouteID_f416c10a-1e16-40cb-97ac-913d1a111de9,117,130.14,123.16,6.99,5.37
RouteID_f4170fd6-0279-42be-aa9b-3458185bc7c3,152,233.33,245.84,-12.5,-5.36
RouteID_f4203f7a-1851-44a3-b370-e79e24d8d3f5,174,197.54,186.17,11.37,5.75
RouteID_f427faba-4b21-4b30-aa15-3f4c7b96f40b,142,188.02,183.57,4.44,2.36
RouteID_f43021f7-749c-47b5-8a72-7296d17aeef8,195,191.48,207.77,-16.29,-8.51
RouteID_f4394afd-65fe-4210-91ef-f3bf5e695ca9,119,94.41,94.84,-0.42,-0.44
RouteID_f4418332-16d7-4fca-b492-63e96ed66e05,135,173.78,171.12,2.66,1.53
RouteID_f45779f6-bb70-4c1f-a17c-834a3b76361f,163,180.35,189.96,-9.61,-5.33
RouteID_f460035b-8d1c-4920-a8f5-b43f3741f9d6,173,207.35,214.13,-6.79,-3.27
RouteID_f467939e-a0ba-491e-b684-a2d993001807,128,102.6,96.69,5.91,5.76
RouteID_f472323a-6317-45fe-adde-5539e463687f,155,196.42,190.6,5.82,2.96
RouteID_f4807876-9a07-4e12-b387-99fb42e3ece3,167,215.65,237.93,-22.28,-10.33
RouteID_f48ad130-d1a9-4e4d-8968-f1b6cdb8705f,153,167.23,173.4,-6.18,-3.69
RouteID_f4950ad1-f787-4bc1-8ed4-33d7bbd2141a,161,173.61,155.2,18.41,10.6
RouteID_f49e3ec7-7193-4efc-88df-3190235037e4,107,156.98,161.82,-4.83,-3.08
RouteID_f4af3421-0f38-4a00-aef8-db7778bd12db,81,74.72,76.85,-2.12,-2.84
RouteID_f4cb791a-b53e-464d-93f2-f812dcb1f1f9,186,207.83,220.89,-13.07,-6.29
RouteID_f4cc304f-07a2-47fe-bc7c-f65f3d623636,206,189.4,211.85,-22.45,-11.85
RouteID_f4dffc1f-2df6-4ef0-a913-55c4eedf1667,160,170.4,175.95,-5.55,-3.26
RouteID_f4f56dd1-f7c4-445c-83f2-fb6f8c5684ce,97,91.54,75.13,16.41,17.92
RouteID_f507f2de-bad0-4807-9115-bb9f1c21d49f,147,227.35,212.9,14.46,6.36
RouteID_f50ac651-796b-491a-8d65-c9a05b051b8b,116,146.3,125.56,20.75,14.18
RouteID_f5100716-217a-49d5-8796-126f962e6e2b,130,182.92,169.62,13.3,7.27
RouteID_f51240f3-83ac-466d-a4eb-0773457e7917,55,97.85,92.52,5.33,5.44
RouteID_f512571f-48ad-4ec7-9e65-2454dc436e10,149,127.29,124.99,2.3,1.81
RouteID_f5126b28-d400-4755-a202-9adb401b10ff,149,136.95,128.88,8.07,5.89
RouteID_f5160f5b-23fe-47ae-a857-4698c74153f2,134,158.15,151.68,6.48,4.1
RouteID_f5262777-a08c-4a4e-b106-10c97f4defc0,123,135.07,138.8,-3.73,-2.76
RouteID_f53d09f3-721d-456d-aa62-5b9469ea63ba,108,93.15,90.37,2.78,2.98
RouteID_f53f895d-3c73-4798-b787-9890b7dcb23b,144,186.77,186.62,0.15,0.08
RouteID_f5429018-34db-429b-92eb-d8de5a2f1c9b,161,163.12,186.95,-23.83,-14.61
RouteID_f545904b-087a-421f-987c-5992ca4ebbfc,135,140.95,147.71,-6.75,-4.79
RouteID_f545eed8-414d-4816-9db8-23a8e2e34c33,92,114.35,98.87,15.49,13.54
RouteID_f565be46-35e8-4ac4-81df-45cd11805b96,124,134.41,138.27,-3.86,-2.87
RouteID_f566cbae-afbf-4bfa-b17e-f504248b75c1,57,76.32,71.67,4.64,6.09
RouteID_f56f348d-af4a-4fbb-b13b-487244384835,184,230.9,261.05,-30.15,-13.06
RouteID_f582983b-11d1-4ece-beb5-1c8591eec2cb,158,218.0,230.64,-12.64,-5.8
RouteID_f58a0a15-8f9b-48d2-8628-b1aaf148c490,169,234.93,261.97,-27.05,-11.51
RouteID_f59e7dee-a5c9-44d6-b881-11aff7dbfe32,193,234.83,267.23,-32.4,-13.8
RouteID_f5a08cba-66b9-4db9-9227-fd4fc6fab7be,108,94.72,87.25,7.47,7.89
RouteID_f5aba2dc-5f9b-4380-b4c1-03ab0c3d5a04,156,190.04,191.74,-1.7,-0.89
RouteID_f5adea36-6273-46a5-b2d5-28cbf0f2a470,125,166.14,178.07,-11.93,-7.18
RouteID_f5bbc6ec-44ea-49bb-9f53-ed872e50f8a2,167,188.52,197.73,-9.21,-4.89
RouteID_f5e1a5b9-f466-437d-90e2-ca442af67c01,147,227.53,262.95,-35.42,-15.57
RouteID_f5ea0844-df84-40be-9075-3c7596e1c22d,181,258.25,269.09,-10.85,-4.2
RouteID_f5ffef88-4aad-40ec-9861-590bf139f87c,122,155.7,150.98,4.71,3.03
RouteID_f60e335c-e55c-4529-91e1-885b587c2aba,202,205.07,205.33,-0.26,-0.13
RouteID_f61ceeed-4703-41ad-bcca-f1498f18e579,145,142.28,144.75,-2.48,-1.74
RouteID_f636bace-6eb4-444d-9934-6cb82025edce,113,125.67,129.0,-3.33,-2.65
RouteID_f63d984e-43ec-4983-8006-4080227c4c39,154,202.49,210.09,-7.6,-3.75
RouteID_f64f6621-a090-4e43-a6b9-4865c757c758,120,111.57,119.6,-8.03,-7.2
RouteID_f66813ae-00a8-4970-94f5-7a986ec434ba,156,218.98,233.4,-14.41,-6.58
RouteID_f669d063-4778-4a73-a5a5-558e3e53a87f,157,204.34,216.61,-12.27,-6.01
RouteID_f6707489-5f0b-4c62-94d1-b857386b57f5,135,201.24,208.43,-7.19,-3.58
RouteID_f68acbca-800e-422f-b0db-3722f72ea1da,124,134.34,136.22,-1.88,-1.4
RouteID_f694de2f-26b9-438c-b7a3-d769c61cd72c,161,196.82,215.75,-18.93,-9.62
RouteID_f698c039-b7a1-4489-9638-a73f56d0f237,180,233.96,243.28,-9.32,-3.98
RouteID_f69917e2-b7c9-40de-b0a9-2b79071319e0,161,185.91,189.28,-3.37,-1.81
RouteID_f699c0d6-60f0-4fdb-9b66-e09275409e86,164,168.07,194.4,-26.33,-15.66
RouteID_f69c2bac-4950-436d-b786-0ec5f461a314,116,113.77,129.39,-15.61,-13.72
RouteID_f6af8b0b-d87c-46e0-9b96-b575abc2db6d,149,164.45,177.89,-13.45,-8.18
RouteID_f6c496fc-d53e-4005-b1fb-c20f54368a88,181,240.07,244.8,-4.73,-1.97
RouteID_f6ce3ad1-71ba-4e54-b811-1cedd0e0a81b,176,181.54,184.24,-2.7,-1.49
RouteID_f6cf8555-0162-4086-9b9b-95bf9549274b,120,202.85,191.8,11.05,5.45
RouteID_f6cf991e-9bb0-46b9-a07d-8192c2d29bb1,177,203.62,221.54,-17.91,-8.8
RouteID_f6d0e8ce-dbef-4580-9d92-717e3dd1cffc,144,168.43,175.66,-7.23,-4.29
RouteID_f6e1f8cd-d17c-4fe3-83d9-91b1b53761c4,164,207.15,204.71,2.44,1.18
RouteID_f6e7449f-74ab-4e7f-81b8-34dd2574a102,118,192.64,175.0,17.64,9.16
RouteID_f6e8c2ca-96bc-4908-9841-402c57fed8e7,147,122.09,108.39,13.7,11.22
RouteID_f6f5d46e-5f57-4cf0-9e42-cccedfe1a1f5,159,169.37,179.26,-9.89,-5.84
RouteID_f6f9ee76-9d42-4707-b5f9-85e12dc4a9dc,129,159.75,170.97,-11.22,-7.02
RouteID_f6ff24e9-d303-429f-bc4e-46463d85365f,184,207.87,208.59,-0.72,-0.35
RouteID_f7123d22-3da6-423a-b4a5-419e3a5001f7,169,206.74,218.15,-11.42,-5.52
RouteID_f714309a-a070-49f8-89e7-045ef6c7c0b0,174,201.25,217.51,-16.26,-8.08
RouteID_f7214ad3-c523-4d67-bbdf-38a9cd4fdca0,137,160.94,154.08,6.85,4.26
RouteID_f727a18c-2b15-4921-bf92-50e34f64fb60,166,237.45,246.77,-9.32,-3.93
RouteID_f72b7091-9a7d-4dd3-be5d-f04f3da1ca6b,132,189.23,204.94,-15.71,-8.3
RouteID_f72de93b-2cd5-47e6-88a5-f61adfaadab4,165,218.87,229.31,-10.44,-4.77
RouteID_f7322384-7a5d-4379-8bff-95ad58895df0,84,107.52,98.12,9.4,8.75
RouteID_f740d605-1fc6-4f55-a425-ea73869d55de,151,232.9,236.93,-4.03,-1.73
RouteID_f74910b0-13b8-4c55-8cd9-925c740ee281,161,249.49,260.98,-11.49,-4.61
RouteID_f74a1a74-814b-4f06-b67e-13cdea88e681,210,260.92,286.46,-25.54,-9.79
RouteID_f75a0730-d46d-4b7d-add2-4729a9919331,184,172.99,188.02,-15.03,-8.69
RouteID_f760f46e-d3a5-4388-ab76-72c53e3e24f7,191,188.82,175.24,13.57,7.19
RouteID_f77f4197-2e04-431c-9c9b-88ac4b330ec9,68,93.85,75.54,18.32,19.52
RouteID_f78dec9c-227d-4408-aeda-54f218bd25d2,90,140.29,136.33,3.96,2.82
RouteID_f7a5775e-d900-49b9-9553-22082780f21e,155,189.81,196.77,-6.97,-3.67
RouteID_f7a73794-a2dc-4beb-8ab8-11a422b1a244,71,91.55,94.56,-3.01,-3.29
RouteID_f7b9a3b4-75fc-4e5f-b669-e51f1a67101e,134,201.38,197.23,4.16,2.06
RouteID_f7c7980c-84a1-4820-806a-798646d20534,177,255.05,252.49,2.57,1.01
RouteID_f7d230f7-5c7d-44b4-b311-957a18ac62f3,172,210.23,231.26,-21.03,-10.0
RouteID_f7d95bb5-dae9-4400-9a05-4ea10ec84a8e,150,213.01,234.69,-21.69,-10.18
RouteID_f7e576fc-d6b8-4be4-8f1c-2f404b4436d1,153,264.73,236.53,28.2,10.65
RouteID_f7f2ad7c-ab0a-4d86-950f-21234a6cb05e,196,209.98,225.33,-15.35,-7.31
RouteID_f808ec2d-ee49-4dc8-b4cb-abc2bed487eb,134,175.19,186.93,-11.74,-6.7
RouteID_f829cf04-4723-406f-86a4-cce57bd0e5ee,115,89.96,97.04,-7.08,-7.87
RouteID_f82c3715-3bd1-4a55-bbd3-a94e7e494dc7,41,46.96,43.78,3.18,6.78
RouteID_f8455888-f3d5-41b5-a2b3-c45715179055,156,208.42,222.9,-14.48,-6.95
RouteID_f84d6696-3340-4173-a3b1-a41ef5294178,173,157.5,171.19,-13.69,-8.69
RouteID_f855831e-523a-4998-afa8-ce2117e77cf6,149,219.96,232.84,-12.87,-5.85
RouteID_f85f5c24-6a79-40ca-bfe8-117e76a68316,143,170.91,184.3,-13.39,-7.83
RouteID_f867f440-d32e-4360-9147-b7d8781b9ecd,119,155.76,152.62,3.15,2.02
RouteID_f86af75d-32a7-43a8-b65f-7a18d6d98a62,160,222.98,221.9,1.08,0.48
RouteID_f86f5095-2fd1-42d9-b559-f32b1ecc1fd3,165,246.14,244.14,2.0,0.81
RouteID_f8735a00-2ce4-40e8-a57d-ce9bfa938f34,81,102.64,87.76,14.89,14.5
RouteID_f87749e0-3ed7-4cda-a0de-d3a0f6e82ac6,124,186.43,190.58,-4.15,-2.23
RouteID_f87e7d1b-eb81-4ec8-964c-3a63a94f21aa,157,210.68,208.41,2.27,1.08
RouteID_f88ddd7d-eafb-4714-a10a-b82b9182df10,155,181.86,171.37,10.49,5.77
RouteID_f89678a6-2e0c-4dbc-996c-09e80c84567c,74,111.51,103.45,8.06,7.22
RouteID_f8a0ac49-2c0c-45db-beb9-ddae3586881a,179,227.85,228.96,-1.11,-0.49
RouteID_f8a3dea8-1e66-4665-b8d4-8db670af8f19,176,155.04,155.37,-0.33,-0.22
RouteID_f8aff7d4-5ef1-467b-88f2-67d1da0cabfe,131,123.28,118.54,4.73,3.84
RouteID_f8b9ec91-4b55-4b47-abb3-806182880c83,128,151.09,163.67,-12.57,-8.32
RouteID_f8ba9973-24f1-4958-b7cf-28af937cecef,158,151.52,150.51,1.01,0.67
RouteID_f8bcfca4-1e8f-4b4a-90ce-6702bd6dda9b,184,180.64,192.31,-11.68,-6.47
RouteID_f8c7943e-2995-4426-8e3a-ba2d53bb1c25,46,64.2,60.8,3.41,5.31
RouteID_f8c83168-e3f5-43ad-98ff-34956fcb4e05,145,186.19,190.22,-4.02,-2.16
RouteID_f8cdcbcb-7635-4105-ba1f-8255616f1cfd,171,240.93,248.48,-7.55,-3.13
RouteID_f8d8682a-7bb4-41a2-8500-74497ed42b26,77,92.53,87.4,5.13,5.54
RouteID_f8e15aaf-2a32-461d-b01c-f0e86eb3e692,169,210.4,237.13,-26.73,-12.71
RouteID_f8e24cab-c57a-4283-9ab9-b48d441a3caa,180,232.84,241.3,-8.46,-3.63
RouteID_f8f68812-db90-4516-926f-65fd97d37863,88,103.45,91.15,12.3,11.89
RouteID_f8f76049-80da-4af1-aa73-c41e67a831c8,136,240.59,247.16,-6.57,-2.73
RouteID_f8f8b986-d4ed-4a96-b5bf-dac48bb13743,118,155.53,157.0,-1.47,-0.95
RouteID_f8fe34bc-4ba3-405f-adf9-3a7e0312ec57,147,197.2,186.69,10.5,5.33
RouteID_f903c5d3-c131-4e88-9355-4298b1f1ffcc,159,224.6,247.22,-22.62,-10.07
RouteID_f90c282e-5014-4955-adf0-3c6e1f38fce8,145,192.56,184.63,7.93,4.12
RouteID_f912cb53-4d04-41d9-854b-37266c089d34,146,170.08,153.99,16.09,9.46
RouteID_f9148f94-763a-4f55-b22e-8c9e173479e2,159,174.88,187.45,-12.56,-7.18
RouteID_f91fa739-9986-4dbf-8a14-99d3ca80d724,148,205.68,215.97,-10.28,-5.0
RouteID_f926f8d6-4865-4ce9-adbb-0a8ef3aa352c,127,236.05,258.96,-22.91,-9.7
RouteID_f930c74c-e6c2-4c57-9e72-8227d168faa0,144,200.89,195.06,5.83,2.9
RouteID_f9528cc4-2463-4533-a31f-2e6c29e62d1e,159,183.25,210.32,-27.07,-14.77
RouteID_f952cbc9-0f58-44a9-b47f-8b2e27114495,95,139.45,140.07,-0.63,-0.45
RouteID_f95de58b-6dde-4f1f-8b5b-616dd48a8244,136,147.74,149.35,-1.61,-1.09
RouteID_f9639176-8909-4c65-80a9-5562b0241ad4,162,242.52,242.55,-0.03,-0.01
RouteID_f964e5d6-ab16-4fe7-84d5-4490646900b7,124,148.13,161.25,-13.12,-8.86
RouteID_f96605cc-39a4-4b29-9a1e-62a909b38f64,183,211.31,200.22,11.1,5.25
RouteID_f9686e21-7d41-44ce-bde4-83ebcc922ef0,204,207.71,220.16,-12.45,-6.0
RouteID_f97717a9-92a2-4353-a0e9-6dcc7f25f7ea,177,190.5,189.34,1.16,0.61
RouteID_f997925e-dfab-471d-8e55-33827802b0ac,64,87.97,86.44,1.52,1.73
RouteID_f9a28af1-f548-453c-88bb-c4aaf7d937dc,163,266.86,263.78,3.08,1.15
RouteID_f9a6ea66-7cee-4bbe-9cc7-f6c68c197508,145,174.58,158.04,16.55,9.48
RouteID_f9c635dd-b97d-414c-8fbc-8e1cac336947,159,202.4,214.15,-11.75,-5.81
RouteID_f9c7f0e4-25b0-4712-a781-98c2de7971af,112,112.49,118.02,-5.54,-4.92
RouteID_f9c8e757-149a-4135-ac97-20526da8e646,166,237.26,246.15,-8.88,-3.74
RouteID_f9cabe15-4849-40e4-8cee-37b718e1431b,133,161.02,167.1,-6.08,-3.78
RouteID_f9dad277-5723-4c75-8ea8-62731ac32b58,161,209.04,203.06,5.98,2.86
RouteID_fa01bfe7-58df-4452-af60-297788a6df98,123,183.8,192.6,-8.8,-4.79
RouteID_fa07d962-0b8a-44a4-a0c2-9c09f6766e0c,168,178.25,192.65,-14.4,-8.08
RouteID_fa28d5cb-94e1-4cbc-8e9a-3b6c8ad140a6,119,118.17,119.8,-1.63,-1.38
RouteID_fa2d1f19-3768-40de-b56f-1607511d83c8,157,221.59,232.13,-10.54,-4.75
RouteID_fa4a3fcc-68e7-4acd-80de-6ca4bf1b0a9f,134,201.69,196.25,5.44,2.7
RouteID_fa4be18d-2db3-4d1c-864b-68476e16b47a,149,186.35,204.19,-17.84,-9.57
RouteID_fa4fadeb-d292-47cc-b945-0b7448ed41e5,146,224.0,219.34,4.66,2.08
RouteID_fa563800-0eab-4056-b159-93127c8ac4a3,125,193.6,196.26,-2.66,-1.37
RouteID_fa5e36ae-708e-43be-ac00-c25d110c8131,150,179.11,203.85,-24.74,-13.81
RouteID_fa5f77ea-c423-4f0c-8c44-5dd6e042216c,153,184.68,188.89,-4.21,-2.28
RouteID_fa6120df-eadb-4af3-b8c8-5e887ee5d014,158,190.22,218.48,-28.26,-14.85
RouteID_fa6abeff-7afa-44ab-a0cf-3fdbb164146c,175,227.07,250.22,-23.15,-10.19
RouteID_fa6d6dd9-0420-469b-ac02-def09b10e854,192,217.85,232.15,-14.3,-6.56
RouteID_fa706f44-d014-4ded-b967-b2b100eb4c23,145,201.69,194.09,7.6,3.77
RouteID_fa717416-921d-42a9-9719-81b9a7ec3491,119,145.24,147.65,-2.41,-1.66
RouteID_fa74b6b3-914b-451a-bc6a-57d609c881b3,125,159.85,153.29,6.56,4.1
RouteID_fa86fe13-5a01-4c74-a1f7-584582d0edc3,205,260.4,262.74,-2.34,-0.9
RouteID_fa8838e4-4667-4488-ae9f-8a469e5b7077,153,171.68,144.32,27.36,15.94
RouteID_fa90bf0c-2608-4ef9-bf60-89123fdd444e,147,202.12,195.74,6.38,3.16
RouteID_fa9199aa-5eed-4f17-82fd-080acdcbb43d,169,177.9,190.79,-12.88,-7.24
RouteID_faaf69b7-d9da-4147-a56d-abac94a7bfba,195,219.8,197.78,22.02,10.02
RouteID_fab54e10-524b-4dca-9465-3fae0b818d18,154,192.68,214.22,-21.54,-11.18
RouteID_fac9c0af-8248-40f7-8527-eefa2d1d4ae9,115,123.91,130.99,-7.07,-5.71
RouteID_faca00e0-c2c4-4fa3-bdd2-18f66ab4f89e,159,135.12,130.36,4.76,3.52
RouteID_fadece5d-2666-4e97-9bc0-e9f8d931509a,168,150.73,155.76,-5.04,-3.34
RouteID_faedbfaa-5429-4972-b9cc-62c3fafdaafb,160,246.55,257.06,-10.51,-4.26
RouteID_faf58f6b-886b-4247-8a7d-2313262be7f1,139,240.49,248.18,-7.69,-3.2
RouteID_faffc452-8663-484f-bbd8-7ace2b8bc694,127,117.83,116.59,1.24,1.05
RouteID_fb073e9d-d614-425a-9919-d1946f5d1e15,166,196.12,205.7,-9.58,-4.89
RouteID_fb25c00e-ae06-47da-8384-3ca4c436c3da,136,180.32,189.26,-8.94,-4.96
RouteID_fb3735ff-b5e0-4936-adf2-16cde695ce45,128,144.83,150.85,-6.02,-4.15
RouteID_fb3d4c88-6b24-4a5e-a37f-5866f6aa45b5,147,186.38,208.26,-21.88,-11.74
RouteID_fb613ccd-4902-426f-8a33-338b6fe61456,193,173.87,185.89,-12.02,-6.91
RouteID_fb68edef-15a2-4e59-9d3d-2fbc24e6fd6e,137,205.4,210.72,-5.33,-2.59
RouteID_fb712b77-72cb-4c7e-a45e-ae89395d7899,148,211.79,231.1,-19.3,-9.11
RouteID_fb76db03-42c9-469f-ba04-fdcead32be60,122,120.19,122.83,-2.65,-2.2
RouteID_fb8dbc04-db2b-4ea8-a450-c3fdc8b4c906,180,173.83,186.66,-12.83,-7.38
RouteID_fb92a892-8d66-442e-bd95-e82d95900397,163,182.09,181.7,0.4,0.22
RouteID_fbadb848-5fbf-439b-9012-99e0b54611b7,110,138.05,138.78,-0.73,-0.53
RouteID_fbb50d55-f790-450f-b080-131dd93342af,170,191.11,182.38,8.73,4.57
RouteID_fbb8b25e-ac21-4035-8b1d-dd04b5163058,128,209.91,222.71,-12.8,-6.1
RouteID_fbbff3c0-d8d1-4fe4-b7a5-1f6f80dd9cde,181,231.13,248.69,-17.55,-7.6
RouteID_fbc3bd0d-176c-4267-bdbc-62e14bf06cc1,148,185.94,191.62,-5.69,-3.06
RouteID_fbc6e4e2-5cb2-4367-a24d-833b76698f0f,159,206.61,205.55,1.05,0.51
RouteID_fbcce7ac-9fe0-441b-8dd6-9b5bf0990ebc,154,131.23,120.34,10.89,8.3
RouteID_fbe1c1e3-5536-44e5-8ce6-9ca987135714,98,153.41,133.7,19.7,12.84
RouteID_fbf0360f-3e3c-44d4-9d36-50a35231c277,146,209.62,193.67,15.95,7.61
RouteID_fbf71391-2e95-45f9-9f8e-8620cff27a3d,118,144.2,133.33,10.87,7.54
RouteID_fc01e190-22cf-4839-a055-ea241f3d4889,130,133.55,125.99,7.56,5.66
RouteID_fc079256-f052-4eea-8286-53b6c4edde7d,168,208.66,212.77,-4.12,-1.97
RouteID_fc094188-0a6b-434a-8f8c-7334834bf3bc,104,110.78,96.46,14.32,12.92
RouteID_fc13e886-7abc-4dfc-804e-f63ffe3160ee,183,163.58,174.25,-10.68,-6.53
RouteID_fc1d8f8d-673e-4685-83d2-744be8a0cf26,119,168.25,175.61,-7.36,-4.38
RouteID_fc31a670-3ff6-4f28-ae8a-6bce6fad083f,205,261.06,269.91,-8.84,-3.39
RouteID_fc332f85-287c-4942-a412-b8bb7f74bcad,150,196.61,205.74,-9.13,-4.64
RouteID_fc393b30-ed20-42b1-b8a3-7c5548b491df,147,164.37,172.56,-8.2,-4.99
RouteID_fc4158dc-bf6d-4beb-a5ef-9f3aa4f26f6a,44,44.18,41.36,2.82,6.38
RouteID_fc4786ea-053b-4942-b3d4-607b8d2dc7cc,111,144.49,148.4,-3.9,-2.7
RouteID_fc4e9c5d-b471-4c17-8c39-a2a820beb560,150,148.9,158.57,-9.67,-6.5
RouteID_fc592067-deb5-4870-8c59-dcb1ef08a0b2,178,191.03,201.22,-10.2,-5.34
RouteID_fc6559cc-322c-4da6-8df4-6e97eac6c231,201,226.73,223.36,3.37,1.49
RouteID_fc6d2d29-d1cc-4410-873a-9db798d6a6a9,186,246.2,250.79,-4.59,-1.87
RouteID_fc6e3132-409a-49ff-b946-eec7f0eb0409,185,209.8,238.37,-28.57,-13.62
RouteID_fc6f9678-20a6-4c83-857b-9c4df02240ae,125,149.57,155.64,-6.06,-4.05
RouteID_fc6ff0c9-581c-4ba7-9526-91879db69e30,124,209.43,212.45,-3.02,-1.44
RouteID_fc796f34-4e97-4fbc-ba06-a118989bccbc,116,89.33,88.85,0.48,0.53
RouteID_fc8b8a53-8355-4e21-98f7-1bebfef3de87,172,223.94,229.64,-5.7,-2.54
RouteID_fc945212-0f9c-47b6-a970-3035bcb10156,164,171.72,189.75,-18.03,-10.5
RouteID_fca811c7-be19-4c6a-8582-8042564523c8,136,210.26,207.66,2.59,1.23
RouteID_fcad2913-98c7-44a8-ab08-0a9fb5e5b324,173,144.18,155.91,-11.74,-8.14
RouteID_fcaf2c7b-eac6-493d-8a18-b016fc2a06a2,193,156.32,164.59,-8.27,-5.29
RouteID_fccc5eac-0af4-4a65-9764-42bf4f393a0f,196,178.46,167.99,10.47,5.86
RouteID_fcd7a290-d164-4e81-9b7c-3e4c3d3901d9,170,136.31,138.29,-1.98,-1.46
RouteID_fcf4528e-633a-47f8-8274-feea8be3222a,134,243.54,248.74,-5.2,-2.14
RouteID_fcff94b0-ab55-4b48-941a-58bba7bf5b67,102,117.98,116.29,1.69,1.43
RouteID_fd008e16-b033-4fc6-8e76-e5d809a1e90a,151,158.84,164.74,-5.9,-3.71
RouteID_fd0d87b1-d6ac-43df-abfa-e1f084a533d8,149,165.86,166.26,-0.39,-0.24
RouteID_fd0e16cf-10bc-43dd-a390-36fbea32cb30,133,182.24,202.36,-20.12,-11.04
RouteID_fd0e7d1a-0de7-47db-adef-e92bcd652ced,179,250.33,249.55,0.77,0.31
RouteID_fd16167a-809d-4994-a234-c99ccf33ba01,158,269.6,296.51,-26.91,-9.98
RouteID_fd18ef23-1f17-4d37-be2a-b9072281b52f,140,266.28,278.56,-12.28,-4.61
RouteID_fd1ac099-0363-41c1-9645-c16b57c3fb55,163,210.29,199.78,10.51,5.0
RouteID_fd1e40e1-1fcf-405e-99d1-c3e8da5aea3d,111,91.88,98.29,-6.41,-6.98
RouteID_fd1f7013-d996-402a-8bc0-89d4a9bac739,158,179.13,150.7,28.43,15.87
RouteID_fd22b825-a538-4e41-87c9-d7b4ce28fb5f,170,191.81,207.41,-15.6,-8.13
RouteID_fd2c5628-27a7-48f3-97de-7f19460ec563,163,222.69,248.45,-25.76,-11.57
RouteID_fd346d98-1ffb-43de-b3c6-73125a364a08,139,217.84,227.0,-9.15,-4.2
RouteID_fd3be704-a735-4132-9eb8-b230c05d6484,151,177.46,178.29,-0.83,-0.47
RouteID_fd42ede5-4a48-4ec4-83f2-f06b586478a9,168,219.3,224.74,-5.44,-2.48
RouteID_fd4eff90-8f8e-4b54-85f7-ce0a7af339e6,112,109.6,100.01,9.58,8.74
RouteID_fd55d5aa-30fd-4f6a-a30a-34eba88813e8,171,180.37,191.08,-10.7,-5.93
RouteID_fd7c7576-52fe-4ceb-876f-1f410f141105,191,185.6,204.19,-18.59,-10.02
RouteID_fd7f757b-abb6-436a-a9e6-0d96129eb95e,154,244.3,255.83,-11.53,-4.72
RouteID_fd8af8ba-101d-4d8a-bdee-55737cb3e905,193,215.53,234.87,-19.33,-8.97
RouteID_fd9d22bd-2778-4b15-9160-869acfd6efa6,162,223.03,240.57,-17.54,-7.87
RouteID_fda25deb-f73c-41df-aeca-e14edfc0c8b2,94,111.33,108.5,2.84,2.55
RouteID_fdc5d654-5ba1-48c2-a463-bdb746e29953,145,176.56,184.53,-7.97,-4.51
RouteID_fddbf10d-0732-43e1-88d6-421bfe6c6da2,191,274.85,300.5,-25.65,-9.33
RouteID_fdddf33b-18e3-480a-8b54-bb829045d935,134,165.08,164.25,0.83,0.51
RouteID_fde603ec-096a-471a-802f-99ffbc9d0f41,192,209.01,232.88,-23.86,-11.42
RouteID_fdf39434-8bd9-47c5-ae35-c9c3e252e370,172,167.53,166.17,1.36,0.81
RouteID_fdf60bf9-5a25-4065-a1d8-332600054d78,182,217.83,234.99,-17.16,-7.88
RouteID_fdfa5d8f-87cd-45ac-a837-11b15bdc6a47,151,156.83,155.84,1.0,0.64
RouteID_fe099673-6d68-47bb-a9d7-bff9afd268fa,148,157.42,146.15,11.26,7.16
RouteID_fe0a61a3-1eb2-4d56-811e-cdb8168fba37,162,139.71,142.01,-2.29,-1.64
RouteID_fe17ba21-18a7-4084-af19-04b7a6d8644a,143,158.38,160.66,-2.28,-1.44
RouteID_fe1db462-54ba-48f5-8c89-7fc921486a06,105,112.31,106.48,5.83,5.19
RouteID_fe2c4004-f3bf-4a2e-b1b8-43f870e4f185,131,140.94,134.61,6.33,4.49
RouteID_fe657652-9891-4658-8f71-81ade7cc41bd,162,198.99,203.45,-4.45,-2.24
RouteID_fe75ed88-b7ab-4f98-b0df-cb3132e1e705,142,168.89,173.51,-4.62,-2.74
RouteID_fe7b775d-8e7a-4534-885f-5cd333d03a22,128,159.52,154.05,5.47,3.43
RouteID_fe93f991-e74c-46da-9107-e735b898dca7,188,190.53,211.51,-20.98,-11.01
RouteID_fe973f9d-c28e-4ece-838c-af846433a5e1,193,274.29,264.04,10.25,3.74
RouteID_fe9d5d17-45c9-4e61-9e15-a8fb74f06be3,140,184.26,188.79,-4.53,-2.46
RouteID_fea0e59e-b076-4ce1-bffb-a1faef04a79d,114,116.67,104.59,12.07,10.35
RouteID_feac426d-a152-4be5-82a1-5f062bba5909,139,193.56,208.17,-14.61,-7.55
RouteID_fec86722-74d0-458a-ab33-4ed62eed5caf,134,148.59,148.12,0.47,0.32
RouteID_fed7932f-8ad4-4531-a34f-76798771b370,164,228.75,227.95,0.8,0.35
RouteID_fee60072-5ed1-4e8a-8054-85fec6ea726b,185,167.75,190.11,-22.36,-13.33
RouteID_ff1e8918-8166-4158-918d-a4a5ecd0030a,165,202.16,208.77,-6.61,-3.27
RouteID_ff249d75-e625-4c15-852e-6230700a907c,189,253.23,250.41,2.83,1.12
RouteID_ff3a81c7-b3c3-4c20-8ac0-d3044d7f9de5,183,202.39,219.17,-16.78,-8.29
RouteID_ff3c4430-40a2-4241-b598-51ef70977cb2,124,184.77,188.26,-3.49,-1.89
RouteID_ff525484-cfdb-42a8-9e3d-d232cb623a1c,182,212.74,240.11,-27.37,-12.87
RouteID_ff5407a7-bd0c-48a6-bdc4-17bfe24cb514,159,238.55,264.61,-26.06,-10.92
RouteID_ff540dff-b94f-461e-82d7-4b6798e6fff7,211,251.88,275.66,-23.78,-9.44
RouteID_ff569b4c-7481-4b11-9b27-cd4df9051787,162,206.77,202.54,4.22,2.04
RouteID_ff5df5aa-a86c-43cc-a3f6-a8b1491cee8f,160,219.67,248.42,-28.75,-13.09
RouteID_ff658a79-1cd4-43c9-9b02-9736a47d6f04,115,117.29,119.63,-2.34,-2.0
RouteID_ff6ac730-578d-4cf8-97c1-7337992e298b,172,156.65,163.53,-6.88,-4.39
RouteID_ff709338-da35-4864-ab32-6bcd8b75f953,193,199.55,197.95,1.6,0.8
RouteID_ff915688-4784-49a0-9ee6-f424f1768ca4,151,219.35,226.83,-7.47,-3.41
RouteID_ffbcdf1c-5631-488a-9b30-0e704fde8a3e,82,95.91,98.07,-2.16,-2.26
RouteID_ffc2b0c3-917a-4041-8fdd-399ffbd0752f,202,237.78,218.84,18.94,7.96
RouteID_ffc52bc8-6160-40f5-a3b7-cf6350dfac78,145,154.37,145.93,8.43,5.46
RouteID_ffd16e94-e3db-435f-a128-1ddcb2a34e54,83,115.94,110.18,5.75,4.96
RouteID_ffe98097-93df-44b0-9c45-4fedbafae3f3,149,216.84,233.49,-16.65,-7.68
RouteID_ffebb6fc-ce81-46db-b2a1-2750c0333185,190,219.01,220.88,-1.87,-0.85
RouteID_fff2548c-1069-4340-8e50-08420efe435d,75,102.64,98.82,3.82,3.72
RouteID_fffd257c-3041-4736-be7a-5efea8af1173,174,212.52,221.94,-9.42,-4.43
