route_id,n_nodes,qubit_count,exploration_percent,batch_count,xy_mixer,amazon_cost,hybrid_cost,cost_diff_abs,cost_diff_pct,improvement_pct,runtime_sec
RouteID_e55ef2d8-f806-4c87-a3a1-b62a3b79d51b,110,2,0.0,1,False,5373.1,5901.4,528.3,9.83,-9.83,3.823
RouteID_e55ef2d8-f806-4c87-a3a1-b62a3b79d51b,110,2,0.0,2,False,5373.1,5620.0,246.9,4.6,-4.6,1.924
RouteID_e55ef2d8-f806-4c87-a3a1-b62a3b79d51b,110,2,0.2,1,False,5373.1,5901.4,528.3,9.83,-9.83,3.786
RouteID_e55ef2d8-f806-4c87-a3a1-b62a3b79d51b,110,2,0.2,2,False,5373.1,5620.0,246.9,4.6,-4.6,1.896
RouteID_e55ef2d8-f806-4c87-a3a1-b62a3b79d51b,110,3,0.0,1,False,5373.1,4978.3,-394.8,-7.35,7.35,8.407
RouteID_e55ef2d8-f806-4c87-a3a1-b62a3b79d51b,110,3,0.0,2,False,5373.1,4807.1,-566.0,-10.53,10.53,4.248
RouteID_e55ef2d8-f806-4c87-a3a1-b62a3b79d51b,110,3,0.0,3,False,5373.1,5243.5,-129.6,-2.41,2.41,2.856
RouteID_e55ef2d8-f806-4c87-a3a1-b62a3b79d51b,110,3,0.2,1,False,5373.1,4978.3,-394.8,-7.35,7.35,8.353
RouteID_e55ef2d8-f806-4c87-a3a1-b62a3b79d51b,110,3,0.2,2,False,5373.1,4807.1,-566.0,-10.53,10.53,4.382
RouteID_e55ef2d8-f806-4c87-a3a1-b62a3b79d51b,110,3,0.2,3,False,5373.1,5243.5,-129.6,-2.41,2.41,2.845
RouteID_7fdfbbb9-570a-48e1-a357-401d7d059f31,127,2,0.0,1,False,14634.5,15155.5,521.0,3.56,-3.56,4.389
RouteID_7fdfbbb9-570a-48e1-a357-401d7d059f31,127,2,0.0,2,False,14634.5,16007.5,1373.0,9.38,-9.38,2.331
RouteID_7fdfbbb9-570a-48e1-a357-401d7d059f31,127,2,0.2,1,False,14634.5,15155.5,521.0,3.56,-3.56,4.374
RouteID_7fdfbbb9-570a-48e1-a357-401d7d059f31,127,2,0.2,2,False,14634.5,16007.5,1373.0,9.38,-9.38,2.332
RouteID_7fdfbbb9-570a-48e1-a357-401d7d059f31,127,3,0.0,1,False,14634.5,15233.6,599.1,4.09,-4.09,9.724
RouteID_7fdfbbb9-570a-48e1-a357-401d7d059f31,127,3,0.0,2,False,14634.5,14832.5,198.0,1.35,-1.35,5.007
RouteID_7fdfbbb9-570a-48e1-a357-401d7d059f31,127,3,0.0,3,False,14634.5,15712.9,1078.4,7.37,-7.37,3.266
RouteID_7fdfbbb9-570a-48e1-a357-401d7d059f31,127,3,0.2,1,False,14634.5,15233.6,599.1,4.09,-4.09,9.646
RouteID_7fdfbbb9-570a-48e1-a357-401d7d059f31,127,3,0.2,2,False,14634.5,14832.5,198.0,1.35,-1.35,5.068
RouteID_7fdfbbb9-570a-48e1-a357-401d7d059f31,127,3,0.2,3,False,14634.5,15712.9,1078.4,7.37,-7.37,3.305
RouteID_f472323a-6317-45fe-adde-5539e463687f,155,2,0.0,1,False,11785.2,13359.5,1574.3,13.36,-13.36,5.112
RouteID_f472323a-6317-45fe-adde-5539e463687f,155,2,0.0,2,False,11785.2,13769.9,1984.7,16.84,-16.84,2.829
RouteID_f472323a-6317-45fe-adde-5539e463687f,155,2,0.2,1,False,11785.2,13359.5,1574.3,13.36,-13.36,5.183
RouteID_f472323a-6317-45fe-adde-5539e463687f,155,2,0.2,2,False,11785.2,13769.9,1984.7,16.84,-16.84,2.821
RouteID_f472323a-6317-45fe-adde-5539e463687f,155,3,0.0,1,False,11785.2,11276.1,-509.1,-4.32,4.32,11.771
RouteID_f472323a-6317-45fe-adde-5539e463687f,155,3,0.0,2,False,11785.2,12022.0,236.8,2.01,-2.01,6.06
RouteID_f472323a-6317-45fe-adde-5539e463687f,155,3,0.0,3,False,11785.2,11612.7,-172.5,-1.46,1.46,4.022
RouteID_f472323a-6317-45fe-adde-5539e463687f,155,3,0.2,1,False,11785.2,11276.1,-509.1,-4.32,4.32,11.812
RouteID_f472323a-6317-45fe-adde-5539e463687f,155,3,0.2,2,False,11785.2,12022.0,236.8,2.01,-2.01,6.104
RouteID_f472323a-6317-45fe-adde-5539e463687f,155,3,0.2,3,False,11785.2,11612.7,-172.5,-1.46,1.46,4.047
RouteID_539d83c2-0f77-496a-a68c-9431daf9186f,119,2,0.0,1,False,11495.8,9874.7,-1621.1,-14.1,14.1,4.108
RouteID_539d83c2-0f77-496a-a68c-9431daf9186f,119,2,0.0,2,False,11495.8,10257.7,-1238.1,-10.77,10.77,2.131
RouteID_539d83c2-0f77-496a-a68c-9431daf9186f,119,2,0.2,1,False,11495.8,9874.7,-1621.1,-14.1,14.1,4.089
RouteID_539d83c2-0f77-496a-a68c-9431daf9186f,119,2,0.2,2,False,11495.8,10257.7,-1238.1,-10.77,10.77,2.211
RouteID_539d83c2-0f77-496a-a68c-9431daf9186f,119,3,0.0,1,False,11495.8,9719.1,-1776.7,-15.46,15.46,9.083
RouteID_539d83c2-0f77-496a-a68c-9431daf9186f,119,3,0.0,2,False,11495.8,10581.9,-913.9,-7.95,7.95,4.59
RouteID_539d83c2-0f77-496a-a68c-9431daf9186f,119,3,0.0,3,False,11495.8,10726.0,-769.8,-6.7,6.7,3.134
RouteID_539d83c2-0f77-496a-a68c-9431daf9186f,119,3,0.2,1,False,11495.8,9719.1,-1776.7,-15.46,15.46,9.275
RouteID_539d83c2-0f77-496a-a68c-9431daf9186f,119,3,0.2,2,False,11495.8,10581.9,-913.9,-7.95,7.95,4.557
RouteID_539d83c2-0f77-496a-a68c-9431daf9186f,119,3,0.2,3,False,11495.8,10726.0,-769.8,-6.7,6.7,3.101
RouteID_a44c08be-1a04-4b84-89c0-4d4f85aafa70,82,2,0.0,1,False,4610.4,4600.7,-9.7,-0.21,0.21,2.726
RouteID_a44c08be-1a04-4b84-89c0-4d4f85aafa70,82,2,0.0,2,False,4610.4,4993.2,382.8,8.3,-8.3,1.387
RouteID_a44c08be-1a04-4b84-89c0-4d4f85aafa70,82,2,0.2,1,False,4610.4,4600.7,-9.7,-0.21,0.21,2.776
RouteID_a44c08be-1a04-4b84-89c0-4d4f85aafa70,82,2,0.2,2,False,4610.4,4993.2,382.8,8.3,-8.3,1.42
RouteID_a44c08be-1a04-4b84-89c0-4d4f85aafa70,82,3,0.0,1,False,4610.4,4173.8,-436.6,-9.47,9.47,6.01
RouteID_a44c08be-1a04-4b84-89c0-4d4f85aafa70,82,3,0.0,2,False,4610.4,4783.6,173.2,3.76,-3.76,3.044
RouteID_a44c08be-1a04-4b84-89c0-4d4f85aafa70,82,3,0.0,3,False,4610.4,4520.2,-90.2,-1.96,1.96,2.136
RouteID_a44c08be-1a04-4b84-89c0-4d4f85aafa70,82,3,0.2,1,False,4610.4,4173.8,-436.6,-9.47,9.47,6.038
RouteID_a44c08be-1a04-4b84-89c0-4d4f85aafa70,82,3,0.2,2,False,4610.4,4783.6,173.2,3.76,-3.76,3.034
RouteID_a44c08be-1a04-4b84-89c0-4d4f85aafa70,82,3,0.2,3,False,4610.4,4520.2,-90.2,-1.96,1.96,2.145
RouteID_2a07cb21-7891-47c8-8ac4-fff22341e072,112,2,0.0,1,False,10381.5,9180.3,-1201.2,-11.57,11.57,3.844
RouteID_2a07cb21-7891-47c8-8ac4-fff22341e072,112,2,0.0,2,False,10381.5,9980.5,-401.0,-3.86,3.86,1.948
RouteID_2a07cb21-7891-47c8-8ac4-fff22341e072,112,2,0.2,1,False,10381.5,9180.3,-1201.2,-11.57,11.57,3.834
RouteID_2a07cb21-7891-47c8-8ac4-fff22341e072,112,2,0.2,2,False,10381.5,9980.5,-401.0,-3.86,3.86,1.983
RouteID_2a07cb21-7891-47c8-8ac4-fff22341e072,112,3,0.0,1,False,10381.5,8824.9,-1556.6,-14.99,14.99,8.512
RouteID_2a07cb21-7891-47c8-8ac4-fff22341e072,112,3,0.0,2,False,10381.5,9304.7,-1076.8,-10.37,10.37,4.414
RouteID_2a07cb21-7891-47c8-8ac4-fff22341e072,112,3,0.0,3,False,10381.5,8971.1,-1410.4,-13.59,13.59,2.975
RouteID_2a07cb21-7891-47c8-8ac4-fff22341e072,112,3,0.2,1,False,10381.5,8824.9,-1556.6,-14.99,14.99,8.386
RouteID_2a07cb21-7891-47c8-8ac4-fff22341e072,112,3,0.2,2,False,10381.5,9304.7,-1076.8,-10.37,10.37,4.363
RouteID_2a07cb21-7891-47c8-8ac4-fff22341e072,112,3,0.2,3,False,10381.5,8971.1,-1410.4,-13.59,13.59,2.969
RouteID_bf03719f-b5bd-4648-9c2d-bf1121a08547,148,2,0.0,1,False,13059.2,13358.1,298.9,2.29,-2.29,5.11
RouteID_bf03719f-b5bd-4648-9c2d-bf1121a08547,148,2,0.0,2,False,13059.2,13255.8,196.6,1.51,-1.51,2.716
RouteID_bf03719f-b5bd-4648-9c2d-bf1121a08547,148,2,0.2,1,False,13059.2,13358.1,298.9,2.29,-2.29,5.108
RouteID_bf03719f-b5bd-4648-9c2d-bf1121a08547,148,2,0.2,2,False,13059.2,13255.8,196.6,1.51,-1.51,2.689
RouteID_bf03719f-b5bd-4648-9c2d-bf1121a08547,148,3,0.0,1,False,13059.2,12232.4,-826.8,-6.33,6.33,11.251
RouteID_bf03719f-b5bd-4648-9c2d-bf1121a08547,148,3,0.0,2,False,13059.2,13080.5,21.3,0.16,-0.16,5.793
RouteID_bf03719f-b5bd-4648-9c2d-bf1121a08547,148,3,0.0,3,False,13059.2,13362.4,303.2,2.32,-2.32,3.94
RouteID_bf03719f-b5bd-4648-9c2d-bf1121a08547,148,3,0.2,1,False,13059.2,12232.4,-826.8,-6.33,6.33,11.28
RouteID_bf03719f-b5bd-4648-9c2d-bf1121a08547,148,3,0.2,2,False,13059.2,13080.5,21.3,0.16,-0.16,5.822
RouteID_bf03719f-b5bd-4648-9c2d-bf1121a08547,148,3,0.2,3,False,13059.2,13362.4,303.2,2.32,-2.32,3.971
RouteID_5a6f3943-d3c0-4b2e-9717-03a32d8a89be,155,2,0.0,1,False,10727.5,12233.5,1506.0,14.04,-14.04,5.406
RouteID_5a6f3943-d3c0-4b2e-9717-03a32d8a89be,155,2,0.0,2,False,10727.5,12774.3,2046.8,19.08,-19.08,2.907
RouteID_5a6f3943-d3c0-4b2e-9717-03a32d8a89be,155,2,0.2,1,False,10727.5,12233.5,1506.0,14.04,-14.04,5.371
RouteID_5a6f3943-d3c0-4b2e-9717-03a32d8a89be,155,2,0.2,2,False,10727.5,12774.3,2046.8,19.08,-19.08,2.811
RouteID_5a6f3943-d3c0-4b2e-9717-03a32d8a89be,155,3,0.0,1,False,10727.5,11713.0,985.5,9.19,-9.19,11.76
RouteID_5a6f3943-d3c0-4b2e-9717-03a32d8a89be,155,3,0.0,2,False,10727.5,11409.2,681.7,6.35,-6.35,6.138
RouteID_5a6f3943-d3c0-4b2e-9717-03a32d8a89be,155,3,0.0,3,False,10727.5,12606.5,1879.0,17.52,-17.52,3.992
RouteID_5a6f3943-d3c0-4b2e-9717-03a32d8a89be,155,3,0.2,1,False,10727.5,11713.0,985.5,9.19,-9.19,11.715
RouteID_5a6f3943-d3c0-4b2e-9717-03a32d8a89be,155,3,0.2,2,False,10727.5,11409.2,681.7,6.35,-6.35,6.092
RouteID_5a6f3943-d3c0-4b2e-9717-03a32d8a89be,155,3,0.2,3,False,10727.5,12606.5,1879.0,17.52,-17.52,3.993
RouteID_77641303-c91e-47a5-b4f7-18f681b21e66,189,2,0.0,1,False,13232.5,14265.0,1032.5,7.8,-7.8,6.595
RouteID_77641303-c91e-47a5-b4f7-18f681b21e66,189,2,0.0,2,False,13232.5,14967.6,1735.1,13.11,-13.11,3.358
RouteID_77641303-c91e-47a5-b4f7-18f681b21e66,189,2,0.2,1,False,13232.5,14265.0,1032.5,7.8,-7.8,6.737
RouteID_77641303-c91e-47a5-b4f7-18f681b21e66,189,2,0.2,2,False,13232.5,14967.6,1735.1,13.11,-13.11,3.333
RouteID_77641303-c91e-47a5-b4f7-18f681b21e66,189,3,0.0,1,False,13232.5,14755.0,1522.5,11.51,-11.51,14.558
RouteID_77641303-c91e-47a5-b4f7-18f681b21e66,189,3,0.0,2,False,13232.5,14207.4,974.9,7.37,-7.37,7.203
RouteID_77641303-c91e-47a5-b4f7-18f681b21e66,189,3,0.0,3,False,13232.5,14571.4,1338.9,10.12,-10.12,4.905
RouteID_77641303-c91e-47a5-b4f7-18f681b21e66,189,3,0.2,1,False,13232.5,14755.0,1522.5,11.51,-11.51,14.381
RouteID_77641303-c91e-47a5-b4f7-18f681b21e66,189,3,0.2,2,False,13232.5,14207.4,974.9,7.37,-7.37,7.253
RouteID_77641303-c91e-47a5-b4f7-18f681b21e66,189,3,0.2,3,False,13232.5,14571.4,1338.9,10.12,-10.12,4.995
RouteID_5ce9a389-d2ee-4f81-9dda-274f10134446,179,2,0.0,1,False,12116.6,13513.5,1396.9,11.53,-11.53,6.007
RouteID_5ce9a389-d2ee-4f81-9dda-274f10134446,179,2,0.0,2,False,12116.6,14456.9,2340.3,19.31,-19.31,3.026
RouteID_5ce9a389-d2ee-4f81-9dda-274f10134446,179,2,0.2,1,False,12116.6,13513.5,1396.9,11.53,-11.53,6.027
RouteID_5ce9a389-d2ee-4f81-9dda-274f10134446,179,2,0.2,2,False,12116.6,14456.9,2340.3,19.31,-19.31,2.999
RouteID_5ce9a389-d2ee-4f81-9dda-274f10134446,179,3,0.0,1,False,12116.6,11707.4,-409.2,-3.38,3.38,13.557
RouteID_5ce9a389-d2ee-4f81-9dda-274f10134446,179,3,0.0,2,False,12116.6,12622.8,506.2,4.18,-4.18,6.808
RouteID_5ce9a389-d2ee-4f81-9dda-274f10134446,179,3,0.0,3,False,12116.6,13965.0,1848.4,15.26,-15.26,4.735
RouteID_5ce9a389-d2ee-4f81-9dda-274f10134446,179,3,0.2,1,False,12116.6,11707.4,-409.2,-3.38,3.38,13.465
RouteID_5ce9a389-d2ee-4f81-9dda-274f10134446,179,3,0.2,2,False,12116.6,12622.8,506.2,4.18,-4.18,6.801
RouteID_5ce9a389-d2ee-4f81-9dda-274f10134446,179,3,0.2,3,False,12116.6,13965.0,1848.4,15.26,-15.26,4.609
RouteID_7a847b3b-db2d-4e43-bd2b-4a9ca0beb1de,120,2,0.0,1,False,6876.8,7776.9,900.1,13.09,-13.09,4.017
RouteID_7a847b3b-db2d-4e43-bd2b-4a9ca0beb1de,120,2,0.0,2,False,6876.8,8436.8,1560.0,22.68,-22.68,2.026
RouteID_7a847b3b-db2d-4e43-bd2b-4a9ca0beb1de,120,2,0.2,1,False,6876.8,7776.9,900.1,13.09,-13.09,3.977
RouteID_7a847b3b-db2d-4e43-bd2b-4a9ca0beb1de,120,2,0.2,2,False,6876.8,8436.8,1560.0,22.68,-22.68,2.013
RouteID_7a847b3b-db2d-4e43-bd2b-4a9ca0beb1de,120,3,0.0,1,False,6876.8,7203.3,326.5,4.75,-4.75,9.065
RouteID_7a847b3b-db2d-4e43-bd2b-4a9ca0beb1de,120,3,0.0,2,False,6876.8,7562.4,685.6,9.97,-9.97,4.527
RouteID_7a847b3b-db2d-4e43-bd2b-4a9ca0beb1de,120,3,0.0,3,False,6876.8,6871.5,-5.3,-0.08,0.08,3.179
RouteID_7a847b3b-db2d-4e43-bd2b-4a9ca0beb1de,120,3,0.2,1,False,6876.8,7203.3,326.5,4.75,-4.75,9.068
RouteID_7a847b3b-db2d-4e43-bd2b-4a9ca0beb1de,120,3,0.2,2,False,6876.8,7562.4,685.6,9.97,-9.97,4.637
RouteID_7a847b3b-db2d-4e43-bd2b-4a9ca0beb1de,120,3,0.2,3,False,6876.8,6871.5,-5.3,-0.08,0.08,3.124
RouteID_6d97fca3-ebf9-4a03-b0e3-2dd99a73421e,177,2,0.0,1,False,10655.8,11927.0,1271.2,11.93,-11.93,6.088
RouteID_6d97fca3-ebf9-4a03-b0e3-2dd99a73421e,177,2,0.0,2,False,10655.8,13265.5,2609.7,24.49,-24.49,3.179
RouteID_6d97fca3-ebf9-4a03-b0e3-2dd99a73421e,177,2,0.2,1,False,10655.8,11927.0,1271.2,11.93,-11.93,6.103
RouteID_6d97fca3-ebf9-4a03-b0e3-2dd99a73421e,177,2,0.2,2,False,10655.8,13265.5,2609.7,24.49,-24.49,3.152
RouteID_6d97fca3-ebf9-4a03-b0e3-2dd99a73421e,177,3,0.0,1,False,10655.8,11599.1,943.3,8.85,-8.85,13.3
RouteID_6d97fca3-ebf9-4a03-b0e3-2dd99a73421e,177,3,0.0,2,False,10655.8,10846.1,190.3,1.79,-1.79,6.989
RouteID_6d97fca3-ebf9-4a03-b0e3-2dd99a73421e,177,3,0.0,3,False,10655.8,12325.1,1669.3,15.67,-15.67,4.535
RouteID_6d97fca3-ebf9-4a03-b0e3-2dd99a73421e,177,3,0.2,1,False,10655.8,11599.1,943.3,8.85,-8.85,13.438
RouteID_6d97fca3-ebf9-4a03-b0e3-2dd99a73421e,177,3,0.2,2,False,10655.8,10846.1,190.3,1.79,-1.79,6.843
RouteID_6d97fca3-ebf9-4a03-b0e3-2dd99a73421e,177,3,0.2,3,False,10655.8,12325.1,1669.3,15.67,-15.67,4.53
RouteID_26f77562-2448-4590-8be2-3c71efcfecc7,143,2,0.0,1,False,10317.6,10650.6,333.0,3.23,-3.23,4.824
RouteID_26f77562-2448-4590-8be2-3c71efcfecc7,143,2,0.0,2,False,10317.6,11076.6,759.0,7.36,-7.36,2.601
RouteID_26f77562-2448-4590-8be2-3c71efcfecc7,143,2,0.2,1,False,10317.6,10650.6,333.0,3.23,-3.23,4.843
RouteID_26f77562-2448-4590-8be2-3c71efcfecc7,143,2,0.2,2,False,10317.6,11076.6,759.0,7.36,-7.36,2.6
RouteID_26f77562-2448-4590-8be2-3c71efcfecc7,143,3,0.0,1,False,10317.6,9730.7,-586.9,-5.69,5.69,11.062
RouteID_26f77562-2448-4590-8be2-3c71efcfecc7,143,3,0.0,2,False,10317.6,10040.5,-277.1,-2.69,2.69,5.516
RouteID_26f77562-2448-4590-8be2-3c71efcfecc7,143,3,0.0,3,False,10317.6,12177.3,1859.7,18.02,-18.02,3.687
RouteID_26f77562-2448-4590-8be2-3c71efcfecc7,143,3,0.2,1,False,10317.6,9730.7,-586.9,-5.69,5.69,10.962
RouteID_26f77562-2448-4590-8be2-3c71efcfecc7,143,3,0.2,2,False,10317.6,10040.5,-277.1,-2.69,2.69,5.555
RouteID_26f77562-2448-4590-8be2-3c71efcfecc7,143,3,0.2,3,False,10317.6,12177.3,1859.7,18.02,-18.02,3.668
RouteID_cb5354b2-6fa7-4299-8ebb-da6500e2044c,165,2,0.0,1,False,14639.7,14728.5,88.8,0.61,-0.61,5.597
RouteID_cb5354b2-6fa7-4299-8ebb-da6500e2044c,165,2,0.0,2,False,14639.7,16159.7,1520.0,10.38,-10.38,2.85
RouteID_cb5354b2-6fa7-4299-8ebb-da6500e2044c,165,2,0.2,1,False,14639.7,14728.5,88.8,0.61,-0.61,5.668
RouteID_cb5354b2-6fa7-4299-8ebb-da6500e2044c,165,2,0.2,2,False,14639.7,16159.7,1520.0,10.38,-10.38,2.852
RouteID_cb5354b2-6fa7-4299-8ebb-da6500e2044c,165,3,0.0,1,False,14639.7,14811.3,171.6,1.17,-1.17,12.297
RouteID_cb5354b2-6fa7-4299-8ebb-da6500e2044c,165,3,0.0,2,False,14639.7,14910.9,271.2,1.85,-1.85,6.241
RouteID_cb5354b2-6fa7-4299-8ebb-da6500e2044c,165,3,0.0,3,False,14639.7,15494.8,855.1,5.84,-5.84,4.237
RouteID_cb5354b2-6fa7-4299-8ebb-da6500e2044c,165,3,0.2,1,False,14639.7,14811.3,171.6,1.17,-1.17,12.438
RouteID_cb5354b2-6fa7-4299-8ebb-da6500e2044c,165,3,0.2,2,False,14639.7,14910.9,271.2,1.85,-1.85,6.346
RouteID_cb5354b2-6fa7-4299-8ebb-da6500e2044c,165,3,0.2,3,False,14639.7,15494.8,855.1,5.84,-5.84,4.165
RouteID_846dc94d-9cbc-43f0-a537-4a81c8d7fa8d,152,2,0.0,1,False,9477.7,11452.3,1974.6,20.83,-20.83,5.016
RouteID_846dc94d-9cbc-43f0-a537-4a81c8d7fa8d,152,2,0.0,2,False,9477.7,11936.6,2458.9,25.94,-25.94,2.521
RouteID_846dc94d-9cbc-43f0-a537-4a81c8d7fa8d,152,2,0.2,1,False,9477.7,11452.3,1974.6,20.83,-20.83,4.967
RouteID_846dc94d-9cbc-43f0-a537-4a81c8d7fa8d,152,2,0.2,2,False,9477.7,11936.6,2458.9,25.94,-25.94,2.526
RouteID_846dc94d-9cbc-43f0-a537-4a81c8d7fa8d,152,3,0.0,1,False,9477.7,9189.7,-288.0,-3.04,3.04,11.423
RouteID_846dc94d-9cbc-43f0-a537-4a81c8d7fa8d,152,3,0.0,2,False,9477.7,10621.8,1144.1,12.07,-12.07,5.647
RouteID_846dc94d-9cbc-43f0-a537-4a81c8d7fa8d,152,3,0.0,3,False,9477.7,11381.5,1903.8,20.09,-20.09,3.823
RouteID_846dc94d-9cbc-43f0-a537-4a81c8d7fa8d,152,3,0.2,1,False,9477.7,9189.7,-288.0,-3.04,3.04,11.473
RouteID_846dc94d-9cbc-43f0-a537-4a81c8d7fa8d,152,3,0.2,2,False,9477.7,10621.8,1144.1,12.07,-12.07,5.724
RouteID_846dc94d-9cbc-43f0-a537-4a81c8d7fa8d,152,3,0.2,3,False,9477.7,11381.5,1903.8,20.09,-20.09,3.785
RouteID_2ba4da65-464e-477d-81f6-a3faf8990dc8,91,2,0.0,1,False,4614.0,6565.5,1951.5,42.3,-42.3,2.944
RouteID_2ba4da65-464e-477d-81f6-a3faf8990dc8,91,2,0.0,2,False,4614.0,6091.1,1477.1,32.01,-32.01,1.494
RouteID_2ba4da65-464e-477d-81f6-a3faf8990dc8,91,2,0.2,1,False,4614.0,6565.5,1951.5,42.3,-42.3,2.962
RouteID_2ba4da65-464e-477d-81f6-a3faf8990dc8,91,2,0.2,2,False,4614.0,6091.1,1477.1,32.01,-32.01,1.491
RouteID_2ba4da65-464e-477d-81f6-a3faf8990dc8,91,3,0.0,1,False,4614.0,4779.8,165.8,3.59,-3.59,6.676
RouteID_2ba4da65-464e-477d-81f6-a3faf8990dc8,91,3,0.0,2,False,4614.0,4700.2,86.2,1.87,-1.87,3.511
RouteID_2ba4da65-464e-477d-81f6-a3faf8990dc8,91,3,0.0,3,False,4614.0,5439.3,825.3,17.89,-17.89,2.272
RouteID_2ba4da65-464e-477d-81f6-a3faf8990dc8,91,3,0.2,1,False,4614.0,4779.8,165.8,3.59,-3.59,6.702
RouteID_2ba4da65-464e-477d-81f6-a3faf8990dc8,91,3,0.2,2,False,4614.0,4700.2,86.2,1.87,-1.87,3.498
RouteID_2ba4da65-464e-477d-81f6-a3faf8990dc8,91,3,0.2,3,False,4614.0,5439.3,825.3,17.89,-17.89,2.297
RouteID_2b8d0784-bd3c-4632-918e-bd0f51c0ace1,130,2,0.0,1,False,9573.1,9955.4,382.3,3.99,-3.99,4.345
RouteID_2b8d0784-bd3c-4632-918e-bd0f51c0ace1,130,2,0.0,2,False,9573.1,12380.2,2807.1,29.32,-29.32,2.169
RouteID_2b8d0784-bd3c-4632-918e-bd0f51c0ace1,130,2,0.2,1,False,9573.1,9955.4,382.3,3.99,-3.99,4.336
RouteID_2b8d0784-bd3c-4632-918e-bd0f51c0ace1,130,2,0.2,2,False,9573.1,12380.2,2807.1,29.32,-29.32,2.196
RouteID_2b8d0784-bd3c-4632-918e-bd0f51c0ace1,130,3,0.0,1,False,9573.1,9882.7,309.6,3.23,-3.23,9.733
RouteID_2b8d0784-bd3c-4632-918e-bd0f51c0ace1,130,3,0.0,2,False,9573.1,9508.0,-65.1,-0.68,0.68,4.955
RouteID_2b8d0784-bd3c-4632-918e-bd0f51c0ace1,130,3,0.0,3,False,9573.1,12230.4,2657.3,27.76,-27.76,3.278
RouteID_2b8d0784-bd3c-4632-918e-bd0f51c0ace1,130,3,0.2,1,False,9573.1,9882.7,309.6,3.23,-3.23,9.676
RouteID_2b8d0784-bd3c-4632-918e-bd0f51c0ace1,130,3,0.2,2,False,9573.1,9508.0,-65.1,-0.68,0.68,4.897
RouteID_2b8d0784-bd3c-4632-918e-bd0f51c0ace1,130,3,0.2,3,False,9573.1,12230.4,2657.3,27.76,-27.76,3.283
RouteID_a7a5c051-efea-431f-998a-f4bb8454e7e3,133,2,0.0,1,False,9795.7,9880.9,85.2,0.87,-0.87,4.63
RouteID_a7a5c051-efea-431f-998a-f4bb8454e7e3,133,2,0.0,2,False,9795.7,12834.3,3038.6,31.02,-31.02,2.181
RouteID_a7a5c051-efea-431f-998a-f4bb8454e7e3,133,2,0.2,1,False,9795.7,9880.9,85.2,0.87,-0.87,4.543
RouteID_a7a5c051-efea-431f-998a-f4bb8454e7e3,133,2,0.2,2,False,9795.7,12834.3,3038.6,31.02,-31.02,2.183
RouteID_a7a5c051-efea-431f-998a-f4bb8454e7e3,133,3,0.0,1,False,9795.7,9009.6,-786.1,-8.02,8.02,9.975
RouteID_a7a5c051-efea-431f-998a-f4bb8454e7e3,133,3,0.0,2,False,9795.7,11274.9,1479.2,15.1,-15.1,4.99
RouteID_a7a5c051-efea-431f-998a-f4bb8454e7e3,133,3,0.0,3,False,9795.7,10212.7,417.0,4.26,-4.26,3.551
RouteID_a7a5c051-efea-431f-998a-f4bb8454e7e3,133,3,0.2,1,False,9795.7,9009.6,-786.1,-8.02,8.02,9.891
RouteID_a7a5c051-efea-431f-998a-f4bb8454e7e3,133,3,0.2,2,False,9795.7,11274.9,1479.2,15.1,-15.1,4.933
RouteID_a7a5c051-efea-431f-998a-f4bb8454e7e3,133,3,0.2,3,False,9795.7,10212.7,417.0,4.26,-4.26,3.515
RouteID_32560369-e517-4c2e-9aa0-046417dab413,115,2,0.0,1,False,5562.9,7908.1,2345.2,42.16,-42.16,3.853
RouteID_32560369-e517-4c2e-9aa0-046417dab413,115,2,0.0,2,False,5562.9,7062.5,1499.6,26.96,-26.96,2.007
RouteID_32560369-e517-4c2e-9aa0-046417dab413,115,2,0.2,1,False,5562.9,7908.1,2345.2,42.16,-42.16,3.747
RouteID_32560369-e517-4c2e-9aa0-046417dab413,115,2,0.2,2,False,5562.9,7062.5,1499.6,26.96,-26.96,2.008
RouteID_32560369-e517-4c2e-9aa0-046417dab413,115,3,0.0,1,False,5562.9,6069.5,506.6,9.11,-9.11,8.561
RouteID_32560369-e517-4c2e-9aa0-046417dab413,115,3,0.0,2,False,5562.9,6001.9,439.0,7.89,-7.89,4.371
RouteID_32560369-e517-4c2e-9aa0-046417dab413,115,3,0.0,3,False,5562.9,7645.3,2082.4,37.43,-37.43,2.859
RouteID_32560369-e517-4c2e-9aa0-046417dab413,115,3,0.2,1,False,5562.9,6069.5,506.6,9.11,-9.11,8.62
RouteID_32560369-e517-4c2e-9aa0-046417dab413,115,3,0.2,2,False,5562.9,6001.9,439.0,7.89,-7.89,4.29
RouteID_32560369-e517-4c2e-9aa0-046417dab413,115,3,0.2,3,False,5562.9,7645.3,2082.4,37.43,-37.43,2.862
RouteID_caf1e02f-52a4-4d97-9efe-3c1a396d7c0d,130,2,0.0,1,False,15925.2,16096.8,171.6,1.08,-1.08,4.554
RouteID_caf1e02f-52a4-4d97-9efe-3c1a396d7c0d,130,2,0.0,2,False,15925.2,15509.0,-416.2,-2.61,2.61,2.346
RouteID_caf1e02f-52a4-4d97-9efe-3c1a396d7c0d,130,2,0.2,1,False,15925.2,16096.8,171.6,1.08,-1.08,4.542
RouteID_caf1e02f-52a4-4d97-9efe-3c1a396d7c0d,130,2,0.2,2,False,15925.2,15509.0,-416.2,-2.61,2.61,2.346
RouteID_caf1e02f-52a4-4d97-9efe-3c1a396d7c0d,130,3,0.0,1,False,15925.2,14837.9,-1087.3,-6.83,6.83,9.937
RouteID_caf1e02f-52a4-4d97-9efe-3c1a396d7c0d,130,3,0.0,2,False,15925.2,15886.0,-39.2,-0.25,0.25,5.015
RouteID_caf1e02f-52a4-4d97-9efe-3c1a396d7c0d,130,3,0.0,3,False,15925.2,16947.3,1022.1,6.42,-6.42,3.478
RouteID_caf1e02f-52a4-4d97-9efe-3c1a396d7c0d,130,3,0.2,1,False,15925.2,14837.9,-1087.3,-6.83,6.83,9.982
RouteID_caf1e02f-52a4-4d97-9efe-3c1a396d7c0d,130,3,0.2,2,False,15925.2,15886.0,-39.2,-0.25,0.25,4.986
RouteID_caf1e02f-52a4-4d97-9efe-3c1a396d7c0d,130,3,0.2,3,False,15925.2,16947.3,1022.1,6.42,-6.42,3.421
RouteID_19d801b0-910b-46bb-ad04-7af6eb38d258,116,2,0.0,1,False,8565.9,9298.1,732.2,8.55,-8.55,3.928
RouteID_19d801b0-910b-46bb-ad04-7af6eb38d258,116,2,0.0,2,False,8565.9,8944.2,378.3,4.42,-4.42,1.999
RouteID_19d801b0-910b-46bb-ad04-7af6eb38d258,116,2,0.2,1,False,8565.9,9298.1,732.2,8.55,-8.55,3.877
RouteID_19d801b0-910b-46bb-ad04-7af6eb38d258,116,2,0.2,2,False,8565.9,8944.2,378.3,4.42,-4.42,1.998
RouteID_19d801b0-910b-46bb-ad04-7af6eb38d258,116,3,0.0,1,False,8565.9,8004.3,-561.6,-6.56,6.56,8.723
RouteID_19d801b0-910b-46bb-ad04-7af6eb38d258,116,3,0.0,2,False,8565.9,9010.3,444.4,5.19,-5.19,4.401
RouteID_19d801b0-910b-46bb-ad04-7af6eb38d258,116,3,0.0,3,False,8565.9,9137.3,571.4,6.67,-6.67,2.994
RouteID_19d801b0-910b-46bb-ad04-7af6eb38d258,116,3,0.2,1,False,8565.9,8004.3,-561.6,-6.56,6.56,8.742
RouteID_19d801b0-910b-46bb-ad04-7af6eb38d258,116,3,0.2,2,False,8565.9,9010.3,444.4,5.19,-5.19,4.295
RouteID_19d801b0-910b-46bb-ad04-7af6eb38d258,116,3,0.2,3,False,8565.9,9137.3,571.4,6.67,-6.67,3.009
RouteID_4c7c1e59-bdef-4f62-b237-7bb61964a1a2,163,2,0.0,1,False,12781.6,13519.5,737.9,5.77,-5.77,5.533
RouteID_4c7c1e59-bdef-4f62-b237-7bb61964a1a2,163,2,0.0,2,False,12781.6,14530.0,1748.4,13.68,-13.68,2.898
RouteID_4c7c1e59-bdef-4f62-b237-7bb61964a1a2,163,2,0.2,1,False,12781.6,13519.5,737.9,5.77,-5.77,5.545
RouteID_4c7c1e59-bdef-4f62-b237-7bb61964a1a2,163,2,0.2,2,False,12781.6,14530.0,1748.4,13.68,-13.68,2.88
RouteID_4c7c1e59-bdef-4f62-b237-7bb61964a1a2,163,3,0.0,1,False,12781.6,13578.1,796.5,6.23,-6.23,12.459
RouteID_4c7c1e59-bdef-4f62-b237-7bb61964a1a2,163,3,0.0,2,False,12781.6,13343.0,561.4,4.39,-4.39,6.573
RouteID_4c7c1e59-bdef-4f62-b237-7bb61964a1a2,163,3,0.0,3,False,12781.6,15658.2,2876.6,22.51,-22.51,4.161
RouteID_4c7c1e59-bdef-4f62-b237-7bb61964a1a2,163,3,0.2,1,False,12781.6,13578.1,796.5,6.23,-6.23,12.236
RouteID_4c7c1e59-bdef-4f62-b237-7bb61964a1a2,163,3,0.2,2,False,12781.6,13343.0,561.4,4.39,-4.39,6.401
RouteID_4c7c1e59-bdef-4f62-b237-7bb61964a1a2,163,3,0.2,3,False,12781.6,15658.2,2876.6,22.51,-22.51,4.086
RouteID_d8600708-64d5-434a-bb6e-e381e9c5fc93,147,2,0.0,1,False,10834.7,12862.2,2027.5,18.71,-18.71,4.997
RouteID_d8600708-64d5-434a-bb6e-e381e9c5fc93,147,2,0.0,2,False,10834.7,11960.5,1125.8,10.39,-10.39,2.54
RouteID_d8600708-64d5-434a-bb6e-e381e9c5fc93,147,2,0.2,1,False,10834.7,12862.2,2027.5,18.71,-18.71,4.999
RouteID_d8600708-64d5-434a-bb6e-e381e9c5fc93,147,2,0.2,2,False,10834.7,11960.5,1125.8,10.39,-10.39,2.539
RouteID_d8600708-64d5-434a-bb6e-e381e9c5fc93,147,3,0.0,1,False,10834.7,11055.9,221.2,2.04,-2.04,11.154
RouteID_d8600708-64d5-434a-bb6e-e381e9c5fc93,147,3,0.0,2,False,10834.7,10805.2,-29.5,-0.27,0.27,5.731
RouteID_d8600708-64d5-434a-bb6e-e381e9c5fc93,147,3,0.0,3,False,10834.7,12211.5,1376.8,12.71,-12.71,3.886
RouteID_d8600708-64d5-434a-bb6e-e381e9c5fc93,147,3,0.2,1,False,10834.7,11055.9,221.2,2.04,-2.04,11.189
RouteID_d8600708-64d5-434a-bb6e-e381e9c5fc93,147,3,0.2,2,False,10834.7,10805.2,-29.5,-0.27,0.27,5.849
RouteID_d8600708-64d5-434a-bb6e-e381e9c5fc93,147,3,0.2,3,False,10834.7,12211.5,1376.8,12.71,-12.71,3.857
RouteID_522e01fd-6ca9-4e2e-996b-f1dca9b9aae6,122,2,0.0,1,False,7469.4,8157.2,687.8,9.21,-9.21,4.064
RouteID_522e01fd-6ca9-4e2e-996b-f1dca9b9aae6,122,2,0.0,2,False,7469.4,8391.2,921.8,12.34,-12.34,2.053
RouteID_522e01fd-6ca9-4e2e-996b-f1dca9b9aae6,122,2,0.2,1,False,7469.4,8157.2,687.8,9.21,-9.21,4.087
RouteID_522e01fd-6ca9-4e2e-996b-f1dca9b9aae6,122,2,0.2,2,False,7469.4,8391.2,921.8,12.34,-12.34,2.049
RouteID_522e01fd-6ca9-4e2e-996b-f1dca9b9aae6,122,3,0.0,1,False,7469.4,6045.6,-1423.8,-19.06,19.06,9.313
RouteID_522e01fd-6ca9-4e2e-996b-f1dca9b9aae6,122,3,0.0,2,False,7469.4,6056.4,-1413.0,-18.92,18.92,4.714
RouteID_522e01fd-6ca9-4e2e-996b-f1dca9b9aae6,122,3,0.0,3,False,7469.4,7433.0,-36.4,-0.49,0.49,3.121
RouteID_522e01fd-6ca9-4e2e-996b-f1dca9b9aae6,122,3,0.2,1,False,7469.4,6045.6,-1423.8,-19.06,19.06,9.333
RouteID_522e01fd-6ca9-4e2e-996b-f1dca9b9aae6,122,3,0.2,2,False,7469.4,6056.4,-1413.0,-18.92,18.92,4.698
RouteID_522e01fd-6ca9-4e2e-996b-f1dca9b9aae6,122,3,0.2,3,False,7469.4,7433.0,-36.4,-0.49,0.49,3.086
RouteID_2e92a0c2-7c2e-47d3-aec7-217cbd2ca5cb,154,2,0.0,1,False,11830.3,12890.9,1060.6,8.97,-8.97,5.174
RouteID_2e92a0c2-7c2e-47d3-aec7-217cbd2ca5cb,154,2,0.0,2,False,11830.3,11191.0,-639.3,-5.4,5.4,2.882
RouteID_2e92a0c2-7c2e-47d3-aec7-217cbd2ca5cb,154,2,0.2,1,False,11830.3,12890.9,1060.6,8.97,-8.97,5.21
RouteID_2e92a0c2-7c2e-47d3-aec7-217cbd2ca5cb,154,2,0.2,2,False,11830.3,11191.0,-639.3,-5.4,5.4,2.885
RouteID_2e92a0c2-7c2e-47d3-aec7-217cbd2ca5cb,154,3,0.0,1,False,11830.3,10811.9,-1018.4,-8.61,8.61,11.7
RouteID_2e92a0c2-7c2e-47d3-aec7-217cbd2ca5cb,154,3,0.0,2,False,11830.3,11085.8,-744.5,-6.29,6.29,6.099
RouteID_2e92a0c2-7c2e-47d3-aec7-217cbd2ca5cb,154,3,0.0,3,False,11830.3,12800.9,970.6,8.2,-8.2,4.028
RouteID_2e92a0c2-7c2e-47d3-aec7-217cbd2ca5cb,154,3,0.2,1,False,11830.3,10811.9,-1018.4,-8.61,8.61,12.124
RouteID_2e92a0c2-7c2e-47d3-aec7-217cbd2ca5cb,154,3,0.2,2,False,11830.3,11085.8,-744.5,-6.29,6.29,6.115
RouteID_2e92a0c2-7c2e-47d3-aec7-217cbd2ca5cb,154,3,0.2,3,False,11830.3,12800.9,970.6,8.2,-8.2,4.03
RouteID_02f91cfa-3839-4e55-91a0-ab19c3e77683,83,2,0.0,1,False,6457.8,5006.6,-1451.2,-22.47,22.47,3.175
RouteID_02f91cfa-3839-4e55-91a0-ab19c3e77683,83,2,0.0,2,False,6457.8,5239.9,-1217.9,-18.86,18.86,1.472
RouteID_02f91cfa-3839-4e55-91a0-ab19c3e77683,83,2,0.2,1,False,6457.8,5006.6,-1451.2,-22.47,22.47,2.832
RouteID_02f91cfa-3839-4e55-91a0-ab19c3e77683,83,2,0.2,2,False,6457.8,5239.9,-1217.9,-18.86,18.86,1.529
RouteID_02f91cfa-3839-4e55-91a0-ab19c3e77683,83,3,0.0,1,False,6457.8,4761.9,-1695.9,-26.26,26.26,6.185
RouteID_02f91cfa-3839-4e55-91a0-ab19c3e77683,83,3,0.0,2,False,6457.8,6186.0,-271.8,-4.21,4.21,3.284
RouteID_02f91cfa-3839-4e55-91a0-ab19c3e77683,83,3,0.0,3,False,6457.8,4713.9,-1743.9,-27.0,27.0,2.144
RouteID_02f91cfa-3839-4e55-91a0-ab19c3e77683,83,3,0.2,1,False,6457.8,4761.9,-1695.9,-26.26,26.26,6.132
RouteID_02f91cfa-3839-4e55-91a0-ab19c3e77683,83,3,0.2,2,False,6457.8,6186.0,-271.8,-4.21,4.21,3.576
RouteID_02f91cfa-3839-4e55-91a0-ab19c3e77683,83,3,0.2,3,False,6457.8,4713.9,-1743.9,-27.0,27.0,2.138
RouteID_e43b957e-1c5a-47d7-b6b3-71e50a192915,163,2,0.0,1,False,11816.2,12032.2,216.0,1.83,-1.83,5.651
RouteID_e43b957e-1c5a-47d7-b6b3-71e50a192915,163,2,0.0,2,False,11816.2,12120.6,304.4,2.58,-2.58,2.972
RouteID_e43b957e-1c5a-47d7-b6b3-71e50a192915,163,2,0.2,1,False,11816.2,12032.2,216.0,1.83,-1.83,5.726
RouteID_e43b957e-1c5a-47d7-b6b3-71e50a192915,163,2,0.2,2,False,11816.2,12120.6,304.4,2.58,-2.58,3.055
RouteID_e43b957e-1c5a-47d7-b6b3-71e50a192915,163,3,0.0,1,False,11816.2,11218.5,-597.7,-5.06,5.06,12.795
RouteID_e43b957e-1c5a-47d7-b6b3-71e50a192915,163,3,0.0,2,False,11816.2,10624.2,-1192.0,-10.09,10.09,6.508
RouteID_e43b957e-1c5a-47d7-b6b3-71e50a192915,163,3,0.0,3,False,11816.2,11257.5,-558.7,-4.73,4.73,4.348
RouteID_e43b957e-1c5a-47d7-b6b3-71e50a192915,163,3,0.2,1,False,11816.2,11218.5,-597.7,-5.06,5.06,12.627
RouteID_e43b957e-1c5a-47d7-b6b3-71e50a192915,163,3,0.2,2,False,11816.2,10624.2,-1192.0,-10.09,10.09,6.708
RouteID_e43b957e-1c5a-47d7-b6b3-71e50a192915,163,3,0.2,3,False,11816.2,11257.5,-558.7,-4.73,4.73,4.353
RouteID_9b1e9a51-8251-4b3c-a676-80de195c0bce,141,2,0.0,1,False,10158.7,12768.2,2609.5,25.69,-25.69,4.716
RouteID_9b1e9a51-8251-4b3c-a676-80de195c0bce,141,2,0.0,2,False,10158.7,11809.2,1650.5,16.25,-16.25,2.384
RouteID_9b1e9a51-8251-4b3c-a676-80de195c0bce,141,2,0.2,1,False,10158.7,12768.2,2609.5,25.69,-25.69,4.746
RouteID_9b1e9a51-8251-4b3c-a676-80de195c0bce,141,2,0.2,2,False,10158.7,11809.2,1650.5,16.25,-16.25,2.474
RouteID_9b1e9a51-8251-4b3c-a676-80de195c0bce,141,3,0.0,1,False,10158.7,11774.1,1615.4,15.9,-15.9,10.677
RouteID_9b1e9a51-8251-4b3c-a676-80de195c0bce,141,3,0.0,2,False,10158.7,10989.3,830.6,8.18,-8.18,5.633
RouteID_9b1e9a51-8251-4b3c-a676-80de195c0bce,141,3,0.0,3,False,10158.7,10780.0,621.3,6.12,-6.12,3.629
RouteID_9b1e9a51-8251-4b3c-a676-80de195c0bce,141,3,0.2,1,False,10158.7,11774.1,1615.4,15.9,-15.9,10.689
RouteID_9b1e9a51-8251-4b3c-a676-80de195c0bce,141,3,0.2,2,False,10158.7,10989.3,830.6,8.18,-8.18,5.506
RouteID_9b1e9a51-8251-4b3c-a676-80de195c0bce,141,3,0.2,3,False,10158.7,10780.0,621.3,6.12,-6.12,3.702
RouteID_316e7e36-93a4-40a6-a98c-0f5077cd5aeb,172,2,0.0,1,False,11285.7,13393.6,2107.9,18.68,-18.68,6.097
RouteID_316e7e36-93a4-40a6-a98c-0f5077cd5aeb,172,2,0.0,2,False,11285.7,12432.6,1146.9,10.16,-10.16,3.184
RouteID_316e7e36-93a4-40a6-a98c-0f5077cd5aeb,172,2,0.2,1,False,11285.7,13393.6,2107.9,18.68,-18.68,5.985
RouteID_316e7e36-93a4-40a6-a98c-0f5077cd5aeb,172,2,0.2,2,False,11285.7,12432.6,1146.9,10.16,-10.16,3.373
RouteID_316e7e36-93a4-40a6-a98c-0f5077cd5aeb,172,3,0.0,1,False,11285.7,10232.3,-1053.4,-9.33,9.33,13.397
RouteID_316e7e36-93a4-40a6-a98c-0f5077cd5aeb,172,3,0.0,2,False,11285.7,11190.8,-94.9,-0.84,0.84,6.877
RouteID_316e7e36-93a4-40a6-a98c-0f5077cd5aeb,172,3,0.0,3,False,11285.7,11114.6,-171.1,-1.52,1.52,4.66
RouteID_316e7e36-93a4-40a6-a98c-0f5077cd5aeb,172,3,0.2,1,False,11285.7,10232.3,-1053.4,-9.33,9.33,13.276
RouteID_316e7e36-93a4-40a6-a98c-0f5077cd5aeb,172,3,0.2,2,False,11285.7,11190.8,-94.9,-0.84,0.84,6.923
RouteID_316e7e36-93a4-40a6-a98c-0f5077cd5aeb,172,3,0.2,3,False,11285.7,11114.6,-171.1,-1.52,1.52,4.516
RouteID_6b7f00d4-bb6d-480b-b90b-42604dab4563,145,2,0.0,1,False,11373.6,11401.8,28.2,0.25,-0.25,5.078
RouteID_6b7f00d4-bb6d-480b-b90b-42604dab4563,145,2,0.0,2,False,11373.6,11740.7,367.1,3.23,-3.23,2.665
RouteID_6b7f00d4-bb6d-480b-b90b-42604dab4563,145,2,0.2,1,False,11373.6,11401.8,28.2,0.25,-0.25,5.216
RouteID_6b7f00d4-bb6d-480b-b90b-42604dab4563,145,2,0.2,2,False,11373.6,11740.7,367.1,3.23,-3.23,2.723
RouteID_6b7f00d4-bb6d-480b-b90b-42604dab4563,145,3,0.0,1,False,11373.6,10651.3,-722.3,-6.35,6.35,11.74
RouteID_6b7f00d4-bb6d-480b-b90b-42604dab4563,145,3,0.0,2,False,11373.6,11359.4,-14.2,-0.12,0.12,5.975
RouteID_6b7f00d4-bb6d-480b-b90b-42604dab4563,145,3,0.0,3,False,11373.6,12345.9,972.3,8.55,-8.55,3.614
RouteID_6b7f00d4-bb6d-480b-b90b-42604dab4563,145,3,0.2,1,False,11373.6,10651.3,-722.3,-6.35,6.35,11.031
RouteID_6b7f00d4-bb6d-480b-b90b-42604dab4563,145,3,0.2,2,False,11373.6,11359.4,-14.2,-0.12,0.12,5.607
RouteID_6b7f00d4-bb6d-480b-b90b-42604dab4563,145,3,0.2,3,False,11373.6,12345.9,972.3,8.55,-8.55,3.611
RouteID_6981c236-f07d-4813-96d8-64982d5dcfd8,169,2,0.0,1,False,10690.5,11025.0,334.5,3.13,-3.13,5.764
RouteID_6981c236-f07d-4813-96d8-64982d5dcfd8,169,2,0.0,2,False,10690.5,11613.6,923.1,8.63,-8.63,3.136
RouteID_6981c236-f07d-4813-96d8-64982d5dcfd8,169,2,0.2,1,False,10690.5,11025.0,334.5,3.13,-3.13,5.849
RouteID_6981c236-f07d-4813-96d8-64982d5dcfd8,169,2,0.2,2,False,10690.5,11613.6,923.1,8.63,-8.63,3.068
RouteID_6981c236-f07d-4813-96d8-64982d5dcfd8,169,3,0.0,1,False,10690.5,10082.0,-608.5,-5.69,5.69,13.119
RouteID_6981c236-f07d-4813-96d8-64982d5dcfd8,169,3,0.0,2,False,10690.5,10402.1,-288.4,-2.7,2.7,6.706
RouteID_6981c236-f07d-4813-96d8-64982d5dcfd8,169,3,0.0,3,False,10690.5,11027.0,336.5,3.15,-3.15,4.541
RouteID_6981c236-f07d-4813-96d8-64982d5dcfd8,169,3,0.2,1,False,10690.5,10082.0,-608.5,-5.69,5.69,13.188
RouteID_6981c236-f07d-4813-96d8-64982d5dcfd8,169,3,0.2,2,False,10690.5,10402.1,-288.4,-2.7,2.7,6.779
RouteID_6981c236-f07d-4813-96d8-64982d5dcfd8,169,3,0.2,3,False,10690.5,11027.0,336.5,3.15,-3.15,4.579
RouteID_6d8f3489-19a7-4bce-a3a9-3c4f8e986137,62,2,0.0,1,False,6486.4,5852.7,-633.7,-9.77,9.77,2.024
RouteID_6d8f3489-19a7-4bce-a3a9-3c4f8e986137,62,2,0.0,2,False,6486.4,5691.5,-794.9,-12.25,12.25,1.045
RouteID_6d8f3489-19a7-4bce-a3a9-3c4f8e986137,62,2,0.2,1,False,6486.4,5852.7,-633.7,-9.77,9.77,2.012
RouteID_6d8f3489-19a7-4bce-a3a9-3c4f8e986137,62,2,0.2,2,False,6486.4,5691.5,-794.9,-12.25,12.25,1.039
RouteID_6d8f3489-19a7-4bce-a3a9-3c4f8e986137,62,3,0.0,1,False,6486.4,5831.1,-655.3,-10.1,10.1,4.576
RouteID_6d8f3489-19a7-4bce-a3a9-3c4f8e986137,62,3,0.0,2,False,6486.4,5938.7,-547.7,-8.44,8.44,2.338
RouteID_6d8f3489-19a7-4bce-a3a9-3c4f8e986137,62,3,0.0,3,False,6486.4,5720.6,-765.8,-11.81,11.81,1.561
RouteID_6d8f3489-19a7-4bce-a3a9-3c4f8e986137,62,3,0.2,1,False,6486.4,5831.1,-655.3,-10.1,10.1,4.488
RouteID_6d8f3489-19a7-4bce-a3a9-3c4f8e986137,62,3,0.2,2,False,6486.4,5938.7,-547.7,-8.44,8.44,2.318
RouteID_6d8f3489-19a7-4bce-a3a9-3c4f8e986137,62,3,0.2,3,False,6486.4,5720.6,-765.8,-11.81,11.81,1.552
RouteID_9a036d58-5f8a-41aa-8747-d252c14783ae,115,2,0.0,1,False,12413.0,10062.5,-2350.5,-18.94,18.94,3.96
RouteID_9a036d58-5f8a-41aa-8747-d252c14783ae,115,2,0.0,2,False,12413.0,9917.1,-2495.9,-20.11,20.11,2.107
RouteID_9a036d58-5f8a-41aa-8747-d252c14783ae,115,2,0.2,1,False,12413.0,10062.5,-2350.5,-18.94,18.94,3.966
RouteID_9a036d58-5f8a-41aa-8747-d252c14783ae,115,2,0.2,2,False,12413.0,9917.1,-2495.9,-20.11,20.11,2.097
RouteID_9a036d58-5f8a-41aa-8747-d252c14783ae,115,3,0.0,1,False,12413.0,9571.9,-2841.1,-22.89,22.89,8.802
RouteID_9a036d58-5f8a-41aa-8747-d252c14783ae,115,3,0.0,2,False,12413.0,9876.9,-2536.1,-20.43,20.43,4.385
RouteID_9a036d58-5f8a-41aa-8747-d252c14783ae,115,3,0.0,3,False,12413.0,9749.4,-2663.6,-21.46,21.46,3.045
RouteID_9a036d58-5f8a-41aa-8747-d252c14783ae,115,3,0.2,1,False,12413.0,9571.9,-2841.1,-22.89,22.89,8.742
RouteID_9a036d58-5f8a-41aa-8747-d252c14783ae,115,3,0.2,2,False,12413.0,9876.9,-2536.1,-20.43,20.43,4.429
RouteID_9a036d58-5f8a-41aa-8747-d252c14783ae,115,3,0.2,3,False,12413.0,9749.4,-2663.6,-21.46,21.46,3.137
RouteID_6fd45936-8921-49bd-b9c3-e690bbd1b11d,97,2,0.0,1,False,6170.8,7401.9,1231.1,19.95,-19.95,3.242
RouteID_6fd45936-8921-49bd-b9c3-e690bbd1b11d,97,2,0.0,2,False,6170.8,8813.3,2642.5,42.82,-42.82,1.617
RouteID_6fd45936-8921-49bd-b9c3-e690bbd1b11d,97,2,0.2,1,False,6170.8,7401.9,1231.1,19.95,-19.95,3.247
RouteID_6fd45936-8921-49bd-b9c3-e690bbd1b11d,97,2,0.2,2,False,6170.8,8813.3,2642.5,42.82,-42.82,1.598
RouteID_6fd45936-8921-49bd-b9c3-e690bbd1b11d,97,3,0.0,1,False,6170.8,8234.1,2063.3,33.44,-33.44,7.294
RouteID_6fd45936-8921-49bd-b9c3-e690bbd1b11d,97,3,0.0,2,False,6170.8,7562.7,1391.9,22.56,-22.56,3.652
RouteID_6fd45936-8921-49bd-b9c3-e690bbd1b11d,97,3,0.0,3,False,6170.8,7068.2,897.4,14.54,-14.54,2.474
RouteID_6fd45936-8921-49bd-b9c3-e690bbd1b11d,97,3,0.2,1,False,6170.8,8234.1,2063.3,33.44,-33.44,7.149
RouteID_6fd45936-8921-49bd-b9c3-e690bbd1b11d,97,3,0.2,2,False,6170.8,7562.7,1391.9,22.56,-22.56,3.624
RouteID_6fd45936-8921-49bd-b9c3-e690bbd1b11d,97,3,0.2,3,False,6170.8,7068.2,897.4,14.54,-14.54,2.457
RouteID_a63ba5d9-4035-4403-ae68-5cbf3f7e7d2f,138,2,0.0,1,False,14355.6,14960.4,604.8,4.21,-4.21,4.828
RouteID_a63ba5d9-4035-4403-ae68-5cbf3f7e7d2f,138,2,0.0,2,False,14355.6,16331.2,1975.6,13.76,-13.76,2.598
RouteID_a63ba5d9-4035-4403-ae68-5cbf3f7e7d2f,138,2,0.2,1,False,14355.6,14960.4,604.8,4.21,-4.21,4.865
RouteID_a63ba5d9-4035-4403-ae68-5cbf3f7e7d2f,138,2,0.2,2,False,14355.6,16331.2,1975.6,13.76,-13.76,2.594
RouteID_a63ba5d9-4035-4403-ae68-5cbf3f7e7d2f,138,3,0.0,1,False,14355.6,14233.9,-121.7,-0.85,0.85,10.61
RouteID_a63ba5d9-4035-4403-ae68-5cbf3f7e7d2f,138,3,0.0,2,False,14355.6,14204.0,-151.6,-1.06,1.06,5.494
RouteID_a63ba5d9-4035-4403-ae68-5cbf3f7e7d2f,138,3,0.0,3,False,14355.6,14810.7,455.1,3.17,-3.17,3.707
RouteID_a63ba5d9-4035-4403-ae68-5cbf3f7e7d2f,138,3,0.2,1,False,14355.6,14233.9,-121.7,-0.85,0.85,10.584
RouteID_a63ba5d9-4035-4403-ae68-5cbf3f7e7d2f,138,3,0.2,2,False,14355.6,14204.0,-151.6,-1.06,1.06,5.456
RouteID_a63ba5d9-4035-4403-ae68-5cbf3f7e7d2f,138,3,0.2,3,False,14355.6,14810.7,455.1,3.17,-3.17,3.771
RouteID_0670d3ac-1ad6-4d1a-8f91-07d7b3077b5e,163,2,0.0,1,False,13746.7,14684.3,937.6,6.82,-6.82,5.604
RouteID_0670d3ac-1ad6-4d1a-8f91-07d7b3077b5e,163,2,0.0,2,False,13746.7,14297.0,550.3,4.0,-4.0,2.871
RouteID_0670d3ac-1ad6-4d1a-8f91-07d7b3077b5e,163,2,0.2,1,False,13746.7,14684.3,937.6,6.82,-6.82,5.644
RouteID_0670d3ac-1ad6-4d1a-8f91-07d7b3077b5e,163,2,0.2,2,False,13746.7,14297.0,550.3,4.0,-4.0,2.851
RouteID_0670d3ac-1ad6-4d1a-8f91-07d7b3077b5e,163,3,0.0,1,False,13746.7,14330.5,583.8,4.25,-4.25,12.354
RouteID_0670d3ac-1ad6-4d1a-8f91-07d7b3077b5e,163,3,0.0,2,False,13746.7,13329.1,-417.6,-3.04,3.04,6.413
RouteID_0670d3ac-1ad6-4d1a-8f91-07d7b3077b5e,163,3,0.0,3,False,13746.7,16762.0,3015.3,21.93,-21.93,4.193
RouteID_0670d3ac-1ad6-4d1a-8f91-07d7b3077b5e,163,3,0.2,1,False,13746.7,14330.5,583.8,4.25,-4.25,12.273
RouteID_0670d3ac-1ad6-4d1a-8f91-07d7b3077b5e,163,3,0.2,2,False,13746.7,13329.1,-417.6,-3.04,3.04,6.454
RouteID_0670d3ac-1ad6-4d1a-8f91-07d7b3077b5e,163,3,0.2,3,False,13746.7,16762.0,3015.3,21.93,-21.93,4.198
RouteID_47d09204-e2af-4293-b151-7ec5c992ba96,169,2,0.0,1,False,14361.6,15281.1,919.5,6.4,-6.4,5.823
RouteID_47d09204-e2af-4293-b151-7ec5c992ba96,169,2,0.0,2,False,14361.6,17086.9,2725.3,18.98,-18.98,3.338
RouteID_47d09204-e2af-4293-b151-7ec5c992ba96,169,2,0.2,1,False,14361.6,15281.1,919.5,6.4,-6.4,6.364
RouteID_47d09204-e2af-4293-b151-7ec5c992ba96,169,2,0.2,2,False,14361.6,17086.9,2725.3,18.98,-18.98,2.933
RouteID_47d09204-e2af-4293-b151-7ec5c992ba96,169,3,0.0,1,False,14361.6,13952.4,-409.2,-2.85,2.85,13.929
RouteID_47d09204-e2af-4293-b151-7ec5c992ba96,169,3,0.0,2,False,14361.6,15007.4,645.8,4.5,-4.5,7.261
RouteID_47d09204-e2af-4293-b151-7ec5c992ba96,169,3,0.0,3,False,14361.6,15730.6,1369.0,9.53,-9.53,4.599
RouteID_47d09204-e2af-4293-b151-7ec5c992ba96,169,3,0.2,1,False,14361.6,13952.4,-409.2,-2.85,2.85,13.632
RouteID_47d09204-e2af-4293-b151-7ec5c992ba96,169,3,0.2,2,False,14361.6,15007.4,645.8,4.5,-4.5,7.439
RouteID_47d09204-e2af-4293-b151-7ec5c992ba96,169,3,0.2,3,False,14361.6,15730.6,1369.0,9.53,-9.53,5.17
RouteID_50d65918-5846-4b9c-bd75-fb456dc0481e,147,2,0.0,1,False,10246.9,10258.1,11.2,0.11,-0.11,5.219
RouteID_50d65918-5846-4b9c-bd75-fb456dc0481e,147,2,0.0,2,False,10246.9,11023.2,776.3,7.58,-7.58,2.594
RouteID_50d65918-5846-4b9c-bd75-fb456dc0481e,147,2,0.2,1,False,10246.9,10258.1,11.2,0.11,-0.11,5.147
RouteID_50d65918-5846-4b9c-bd75-fb456dc0481e,147,2,0.2,2,False,10246.9,11023.2,776.3,7.58,-7.58,2.598
RouteID_50d65918-5846-4b9c-bd75-fb456dc0481e,147,3,0.0,1,False,10246.9,9181.2,-1065.7,-10.4,10.4,11.224
RouteID_50d65918-5846-4b9c-bd75-fb456dc0481e,147,3,0.0,2,False,10246.9,11096.9,850.0,8.3,-8.3,5.539
RouteID_50d65918-5846-4b9c-bd75-fb456dc0481e,147,3,0.0,3,False,10246.9,10425.8,178.9,1.75,-1.75,3.861
RouteID_50d65918-5846-4b9c-bd75-fb456dc0481e,147,3,0.2,1,False,10246.9,9181.2,-1065.7,-10.4,10.4,11.31
RouteID_50d65918-5846-4b9c-bd75-fb456dc0481e,147,3,0.2,2,False,10246.9,11096.9,850.0,8.3,-8.3,5.569
RouteID_50d65918-5846-4b9c-bd75-fb456dc0481e,147,3,0.2,3,False,10246.9,10425.8,178.9,1.75,-1.75,3.819
RouteID_6f4377b1-8120-4b14-ab47-96c4860a1853,197,2,0.0,1,False,14592.7,15437.3,844.6,5.79,-5.79,7.256
RouteID_6f4377b1-8120-4b14-ab47-96c4860a1853,197,2,0.0,2,False,14592.7,17169.6,2576.9,17.66,-17.66,3.541
RouteID_6f4377b1-8120-4b14-ab47-96c4860a1853,197,2,0.2,1,False,14592.7,15437.3,844.6,5.79,-5.79,6.883
RouteID_6f4377b1-8120-4b14-ab47-96c4860a1853,197,2,0.2,2,False,14592.7,17169.6,2576.9,17.66,-17.66,3.542
RouteID_6f4377b1-8120-4b14-ab47-96c4860a1853,197,3,0.0,1,False,14592.7,13580.3,-1012.4,-6.94,6.94,15.951
RouteID_6f4377b1-8120-4b14-ab47-96c4860a1853,197,3,0.0,2,False,14592.7,14997.4,404.7,2.77,-2.77,7.986
RouteID_6f4377b1-8120-4b14-ab47-96c4860a1853,197,3,0.0,3,False,14592.7,13763.5,-829.2,-5.68,5.68,5.51
RouteID_6f4377b1-8120-4b14-ab47-96c4860a1853,197,3,0.2,1,False,14592.7,13580.3,-1012.4,-6.94,6.94,16.123
RouteID_6f4377b1-8120-4b14-ab47-96c4860a1853,197,3,0.2,2,False,14592.7,14997.4,404.7,2.77,-2.77,8.02
RouteID_6f4377b1-8120-4b14-ab47-96c4860a1853,197,3,0.2,3,False,14592.7,13763.5,-829.2,-5.68,5.68,5.457
RouteID_a2ba1d96-dfbf-4cfb-a553-9cbeadbc11cd,136,2,0.0,1,False,7428.1,8620.1,1192.0,16.05,-16.05,4.437
RouteID_a2ba1d96-dfbf-4cfb-a553-9cbeadbc11cd,136,2,0.0,2,False,7428.1,8248.0,819.9,11.04,-11.04,2.588
RouteID_a2ba1d96-dfbf-4cfb-a553-9cbeadbc11cd,136,2,0.2,1,False,7428.1,8620.1,1192.0,16.05,-16.05,4.71
RouteID_a2ba1d96-dfbf-4cfb-a553-9cbeadbc11cd,136,2,0.2,2,False,7428.1,8248.0,819.9,11.04,-11.04,2.383
RouteID_a2ba1d96-dfbf-4cfb-a553-9cbeadbc11cd,136,3,0.0,1,False,7428.1,7775.3,347.2,4.67,-4.67,11.1
RouteID_a2ba1d96-dfbf-4cfb-a553-9cbeadbc11cd,136,3,0.0,2,False,7428.1,7715.5,287.4,3.87,-3.87,5.236
RouteID_a2ba1d96-dfbf-4cfb-a553-9cbeadbc11cd,136,3,0.0,3,False,7428.1,8194.4,766.3,10.32,-10.32,3.59
RouteID_a2ba1d96-dfbf-4cfb-a553-9cbeadbc11cd,136,3,0.2,1,False,7428.1,7775.3,347.2,4.67,-4.67,10.457
RouteID_a2ba1d96-dfbf-4cfb-a553-9cbeadbc11cd,136,3,0.2,2,False,7428.1,7715.5,287.4,3.87,-3.87,5.684
RouteID_a2ba1d96-dfbf-4cfb-a553-9cbeadbc11cd,136,3,0.2,3,False,7428.1,8194.4,766.3,10.32,-10.32,3.662
RouteID_f15bf4dd-a792-40a5-8e05-5b7da27e68a9,193,2,0.0,1,False,12578.3,13620.7,1042.4,8.29,-8.29,6.752
RouteID_f15bf4dd-a792-40a5-8e05-5b7da27e68a9,193,2,0.0,2,False,12578.3,13933.4,1355.1,10.77,-10.77,3.602
RouteID_f15bf4dd-a792-40a5-8e05-5b7da27e68a9,193,2,0.2,1,False,12578.3,13620.7,1042.4,8.29,-8.29,6.922
RouteID_f15bf4dd-a792-40a5-8e05-5b7da27e68a9,193,2,0.2,2,False,12578.3,13933.4,1355.1,10.77,-10.77,4.038
RouteID_f15bf4dd-a792-40a5-8e05-5b7da27e68a9,193,3,0.0,1,False,12578.3,12040.7,-537.6,-4.27,4.27,15.183
RouteID_f15bf4dd-a792-40a5-8e05-5b7da27e68a9,193,3,0.0,2,False,12578.3,12529.5,-48.8,-0.39,0.39,8.112
RouteID_f15bf4dd-a792-40a5-8e05-5b7da27e68a9,193,3,0.0,3,False,12578.3,15331.1,2752.8,21.89,-21.89,5.238
RouteID_f15bf4dd-a792-40a5-8e05-5b7da27e68a9,193,3,0.2,1,False,12578.3,12040.7,-537.6,-4.27,4.27,14.87
RouteID_f15bf4dd-a792-40a5-8e05-5b7da27e68a9,193,3,0.2,2,False,12578.3,12529.5,-48.8,-0.39,0.39,7.504
RouteID_f15bf4dd-a792-40a5-8e05-5b7da27e68a9,193,3,0.2,3,False,12578.3,15331.1,2752.8,21.89,-21.89,5.65
RouteID_de6943c3-bef2-4423-9fdf-2aa05817e0fe,105,2,0.0,1,False,7234.8,7605.7,370.9,5.13,-5.13,3.673
RouteID_de6943c3-bef2-4423-9fdf-2aa05817e0fe,105,2,0.0,2,False,7234.8,7612.5,377.7,5.22,-5.22,1.85
RouteID_de6943c3-bef2-4423-9fdf-2aa05817e0fe,105,2,0.2,1,False,7234.8,7605.7,370.9,5.13,-5.13,4.197
RouteID_de6943c3-bef2-4423-9fdf-2aa05817e0fe,105,2,0.2,2,False,7234.8,7612.5,377.7,5.22,-5.22,1.852
RouteID_de6943c3-bef2-4423-9fdf-2aa05817e0fe,105,3,0.0,1,False,7234.8,6817.2,-417.6,-5.77,5.77,8.027
RouteID_de6943c3-bef2-4423-9fdf-2aa05817e0fe,105,3,0.0,2,False,7234.8,6938.5,-296.3,-4.1,4.1,4.085
RouteID_de6943c3-bef2-4423-9fdf-2aa05817e0fe,105,3,0.0,3,False,7234.8,8433.2,1198.4,16.56,-16.56,2.725
RouteID_de6943c3-bef2-4423-9fdf-2aa05817e0fe,105,3,0.2,1,False,7234.8,6817.2,-417.6,-5.77,5.77,7.924
RouteID_de6943c3-bef2-4423-9fdf-2aa05817e0fe,105,3,0.2,2,False,7234.8,6938.5,-296.3,-4.1,4.1,4.487
RouteID_de6943c3-bef2-4423-9fdf-2aa05817e0fe,105,3,0.2,3,False,7234.8,8433.2,1198.4,16.56,-16.56,2.764
RouteID_2ec15096-7944-4ff4-8c0b-49364d415515,131,2,0.0,1,False,12598.1,12583.5,-14.6,-0.12,0.12,4.561
RouteID_2ec15096-7944-4ff4-8c0b-49364d415515,131,2,0.0,2,False,12598.1,14564.3,1966.2,15.61,-15.61,2.188
RouteID_2ec15096-7944-4ff4-8c0b-49364d415515,131,2,0.2,1,False,12598.1,12583.5,-14.6,-0.12,0.12,4.822
RouteID_2ec15096-7944-4ff4-8c0b-49364d415515,131,2,0.2,2,False,12598.1,14564.3,1966.2,15.61,-15.61,2.263
RouteID_2ec15096-7944-4ff4-8c0b-49364d415515,131,3,0.0,1,False,12598.1,12049.6,-548.5,-4.35,4.35,10.245
RouteID_2ec15096-7944-4ff4-8c0b-49364d415515,131,3,0.0,2,False,12598.1,12601.3,3.2,0.03,-0.03,5.429
RouteID_2ec15096-7944-4ff4-8c0b-49364d415515,131,3,0.0,3,False,12598.1,13454.5,856.4,6.8,-6.8,3.505
RouteID_2ec15096-7944-4ff4-8c0b-49364d415515,131,3,0.2,1,False,12598.1,12049.6,-548.5,-4.35,4.35,10.017
RouteID_2ec15096-7944-4ff4-8c0b-49364d415515,131,3,0.2,2,False,12598.1,12601.3,3.2,0.03,-0.03,4.97
RouteID_2ec15096-7944-4ff4-8c0b-49364d415515,131,3,0.2,3,False,12598.1,13454.5,856.4,6.8,-6.8,3.497
RouteID_c8ac3b01-f16f-41a3-bb07-571fd64c3fe0,160,2,0.0,1,False,9699.3,11315.6,1616.3,16.66,-16.66,5.784
RouteID_c8ac3b01-f16f-41a3-bb07-571fd64c3fe0,160,2,0.0,2,False,9699.3,11033.4,1334.1,13.75,-13.75,2.728
RouteID_c8ac3b01-f16f-41a3-bb07-571fd64c3fe0,160,2,0.2,1,False,9699.3,11315.6,1616.3,16.66,-16.66,5.434
RouteID_c8ac3b01-f16f-41a3-bb07-571fd64c3fe0,160,2,0.2,2,False,9699.3,11033.4,1334.1,13.75,-13.75,2.703
RouteID_c8ac3b01-f16f-41a3-bb07-571fd64c3fe0,160,3,0.0,1,False,9699.3,9414.4,-284.9,-2.94,2.94,12.223
RouteID_c8ac3b01-f16f-41a3-bb07-571fd64c3fe0,160,3,0.0,2,False,9699.3,10511.4,812.1,8.37,-8.37,6.148
RouteID_c8ac3b01-f16f-41a3-bb07-571fd64c3fe0,160,3,0.0,3,False,9699.3,10692.0,992.7,10.23,-10.23,4.189
RouteID_c8ac3b01-f16f-41a3-bb07-571fd64c3fe0,160,3,0.2,1,False,9699.3,9414.4,-284.9,-2.94,2.94,12.211
RouteID_c8ac3b01-f16f-41a3-bb07-571fd64c3fe0,160,3,0.2,2,False,9699.3,10511.4,812.1,8.37,-8.37,6.212
RouteID_c8ac3b01-f16f-41a3-bb07-571fd64c3fe0,160,3,0.2,3,False,9699.3,10692.0,992.7,10.23,-10.23,4.252
RouteID_7adf662f-d2bb-4eca-983d-0e107630fd4e,160,2,0.0,1,False,15518.8,16568.2,1049.4,6.76,-6.76,5.529
RouteID_7adf662f-d2bb-4eca-983d-0e107630fd4e,160,2,0.0,2,False,15518.8,15690.1,171.3,1.1,-1.1,2.936
RouteID_7adf662f-d2bb-4eca-983d-0e107630fd4e,160,2,0.2,1,False,15518.8,16568.2,1049.4,6.76,-6.76,5.606
RouteID_7adf662f-d2bb-4eca-983d-0e107630fd4e,160,2,0.2,2,False,15518.8,15690.1,171.3,1.1,-1.1,3.062
RouteID_7adf662f-d2bb-4eca-983d-0e107630fd4e,160,3,0.0,1,False,15518.8,13840.6,-1678.2,-10.81,10.81,12.346
RouteID_7adf662f-d2bb-4eca-983d-0e107630fd4e,160,3,0.0,2,False,15518.8,14784.2,-734.6,-4.73,4.73,6.265
RouteID_7adf662f-d2bb-4eca-983d-0e107630fd4e,160,3,0.0,3,False,15518.8,15547.1,28.3,0.18,-0.18,4.296
RouteID_7adf662f-d2bb-4eca-983d-0e107630fd4e,160,3,0.2,1,False,15518.8,13840.6,-1678.2,-10.81,10.81,12.571
RouteID_7adf662f-d2bb-4eca-983d-0e107630fd4e,160,3,0.2,2,False,15518.8,14784.2,-734.6,-4.73,4.73,6.265
RouteID_7adf662f-d2bb-4eca-983d-0e107630fd4e,160,3,0.2,3,False,15518.8,15547.1,28.3,0.18,-0.18,4.332
RouteID_5c95858c-31d7-4e44-98e5-86c087b04b35,126,2,0.0,1,False,10959.6,12242.0,1282.4,11.7,-11.7,4.231
RouteID_5c95858c-31d7-4e44-98e5-86c087b04b35,126,2,0.0,2,False,10959.6,11739.4,779.8,7.12,-7.12,2.181
RouteID_5c95858c-31d7-4e44-98e5-86c087b04b35,126,2,0.2,1,False,10959.6,12242.0,1282.4,11.7,-11.7,4.389
RouteID_5c95858c-31d7-4e44-98e5-86c087b04b35,126,2,0.2,2,False,10959.6,11739.4,779.8,7.12,-7.12,2.214
RouteID_5c95858c-31d7-4e44-98e5-86c087b04b35,126,3,0.0,1,False,10959.6,10270.2,-689.4,-6.29,6.29,9.854
RouteID_5c95858c-31d7-4e44-98e5-86c087b04b35,126,3,0.0,2,False,10959.6,10934.5,-25.1,-0.23,0.23,4.819
RouteID_5c95858c-31d7-4e44-98e5-86c087b04b35,126,3,0.0,3,False,10959.6,11546.3,586.7,5.35,-5.35,3.153
RouteID_5c95858c-31d7-4e44-98e5-86c087b04b35,126,3,0.2,1,False,10959.6,10270.2,-689.4,-6.29,6.29,9.684
RouteID_5c95858c-31d7-4e44-98e5-86c087b04b35,126,3,0.2,2,False,10959.6,10934.5,-25.1,-0.23,0.23,4.813
RouteID_5c95858c-31d7-4e44-98e5-86c087b04b35,126,3,0.2,3,False,10959.6,11546.3,586.7,5.35,-5.35,3.253
RouteID_5def297f-94e6-47a6-89e3-52a6ea3bb7b3,149,2,0.0,1,False,10563.6,11557.8,994.2,9.41,-9.41,5.271
RouteID_5def297f-94e6-47a6-89e3-52a6ea3bb7b3,149,2,0.0,2,False,10563.6,11388.3,824.7,7.81,-7.81,2.797
RouteID_5def297f-94e6-47a6-89e3-52a6ea3bb7b3,149,2,0.2,1,False,10563.6,11557.8,994.2,9.41,-9.41,5.426
RouteID_5def297f-94e6-47a6-89e3-52a6ea3bb7b3,149,2,0.2,2,False,10563.6,11388.3,824.7,7.81,-7.81,2.912
RouteID_5def297f-94e6-47a6-89e3-52a6ea3bb7b3,149,3,0.0,1,False,10563.6,10462.9,-100.7,-0.95,0.95,11.958
RouteID_5def297f-94e6-47a6-89e3-52a6ea3bb7b3,149,3,0.0,2,False,10563.6,10717.8,154.2,1.46,-1.46,6.026
RouteID_5def297f-94e6-47a6-89e3-52a6ea3bb7b3,149,3,0.0,3,False,10563.6,12465.4,1901.8,18.0,-18.0,4.002
RouteID_5def297f-94e6-47a6-89e3-52a6ea3bb7b3,149,3,0.2,1,False,10563.6,10462.9,-100.7,-0.95,0.95,11.779
RouteID_5def297f-94e6-47a6-89e3-52a6ea3bb7b3,149,3,0.2,2,False,10563.6,10717.8,154.2,1.46,-1.46,6.266
RouteID_5def297f-94e6-47a6-89e3-52a6ea3bb7b3,149,3,0.2,3,False,10563.6,12465.4,1901.8,18.0,-18.0,4.196
RouteID_b6d92b61-6880-4886-8c16-6efd4cad31a2,120,2,0.0,1,False,12628.3,14228.6,1600.3,12.67,-12.67,3.98
RouteID_b6d92b61-6880-4886-8c16-6efd4cad31a2,120,2,0.0,2,False,12628.3,13651.7,1023.4,8.1,-8.1,2.059
RouteID_b6d92b61-6880-4886-8c16-6efd4cad31a2,120,2,0.2,1,False,12628.3,14228.6,1600.3,12.67,-12.67,4.074
RouteID_b6d92b61-6880-4886-8c16-6efd4cad31a2,120,2,0.2,2,False,12628.3,13651.7,1023.4,8.1,-8.1,2.08
RouteID_b6d92b61-6880-4886-8c16-6efd4cad31a2,120,3,0.0,1,False,12628.3,12737.8,109.5,0.87,-0.87,9.057
RouteID_b6d92b61-6880-4886-8c16-6efd4cad31a2,120,3,0.0,2,False,12628.3,13431.7,803.4,6.36,-6.36,4.78
RouteID_b6d92b61-6880-4886-8c16-6efd4cad31a2,120,3,0.0,3,False,12628.3,14359.4,1731.1,13.71,-13.71,3.029
RouteID_b6d92b61-6880-4886-8c16-6efd4cad31a2,120,3,0.2,1,False,12628.3,12737.8,109.5,0.87,-0.87,9.229
RouteID_b6d92b61-6880-4886-8c16-6efd4cad31a2,120,3,0.2,2,False,12628.3,13431.7,803.4,6.36,-6.36,4.605
RouteID_b6d92b61-6880-4886-8c16-6efd4cad31a2,120,3,0.2,3,False,12628.3,14359.4,1731.1,13.71,-13.71,3.124
RouteID_a4fb27e9-405e-479d-a137-af325db6e833,96,2,0.0,1,False,6520.9,6005.1,-515.8,-7.91,7.91,3.414
RouteID_a4fb27e9-405e-479d-a137-af325db6e833,96,2,0.0,2,False,6520.9,5893.4,-627.5,-9.62,9.62,1.83
RouteID_a4fb27e9-405e-479d-a137-af325db6e833,96,2,0.2,1,False,6520.9,6005.1,-515.8,-7.91,7.91,3.274
RouteID_a4fb27e9-405e-479d-a137-af325db6e833,96,2,0.2,2,False,6520.9,5893.4,-627.5,-9.62,9.62,1.799
RouteID_a4fb27e9-405e-479d-a137-af325db6e833,96,3,0.0,1,False,6520.9,5909.2,-611.7,-9.38,9.38,7.728
RouteID_a4fb27e9-405e-479d-a137-af325db6e833,96,3,0.0,2,False,6520.9,5849.5,-671.4,-10.3,10.3,3.714
RouteID_a4fb27e9-405e-479d-a137-af325db6e833,96,3,0.0,3,False,6520.9,6173.6,-347.3,-5.33,5.33,2.496
RouteID_a4fb27e9-405e-479d-a137-af325db6e833,96,3,0.2,1,False,6520.9,5909.2,-611.7,-9.38,9.38,7.218
RouteID_a4fb27e9-405e-479d-a137-af325db6e833,96,3,0.2,2,False,6520.9,5849.5,-671.4,-10.3,10.3,3.678
RouteID_a4fb27e9-405e-479d-a137-af325db6e833,96,3,0.2,3,False,6520.9,6173.6,-347.3,-5.33,5.33,2.528
RouteID_77b3bcae-af1e-4792-8f01-391e5cf1a99e,117,2,0.0,1,False,9455.4,8214.0,-1241.4,-13.13,13.13,4.511
RouteID_77b3bcae-af1e-4792-8f01-391e5cf1a99e,117,2,0.0,2,False,9455.4,8966.5,-488.9,-5.17,5.17,2.227
RouteID_77b3bcae-af1e-4792-8f01-391e5cf1a99e,117,2,0.2,1,False,9455.4,8214.0,-1241.4,-13.13,13.13,4.253
RouteID_77b3bcae-af1e-4792-8f01-391e5cf1a99e,117,2,0.2,2,False,9455.4,8966.5,-488.9,-5.17,5.17,2.059
RouteID_77b3bcae-af1e-4792-8f01-391e5cf1a99e,117,3,0.0,1,False,9455.4,9419.8,-35.6,-0.38,0.38,8.78
RouteID_77b3bcae-af1e-4792-8f01-391e5cf1a99e,117,3,0.0,2,False,9455.4,8456.5,-998.9,-10.56,10.56,4.558
RouteID_77b3bcae-af1e-4792-8f01-391e5cf1a99e,117,3,0.0,3,False,9455.4,8644.8,-810.6,-8.57,8.57,2.95
RouteID_77b3bcae-af1e-4792-8f01-391e5cf1a99e,117,3,0.2,1,False,9455.4,9419.8,-35.6,-0.38,0.38,8.796
RouteID_77b3bcae-af1e-4792-8f01-391e5cf1a99e,117,3,0.2,2,False,9455.4,8456.5,-998.9,-10.56,10.56,4.519
RouteID_77b3bcae-af1e-4792-8f01-391e5cf1a99e,117,3,0.2,3,False,9455.4,8644.8,-810.6,-8.57,8.57,2.981
RouteID_f8e15aaf-2a32-461d-b01c-f0e86eb3e692,169,2,0.0,1,False,12623.7,15406.4,2782.7,22.04,-22.04,6.072
RouteID_f8e15aaf-2a32-461d-b01c-f0e86eb3e692,169,2,0.0,2,False,12623.7,17399.1,4775.4,37.83,-37.83,3.002
RouteID_f8e15aaf-2a32-461d-b01c-f0e86eb3e692,169,2,0.2,1,False,12623.7,15406.4,2782.7,22.04,-22.04,6.51
RouteID_f8e15aaf-2a32-461d-b01c-f0e86eb3e692,169,2,0.2,2,False,12623.7,17399.1,4775.4,37.83,-37.83,2.867
RouteID_f8e15aaf-2a32-461d-b01c-f0e86eb3e692,169,3,0.0,1,False,12623.7,13322.8,699.1,5.54,-5.54,13.201
RouteID_f8e15aaf-2a32-461d-b01c-f0e86eb3e692,169,3,0.0,2,False,12623.7,16284.0,3660.3,29.0,-29.0,6.318
RouteID_f8e15aaf-2a32-461d-b01c-f0e86eb3e692,169,3,0.0,3,False,12623.7,16952.8,4329.1,34.29,-34.29,4.366
RouteID_f8e15aaf-2a32-461d-b01c-f0e86eb3e692,169,3,0.2,1,False,12623.7,13322.8,699.1,5.54,-5.54,13.46
RouteID_f8e15aaf-2a32-461d-b01c-f0e86eb3e692,169,3,0.2,2,False,12623.7,16284.0,3660.3,29.0,-29.0,6.442
RouteID_f8e15aaf-2a32-461d-b01c-f0e86eb3e692,169,3,0.2,3,False,12623.7,16952.8,4329.1,34.29,-34.29,4.826
RouteID_738c4cd7-6437-4e16-b7d3-d1467577f45e,147,2,0.0,1,False,9373.5,9817.4,443.9,4.74,-4.74,5.579
RouteID_738c4cd7-6437-4e16-b7d3-d1467577f45e,147,2,0.0,2,False,9373.5,10258.5,885.0,9.44,-9.44,2.733
RouteID_738c4cd7-6437-4e16-b7d3-d1467577f45e,147,2,0.2,1,False,9373.5,9817.4,443.9,4.74,-4.74,5.065
RouteID_738c4cd7-6437-4e16-b7d3-d1467577f45e,147,2,0.2,2,False,9373.5,10258.5,885.0,9.44,-9.44,2.6
RouteID_738c4cd7-6437-4e16-b7d3-d1467577f45e,147,3,0.0,1,False,9373.5,8393.1,-980.4,-10.46,10.46,11.199
RouteID_738c4cd7-6437-4e16-b7d3-d1467577f45e,147,3,0.0,2,False,9373.5,8637.0,-736.5,-7.86,7.86,5.754
RouteID_738c4cd7-6437-4e16-b7d3-d1467577f45e,147,3,0.0,3,False,9373.5,10267.3,893.8,9.54,-9.54,3.815
RouteID_738c4cd7-6437-4e16-b7d3-d1467577f45e,147,3,0.2,1,False,9373.5,8393.1,-980.4,-10.46,10.46,11.243
RouteID_738c4cd7-6437-4e16-b7d3-d1467577f45e,147,3,0.2,2,False,9373.5,8637.0,-736.5,-7.86,7.86,5.749
RouteID_738c4cd7-6437-4e16-b7d3-d1467577f45e,147,3,0.2,3,False,9373.5,10267.3,893.8,9.54,-9.54,3.873
RouteID_1c045cf9-85a3-4800-9955-dd09a955d4a6,151,2,0.0,1,False,11265.8,11774.0,508.2,4.51,-4.51,5.202
RouteID_1c045cf9-85a3-4800-9955-dd09a955d4a6,151,2,0.0,2,False,11265.8,11546.3,280.5,2.49,-2.49,2.797
RouteID_1c045cf9-85a3-4800-9955-dd09a955d4a6,151,2,0.2,1,False,11265.8,11774.0,508.2,4.51,-4.51,5.226
RouteID_1c045cf9-85a3-4800-9955-dd09a955d4a6,151,2,0.2,2,False,11265.8,11546.3,280.5,2.49,-2.49,2.756
RouteID_1c045cf9-85a3-4800-9955-dd09a955d4a6,151,3,0.0,1,False,11265.8,11030.4,-235.4,-2.09,2.09,11.622
RouteID_1c045cf9-85a3-4800-9955-dd09a955d4a6,151,3,0.0,2,False,11265.8,10540.2,-725.6,-6.44,6.44,5.957
RouteID_1c045cf9-85a3-4800-9955-dd09a955d4a6,151,3,0.0,3,False,11265.8,11897.9,632.1,5.61,-5.61,4.205
RouteID_1c045cf9-85a3-4800-9955-dd09a955d4a6,151,3,0.2,1,False,11265.8,11030.4,-235.4,-2.09,2.09,11.509
RouteID_1c045cf9-85a3-4800-9955-dd09a955d4a6,151,3,0.2,2,False,11265.8,10540.2,-725.6,-6.44,6.44,5.897
RouteID_1c045cf9-85a3-4800-9955-dd09a955d4a6,151,3,0.2,3,False,11265.8,11897.9,632.1,5.61,-5.61,3.952
RouteID_1f592c48-8646-4194-b6a3-d5fd027e11b5,156,2,0.0,1,False,11109.5,11648.7,539.2,4.85,-4.85,5.435
RouteID_1f592c48-8646-4194-b6a3-d5fd027e11b5,156,2,0.0,2,False,11109.5,12630.3,1520.8,13.69,-13.69,2.788
RouteID_1f592c48-8646-4194-b6a3-d5fd027e11b5,156,2,0.2,1,False,11109.5,11648.7,539.2,4.85,-4.85,5.464
RouteID_1f592c48-8646-4194-b6a3-d5fd027e11b5,156,2,0.2,2,False,11109.5,12630.3,1520.8,13.69,-13.69,2.784
RouteID_1f592c48-8646-4194-b6a3-d5fd027e11b5,156,3,0.0,1,False,11109.5,10160.7,-948.8,-8.54,8.54,11.875
RouteID_1f592c48-8646-4194-b6a3-d5fd027e11b5,156,3,0.0,2,False,11109.5,10651.5,-458.0,-4.12,4.12,6.159
RouteID_1f592c48-8646-4194-b6a3-d5fd027e11b5,156,3,0.0,3,False,11109.5,10870.4,-239.1,-2.15,2.15,4.208
RouteID_1f592c48-8646-4194-b6a3-d5fd027e11b5,156,3,0.2,1,False,11109.5,10160.7,-948.8,-8.54,8.54,11.93
RouteID_1f592c48-8646-4194-b6a3-d5fd027e11b5,156,3,0.2,2,False,11109.5,10651.5,-458.0,-4.12,4.12,6.15
RouteID_1f592c48-8646-4194-b6a3-d5fd027e11b5,156,3,0.2,3,False,11109.5,10870.4,-239.1,-2.15,2.15,4.236
RouteID_8bef849e-27b4-4ffb-a580-fa79524a9ae9,143,2,0.0,1,False,11935.1,12984.7,1049.6,8.79,-8.79,4.826
RouteID_8bef849e-27b4-4ffb-a580-fa79524a9ae9,143,2,0.0,2,False,11935.1,14622.3,2687.2,22.52,-22.52,2.51
RouteID_8bef849e-27b4-4ffb-a580-fa79524a9ae9,143,2,0.2,1,False,11935.1,12984.7,1049.6,8.79,-8.79,4.878
RouteID_8bef849e-27b4-4ffb-a580-fa79524a9ae9,143,2,0.2,2,False,11935.1,14622.3,2687.2,22.52,-22.52,2.48
RouteID_8bef849e-27b4-4ffb-a580-fa79524a9ae9,143,3,0.0,1,False,11935.1,11473.8,-461.3,-3.87,3.87,10.878
RouteID_8bef849e-27b4-4ffb-a580-fa79524a9ae9,143,3,0.0,2,False,11935.1,12453.5,518.4,4.34,-4.34,5.438
RouteID_8bef849e-27b4-4ffb-a580-fa79524a9ae9,143,3,0.0,3,False,11935.1,12038.0,102.9,0.86,-0.86,3.719
RouteID_8bef849e-27b4-4ffb-a580-fa79524a9ae9,143,3,0.2,1,False,11935.1,11473.8,-461.3,-3.87,3.87,10.855
RouteID_8bef849e-27b4-4ffb-a580-fa79524a9ae9,143,3,0.2,2,False,11935.1,12453.5,518.4,4.34,-4.34,5.408
RouteID_8bef849e-27b4-4ffb-a580-fa79524a9ae9,143,3,0.2,3,False,11935.1,12038.0,102.9,0.86,-0.86,3.673
RouteID_d1cf83ef-b7df-46ad-9258-5f19daf285ea,174,2,0.0,1,False,11759.6,13243.2,1483.6,12.62,-12.62,5.964
RouteID_d1cf83ef-b7df-46ad-9258-5f19daf285ea,174,2,0.0,2,False,11759.6,14396.8,2637.2,22.43,-22.43,2.925
RouteID_d1cf83ef-b7df-46ad-9258-5f19daf285ea,174,2,0.2,1,False,11759.6,13243.2,1483.6,12.62,-12.62,5.875
RouteID_d1cf83ef-b7df-46ad-9258-5f19daf285ea,174,2,0.2,2,False,11759.6,14396.8,2637.2,22.43,-22.43,2.943
RouteID_d1cf83ef-b7df-46ad-9258-5f19daf285ea,174,3,0.0,1,False,11759.6,12951.1,1191.5,10.13,-10.13,12.953
RouteID_d1cf83ef-b7df-46ad-9258-5f19daf285ea,174,3,0.0,2,False,11759.6,10756.0,-1003.6,-8.53,8.53,6.915
RouteID_d1cf83ef-b7df-46ad-9258-5f19daf285ea,174,3,0.0,3,False,11759.6,16196.2,4436.6,37.73,-37.73,4.406
RouteID_d1cf83ef-b7df-46ad-9258-5f19daf285ea,174,3,0.2,1,False,11759.6,12951.1,1191.5,10.13,-10.13,13.086
RouteID_d1cf83ef-b7df-46ad-9258-5f19daf285ea,174,3,0.2,2,False,11759.6,10756.0,-1003.6,-8.53,8.53,6.979
RouteID_d1cf83ef-b7df-46ad-9258-5f19daf285ea,174,3,0.2,3,False,11759.6,16196.2,4436.6,37.73,-37.73,4.4
RouteID_b3fb5fb0-4b06-4388-b19c-e3ba37671982,141,2,0.0,1,False,10910.3,13434.6,2524.3,23.14,-23.14,4.683
RouteID_b3fb5fb0-4b06-4388-b19c-e3ba37671982,141,2,0.0,2,False,10910.3,12967.4,2057.1,18.85,-18.85,2.352
RouteID_b3fb5fb0-4b06-4388-b19c-e3ba37671982,141,2,0.2,1,False,10910.3,13434.6,2524.3,23.14,-23.14,4.675
RouteID_b3fb5fb0-4b06-4388-b19c-e3ba37671982,141,2,0.2,2,False,10910.3,12967.4,2057.1,18.85,-18.85,2.336
RouteID_b3fb5fb0-4b06-4388-b19c-e3ba37671982,141,3,0.0,1,False,10910.3,9976.7,-933.6,-8.56,8.56,10.915
RouteID_b3fb5fb0-4b06-4388-b19c-e3ba37671982,141,3,0.0,2,False,10910.3,10489.1,-421.2,-3.86,3.86,5.547
RouteID_b3fb5fb0-4b06-4388-b19c-e3ba37671982,141,3,0.0,3,False,10910.3,10421.4,-488.9,-4.48,4.48,3.771
RouteID_b3fb5fb0-4b06-4388-b19c-e3ba37671982,141,3,0.2,1,False,10910.3,9976.7,-933.6,-8.56,8.56,10.821
RouteID_b3fb5fb0-4b06-4388-b19c-e3ba37671982,141,3,0.2,2,False,10910.3,10489.1,-421.2,-3.86,3.86,5.652
RouteID_b3fb5fb0-4b06-4388-b19c-e3ba37671982,141,3,0.2,3,False,10910.3,10421.4,-488.9,-4.48,4.48,3.73
RouteID_14d0e456-b5cf-44ad-a4ab-eaa88308c3b8,143,2,0.0,1,False,10365.2,11526.8,1161.6,11.21,-11.21,4.908
RouteID_14d0e456-b5cf-44ad-a4ab-eaa88308c3b8,143,2,0.0,2,False,10365.2,11941.1,1575.9,15.2,-15.2,2.588
RouteID_14d0e456-b5cf-44ad-a4ab-eaa88308c3b8,143,2,0.2,1,False,10365.2,11526.8,1161.6,11.21,-11.21,4.928
RouteID_14d0e456-b5cf-44ad-a4ab-eaa88308c3b8,143,2,0.2,2,False,10365.2,11941.1,1575.9,15.2,-15.2,2.577
RouteID_14d0e456-b5cf-44ad-a4ab-eaa88308c3b8,143,3,0.0,1,False,10365.2,10811.1,445.9,4.3,-4.3,10.726
RouteID_14d0e456-b5cf-44ad-a4ab-eaa88308c3b8,143,3,0.0,2,False,10365.2,9772.6,-592.6,-5.72,5.72,5.689
RouteID_14d0e456-b5cf-44ad-a4ab-eaa88308c3b8,143,3,0.0,3,False,10365.2,11373.5,1008.3,9.73,-9.73,3.706
RouteID_14d0e456-b5cf-44ad-a4ab-eaa88308c3b8,143,3,0.2,1,False,10365.2,10811.1,445.9,4.3,-4.3,10.822
RouteID_14d0e456-b5cf-44ad-a4ab-eaa88308c3b8,143,3,0.2,2,False,10365.2,9772.6,-592.6,-5.72,5.72,5.673
RouteID_14d0e456-b5cf-44ad-a4ab-eaa88308c3b8,143,3,0.2,3,False,10365.2,11373.5,1008.3,9.73,-9.73,3.732
RouteID_7345ebc0-76f3-4166-bd21-d3166c784a73,166,2,0.0,1,False,11095.5,12476.2,1380.7,12.44,-12.44,5.703
RouteID_7345ebc0-76f3-4166-bd21-d3166c784a73,166,2,0.0,2,False,11095.5,12072.3,976.8,8.8,-8.8,2.948
RouteID_7345ebc0-76f3-4166-bd21-d3166c784a73,166,2,0.2,1,False,11095.5,12476.2,1380.7,12.44,-12.44,5.685
RouteID_7345ebc0-76f3-4166-bd21-d3166c784a73,166,2,0.2,2,False,11095.5,12072.3,976.8,8.8,-8.8,2.947
RouteID_7345ebc0-76f3-4166-bd21-d3166c784a73,166,3,0.0,1,False,11095.5,11345.7,250.2,2.25,-2.25,12.488
RouteID_7345ebc0-76f3-4166-bd21-d3166c784a73,166,3,0.0,2,False,11095.5,11830.2,734.7,6.62,-6.62,6.355
RouteID_7345ebc0-76f3-4166-bd21-d3166c784a73,166,3,0.0,3,False,11095.5,11813.5,718.0,6.47,-6.47,4.285
RouteID_7345ebc0-76f3-4166-bd21-d3166c784a73,166,3,0.2,1,False,11095.5,11345.7,250.2,2.25,-2.25,12.527
RouteID_7345ebc0-76f3-4166-bd21-d3166c784a73,166,3,0.2,2,False,11095.5,11830.2,734.7,6.62,-6.62,6.37
RouteID_7345ebc0-76f3-4166-bd21-d3166c784a73,166,3,0.2,3,False,11095.5,11813.5,718.0,6.47,-6.47,4.283
RouteID_91c6896a-de79-4d03-8489-253146bec27b,128,2,0.0,1,False,9501.6,11312.2,1810.6,19.06,-19.06,4.329
RouteID_91c6896a-de79-4d03-8489-253146bec27b,128,2,0.0,2,False,9501.6,10398.3,896.7,9.44,-9.44,2.279
RouteID_91c6896a-de79-4d03-8489-253146bec27b,128,2,0.2,1,False,9501.6,11312.2,1810.6,19.06,-19.06,4.34
RouteID_91c6896a-de79-4d03-8489-253146bec27b,128,2,0.2,2,False,9501.6,10398.3,896.7,9.44,-9.44,2.245
RouteID_91c6896a-de79-4d03-8489-253146bec27b,128,3,0.0,1,False,9501.6,9135.8,-365.8,-3.85,3.85,9.669
RouteID_91c6896a-de79-4d03-8489-253146bec27b,128,3,0.0,2,False,9501.6,8841.9,-659.7,-6.94,6.94,5.012
RouteID_91c6896a-de79-4d03-8489-253146bec27b,128,3,0.0,3,False,9501.6,12465.9,2964.3,31.2,-31.2,3.265
RouteID_91c6896a-de79-4d03-8489-253146bec27b,128,3,0.2,1,False,9501.6,9135.8,-365.8,-3.85,3.85,9.67
RouteID_91c6896a-de79-4d03-8489-253146bec27b,128,3,0.2,2,False,9501.6,8841.9,-659.7,-6.94,6.94,4.948
RouteID_91c6896a-de79-4d03-8489-253146bec27b,128,3,0.2,3,False,9501.6,12465.9,2964.3,31.2,-31.2,3.204
RouteID_4b4d8e72-7e4d-4a97-94c3-1c2b653c8503,115,2,0.0,1,False,13104.5,14075.6,971.1,7.41,-7.41,3.81
RouteID_4b4d8e72-7e4d-4a97-94c3-1c2b653c8503,115,2,0.0,2,False,13104.5,14243.1,1138.6,8.69,-8.69,2.033
RouteID_4b4d8e72-7e4d-4a97-94c3-1c2b653c8503,115,2,0.2,1,False,13104.5,14075.6,971.1,7.41,-7.41,3.771
RouteID_4b4d8e72-7e4d-4a97-94c3-1c2b653c8503,115,2,0.2,2,False,13104.5,14243.1,1138.6,8.69,-8.69,2.025
RouteID_4b4d8e72-7e4d-4a97-94c3-1c2b653c8503,115,3,0.0,1,False,13104.5,13421.9,317.4,2.42,-2.42,8.547
RouteID_4b4d8e72-7e4d-4a97-94c3-1c2b653c8503,115,3,0.0,2,False,13104.5,13976.2,871.7,6.65,-6.65,4.278
RouteID_4b4d8e72-7e4d-4a97-94c3-1c2b653c8503,115,3,0.0,3,False,13104.5,13833.6,729.1,5.56,-5.56,2.973
RouteID_4b4d8e72-7e4d-4a97-94c3-1c2b653c8503,115,3,0.2,1,False,13104.5,13421.9,317.4,2.42,-2.42,8.549
RouteID_4b4d8e72-7e4d-4a97-94c3-1c2b653c8503,115,3,0.2,2,False,13104.5,13976.2,871.7,6.65,-6.65,4.242
RouteID_4b4d8e72-7e4d-4a97-94c3-1c2b653c8503,115,3,0.2,3,False,13104.5,13833.6,729.1,5.56,-5.56,2.938
RouteID_edfdbc8c-6813-45bb-84f6-700af13d97f4,215,2,0.0,1,False,14697.1,17125.5,2428.4,16.52,-16.52,7.477
RouteID_edfdbc8c-6813-45bb-84f6-700af13d97f4,215,2,0.0,2,False,14697.1,17713.3,3016.2,20.52,-20.52,3.971
RouteID_edfdbc8c-6813-45bb-84f6-700af13d97f4,215,2,0.2,1,False,14697.1,17125.5,2428.4,16.52,-16.52,7.438
RouteID_edfdbc8c-6813-45bb-84f6-700af13d97f4,215,2,0.2,2,False,14697.1,17713.3,3016.2,20.52,-20.52,3.908
RouteID_edfdbc8c-6813-45bb-84f6-700af13d97f4,215,3,0.0,1,False,14697.1,15074.4,377.3,2.57,-2.57,16.526
RouteID_edfdbc8c-6813-45bb-84f6-700af13d97f4,215,3,0.0,2,False,14697.1,15313.2,616.1,4.19,-4.19,8.474
RouteID_edfdbc8c-6813-45bb-84f6-700af13d97f4,215,3,0.0,3,False,14697.1,16196.2,1499.1,10.2,-10.2,5.893
RouteID_edfdbc8c-6813-45bb-84f6-700af13d97f4,215,3,0.2,1,False,14697.1,15074.4,377.3,2.57,-2.57,16.629
RouteID_edfdbc8c-6813-45bb-84f6-700af13d97f4,215,3,0.2,2,False,14697.1,15313.2,616.1,4.19,-4.19,8.464
RouteID_edfdbc8c-6813-45bb-84f6-700af13d97f4,215,3,0.2,3,False,14697.1,16196.2,1499.1,10.2,-10.2,5.973
RouteID_8f13d353-13f9-4c6e-bfdf-18ce95711dcc,181,2,0.0,1,False,10285.3,12384.0,2098.7,20.4,-20.4,6.216
RouteID_8f13d353-13f9-4c6e-bfdf-18ce95711dcc,181,2,0.0,2,False,10285.3,12407.4,2122.1,20.63,-20.63,3.199
RouteID_8f13d353-13f9-4c6e-bfdf-18ce95711dcc,181,2,0.2,1,False,10285.3,12384.0,2098.7,20.4,-20.4,6.157
RouteID_8f13d353-13f9-4c6e-bfdf-18ce95711dcc,181,2,0.2,2,False,10285.3,12407.4,2122.1,20.63,-20.63,3.216
RouteID_8f13d353-13f9-4c6e-bfdf-18ce95711dcc,181,3,0.0,1,False,10285.3,9707.9,-577.4,-5.61,5.61,13.803
RouteID_8f13d353-13f9-4c6e-bfdf-18ce95711dcc,181,3,0.0,2,False,10285.3,10992.8,707.5,6.88,-6.88,7.024
RouteID_8f13d353-13f9-4c6e-bfdf-18ce95711dcc,181,3,0.0,3,False,10285.3,11050.1,764.8,7.44,-7.44,4.808
RouteID_8f13d353-13f9-4c6e-bfdf-18ce95711dcc,181,3,0.2,1,False,10285.3,9707.9,-577.4,-5.61,5.61,13.894
RouteID_8f13d353-13f9-4c6e-bfdf-18ce95711dcc,181,3,0.2,2,False,10285.3,10992.8,707.5,6.88,-6.88,7.032
RouteID_8f13d353-13f9-4c6e-bfdf-18ce95711dcc,181,3,0.2,3,False,10285.3,11050.1,764.8,7.44,-7.44,4.767
RouteID_44f05e18-630d-48e2-b07f-ae93261c1ba3,129,2,0.0,1,False,7585.4,9886.3,2300.9,30.33,-30.33,4.249
RouteID_44f05e18-630d-48e2-b07f-ae93261c1ba3,129,2,0.0,2,False,7585.4,10600.4,3015.0,39.75,-39.75,2.16
RouteID_44f05e18-630d-48e2-b07f-ae93261c1ba3,129,2,0.2,1,False,7585.4,9886.3,2300.9,30.33,-30.33,4.281
RouteID_44f05e18-630d-48e2-b07f-ae93261c1ba3,129,2,0.2,2,False,7585.4,10600.4,3015.0,39.75,-39.75,2.128
RouteID_44f05e18-630d-48e2-b07f-ae93261c1ba3,129,3,0.0,1,False,7585.4,9799.3,2213.9,29.19,-29.19,9.552
RouteID_44f05e18-630d-48e2-b07f-ae93261c1ba3,129,3,0.0,2,False,7585.4,9415.0,1829.6,24.12,-24.12,4.813
RouteID_44f05e18-630d-48e2-b07f-ae93261c1ba3,129,3,0.0,3,False,7585.4,9637.7,2052.3,27.06,-27.06,3.191
RouteID_44f05e18-630d-48e2-b07f-ae93261c1ba3,129,3,0.2,1,False,7585.4,9799.3,2213.9,29.19,-29.19,9.565
RouteID_44f05e18-630d-48e2-b07f-ae93261c1ba3,129,3,0.2,2,False,7585.4,9415.0,1829.6,24.12,-24.12,4.738
RouteID_44f05e18-630d-48e2-b07f-ae93261c1ba3,129,3,0.2,3,False,7585.4,9637.7,2052.3,27.06,-27.06,3.192
RouteID_9ccf2568-7f63-47a7-9fed-f5f90c623594,191,2,0.0,1,False,11166.0,13189.5,2023.5,18.12,-18.12,6.686
RouteID_9ccf2568-7f63-47a7-9fed-f5f90c623594,191,2,0.0,2,False,11166.0,15555.5,4389.5,39.31,-39.31,3.283
RouteID_9ccf2568-7f63-47a7-9fed-f5f90c623594,191,2,0.2,1,False,11166.0,13189.5,2023.5,18.12,-18.12,6.66
RouteID_9ccf2568-7f63-47a7-9fed-f5f90c623594,191,2,0.2,2,False,11166.0,15555.5,4389.5,39.31,-39.31,3.303
RouteID_9ccf2568-7f63-47a7-9fed-f5f90c623594,191,3,0.0,1,False,11166.0,13345.7,2179.7,19.52,-19.52,14.464
RouteID_9ccf2568-7f63-47a7-9fed-f5f90c623594,191,3,0.0,2,False,11166.0,13621.7,2455.7,21.99,-21.99,7.34
RouteID_9ccf2568-7f63-47a7-9fed-f5f90c623594,191,3,0.0,3,False,11166.0,14817.9,3651.9,32.71,-32.71,4.943
RouteID_9ccf2568-7f63-47a7-9fed-f5f90c623594,191,3,0.2,1,False,11166.0,13345.7,2179.7,19.52,-19.52,14.515
RouteID_9ccf2568-7f63-47a7-9fed-f5f90c623594,191,3,0.2,2,False,11166.0,13621.7,2455.7,21.99,-21.99,7.292
RouteID_9ccf2568-7f63-47a7-9fed-f5f90c623594,191,3,0.2,3,False,11166.0,14817.9,3651.9,32.71,-32.71,4.909
RouteID_d896ed72-28ef-4132-a815-d6e45a5c349f,152,2,0.0,1,False,11072.8,12155.3,1082.5,9.78,-9.78,5.224
RouteID_d896ed72-28ef-4132-a815-d6e45a5c349f,152,2,0.0,2,False,11072.8,11758.8,686.0,6.2,-6.2,2.669
RouteID_d896ed72-28ef-4132-a815-d6e45a5c349f,152,2,0.2,1,False,11072.8,12155.3,1082.5,9.78,-9.78,5.268
RouteID_d896ed72-28ef-4132-a815-d6e45a5c349f,152,2,0.2,2,False,11072.8,11758.8,686.0,6.2,-6.2,2.719
RouteID_d896ed72-28ef-4132-a815-d6e45a5c349f,152,3,0.0,1,False,11072.8,10690.2,-382.6,-3.46,3.46,11.675
RouteID_d896ed72-28ef-4132-a815-d6e45a5c349f,152,3,0.0,2,False,11072.8,11403.8,331.0,2.99,-2.99,5.884
RouteID_d896ed72-28ef-4132-a815-d6e45a5c349f,152,3,0.0,3,False,11072.8,11990.0,917.2,8.28,-8.28,4.0
RouteID_d896ed72-28ef-4132-a815-d6e45a5c349f,152,3,0.2,1,False,11072.8,10690.2,-382.6,-3.46,3.46,11.711
RouteID_d896ed72-28ef-4132-a815-d6e45a5c349f,152,3,0.2,2,False,11072.8,11403.8,331.0,2.99,-2.99,5.856
RouteID_d896ed72-28ef-4132-a815-d6e45a5c349f,152,3,0.2,3,False,11072.8,11990.0,917.2,8.28,-8.28,4.104
RouteID_b2dcd3de-37b0-4e7e-8a7c-2762a3bf29d6,175,2,0.0,1,False,15531.0,16371.8,840.8,5.41,-5.41,6.023
RouteID_b2dcd3de-37b0-4e7e-8a7c-2762a3bf29d6,175,2,0.0,2,False,15531.0,15552.1,21.1,0.14,-0.14,3.293
RouteID_b2dcd3de-37b0-4e7e-8a7c-2762a3bf29d6,175,2,0.2,1,False,15531.0,16371.8,840.8,5.41,-5.41,6.078
RouteID_b2dcd3de-37b0-4e7e-8a7c-2762a3bf29d6,175,2,0.2,2,False,15531.0,15552.1,21.1,0.14,-0.14,3.251
RouteID_b2dcd3de-37b0-4e7e-8a7c-2762a3bf29d6,175,3,0.0,1,False,15531.0,14015.2,-1515.8,-9.76,9.76,13.702
RouteID_b2dcd3de-37b0-4e7e-8a7c-2762a3bf29d6,175,3,0.0,2,False,15531.0,15045.2,-485.8,-3.13,3.13,6.993
RouteID_b2dcd3de-37b0-4e7e-8a7c-2762a3bf29d6,175,3,0.0,3,False,15531.0,16328.3,797.3,5.13,-5.13,4.698
RouteID_b2dcd3de-37b0-4e7e-8a7c-2762a3bf29d6,175,3,0.2,1,False,15531.0,14015.2,-1515.8,-9.76,9.76,13.76
RouteID_b2dcd3de-37b0-4e7e-8a7c-2762a3bf29d6,175,3,0.2,2,False,15531.0,15045.2,-485.8,-3.13,3.13,6.862
RouteID_b2dcd3de-37b0-4e7e-8a7c-2762a3bf29d6,175,3,0.2,3,False,15531.0,16328.3,797.3,5.13,-5.13,4.62
RouteID_e8458ee8-5eba-4706-87c7-e0461d765203,174,2,0.0,1,False,13066.9,14101.1,1034.2,7.91,-7.91,6.006
RouteID_e8458ee8-5eba-4706-87c7-e0461d765203,174,2,0.0,2,False,13066.9,14066.8,999.9,7.65,-7.65,3.221
RouteID_e8458ee8-5eba-4706-87c7-e0461d765203,174,2,0.2,1,False,13066.9,14101.1,1034.2,7.91,-7.91,5.985
RouteID_e8458ee8-5eba-4706-87c7-e0461d765203,174,2,0.2,2,False,13066.9,14066.8,999.9,7.65,-7.65,3.204
RouteID_e8458ee8-5eba-4706-87c7-e0461d765203,174,3,0.0,1,False,13066.9,12555.3,-511.6,-3.92,3.92,13.49
RouteID_e8458ee8-5eba-4706-87c7-e0461d765203,174,3,0.0,2,False,13066.9,12918.3,-148.6,-1.14,1.14,6.913
RouteID_e8458ee8-5eba-4706-87c7-e0461d765203,174,3,0.0,3,False,13066.9,14597.5,1530.6,11.71,-11.71,4.544
RouteID_e8458ee8-5eba-4706-87c7-e0461d765203,174,3,0.2,1,False,13066.9,12555.3,-511.6,-3.92,3.92,13.431
RouteID_e8458ee8-5eba-4706-87c7-e0461d765203,174,3,0.2,2,False,13066.9,12918.3,-148.6,-1.14,1.14,6.946
RouteID_e8458ee8-5eba-4706-87c7-e0461d765203,174,3,0.2,3,False,13066.9,14597.5,1530.6,11.71,-11.71,4.576
RouteID_35149220-f0ed-42e9-a243-f573e8bcd6ea,134,2,0.0,1,False,8938.6,9486.2,547.6,6.13,-6.13,4.511
RouteID_35149220-f0ed-42e9-a243-f573e8bcd6ea,134,2,0.0,2,False,8938.6,9612.8,674.2,7.54,-7.54,2.351
RouteID_35149220-f0ed-42e9-a243-f573e8bcd6ea,134,2,0.2,1,False,8938.6,9486.2,547.6,6.13,-6.13,4.519
RouteID_35149220-f0ed-42e9-a243-f573e8bcd6ea,134,2,0.2,2,False,8938.6,9612.8,674.2,7.54,-7.54,2.418
RouteID_35149220-f0ed-42e9-a243-f573e8bcd6ea,134,3,0.0,1,False,8938.6,9238.9,300.3,3.36,-3.36,9.902
RouteID_35149220-f0ed-42e9-a243-f573e8bcd6ea,134,3,0.0,2,False,8938.6,8841.4,-97.2,-1.09,1.09,5.276
RouteID_35149220-f0ed-42e9-a243-f573e8bcd6ea,134,3,0.0,3,False,8938.6,10251.6,1313.0,14.69,-14.69,3.564
RouteID_35149220-f0ed-42e9-a243-f573e8bcd6ea,134,3,0.2,1,False,8938.6,9238.9,300.3,3.36,-3.36,10.115
RouteID_35149220-f0ed-42e9-a243-f573e8bcd6ea,134,3,0.2,2,False,8938.6,8841.4,-97.2,-1.09,1.09,5.26
RouteID_35149220-f0ed-42e9-a243-f573e8bcd6ea,134,3,0.2,3,False,8938.6,10251.6,1313.0,14.69,-14.69,3.344
RouteID_d1654375-aa99-49ee-b7d5-7addc3d7bef1,109,2,0.0,1,False,12000.7,11525.8,-474.9,-3.96,3.96,3.738
RouteID_d1654375-aa99-49ee-b7d5-7addc3d7bef1,109,2,0.0,2,False,12000.7,10885.7,-1115.0,-9.29,9.29,1.969
RouteID_d1654375-aa99-49ee-b7d5-7addc3d7bef1,109,2,0.2,1,False,12000.7,11525.8,-474.9,-3.96,3.96,3.763
RouteID_d1654375-aa99-49ee-b7d5-7addc3d7bef1,109,2,0.2,2,False,12000.7,10885.7,-1115.0,-9.29,9.29,1.989
RouteID_d1654375-aa99-49ee-b7d5-7addc3d7bef1,109,3,0.0,1,False,12000.7,10928.2,-1072.5,-8.94,8.94,934.697
RouteID_d1654375-aa99-49ee-b7d5-7addc3d7bef1,109,3,0.0,2,False,12000.7,11212.2,-788.5,-6.57,6.57,4.172
RouteID_d1654375-aa99-49ee-b7d5-7addc3d7bef1,109,3,0.0,3,False,12000.7,11677.6,-323.1,-2.69,2.69,2.904
RouteID_d1654375-aa99-49ee-b7d5-7addc3d7bef1,109,3,0.2,1,False,12000.7,10928.2,-1072.5,-8.94,8.94,8.134
RouteID_d1654375-aa99-49ee-b7d5-7addc3d7bef1,109,3,0.2,2,False,12000.7,11212.2,-788.5,-6.57,6.57,4.145
RouteID_d1654375-aa99-49ee-b7d5-7addc3d7bef1,109,3,0.2,3,False,12000.7,11677.6,-323.1,-2.69,2.69,2.878
RouteID_4338a9e4-8ad0-4020-b912-5350788eb45f,169,2,0.0,1,False,12047.4,13785.7,1738.3,14.43,-14.43,5.746
RouteID_4338a9e4-8ad0-4020-b912-5350788eb45f,169,2,0.0,2,False,12047.4,15374.7,3327.3,27.62,-27.62,2.965
RouteID_4338a9e4-8ad0-4020-b912-5350788eb45f,169,2,0.2,1,False,12047.4,13785.7,1738.3,14.43,-14.43,849.498
RouteID_4338a9e4-8ad0-4020-b912-5350788eb45f,169,2,0.2,2,False,12047.4,15374.7,3327.3,27.62,-27.62,3.047
RouteID_4338a9e4-8ad0-4020-b912-5350788eb45f,169,3,0.0,1,False,12047.4,12581.9,534.5,4.44,-4.44,12.884
RouteID_4338a9e4-8ad0-4020-b912-5350788eb45f,169,3,0.0,2,False,12047.4,13941.6,1894.2,15.72,-15.72,6.606
RouteID_4338a9e4-8ad0-4020-b912-5350788eb45f,169,3,0.0,3,False,12047.4,14699.3,2651.9,22.01,-22.01,4.416
RouteID_4338a9e4-8ad0-4020-b912-5350788eb45f,169,3,0.2,1,False,12047.4,12581.9,534.5,4.44,-4.44,13.025
RouteID_4338a9e4-8ad0-4020-b912-5350788eb45f,169,3,0.2,2,False,12047.4,13941.6,1894.2,15.72,-15.72,6.548
RouteID_4338a9e4-8ad0-4020-b912-5350788eb45f,169,3,0.2,3,False,12047.4,14699.3,2651.9,22.01,-22.01,4.362
RouteID_b2f8cc0c-f2a2-4f89-a1f1-4a87d2dd3455,185,2,0.0,1,False,11931.9,13290.4,1358.5,11.39,-11.39,6.359
RouteID_b2f8cc0c-f2a2-4f89-a1f1-4a87d2dd3455,185,2,0.0,2,False,11931.9,12829.7,897.8,7.52,-7.52,3.296
RouteID_b2f8cc0c-f2a2-4f89-a1f1-4a87d2dd3455,185,2,0.2,1,False,11931.9,13290.4,1358.5,11.39,-11.39,6.28
RouteID_b2f8cc0c-f2a2-4f89-a1f1-4a87d2dd3455,185,2,0.2,2,False,11931.9,12829.7,897.8,7.52,-7.52,3.219
RouteID_b2f8cc0c-f2a2-4f89-a1f1-4a87d2dd3455,185,3,0.0,1,False,11931.9,11229.8,-702.1,-5.88,5.88,15.282
RouteID_b2f8cc0c-f2a2-4f89-a1f1-4a87d2dd3455,185,3,0.0,2,False,11931.9,12521.7,589.8,4.94,-4.94,7.279
RouteID_b2f8cc0c-f2a2-4f89-a1f1-4a87d2dd3455,185,3,0.0,3,False,11931.9,12252.1,320.2,2.68,-2.68,4.804
RouteID_b2f8cc0c-f2a2-4f89-a1f1-4a87d2dd3455,185,3,0.2,1,False,11931.9,11229.8,-702.1,-5.88,5.88,15.672
RouteID_b2f8cc0c-f2a2-4f89-a1f1-4a87d2dd3455,185,3,0.2,2,False,11931.9,12521.7,589.8,4.94,-4.94,7.155
RouteID_b2f8cc0c-f2a2-4f89-a1f1-4a87d2dd3455,185,3,0.2,3,False,11931.9,12252.1,320.2,2.68,-2.68,4.816
RouteID_14ecef4d-a551-4d0b-8af6-8c9a6bad7792,144,2,0.0,1,False,9439.2,11626.6,2187.4,23.17,-23.17,4.843
RouteID_14ecef4d-a551-4d0b-8af6-8c9a6bad7792,144,2,0.0,2,False,9439.2,11885.1,2445.9,25.91,-25.91,2.411
RouteID_14ecef4d-a551-4d0b-8af6-8c9a6bad7792,144,2,0.2,1,False,9439.2,11626.6,2187.4,23.17,-23.17,5.181
RouteID_14ecef4d-a551-4d0b-8af6-8c9a6bad7792,144,2,0.2,2,False,9439.2,11885.1,2445.9,25.91,-25.91,2.449
RouteID_14ecef4d-a551-4d0b-8af6-8c9a6bad7792,144,3,0.0,1,False,9439.2,9154.8,-284.4,-3.01,3.01,11.246
RouteID_14ecef4d-a551-4d0b-8af6-8c9a6bad7792,144,3,0.0,2,False,9439.2,9738.9,299.7,3.18,-3.18,5.731
RouteID_14ecef4d-a551-4d0b-8af6-8c9a6bad7792,144,3,0.0,3,False,9439.2,11782.7,2343.5,24.83,-24.83,4.161
RouteID_14ecef4d-a551-4d0b-8af6-8c9a6bad7792,144,3,0.2,1,False,9439.2,9154.8,-284.4,-3.01,3.01,11.139
RouteID_14ecef4d-a551-4d0b-8af6-8c9a6bad7792,144,3,0.2,2,False,9439.2,9738.9,299.7,3.18,-3.18,5.568
RouteID_14ecef4d-a551-4d0b-8af6-8c9a6bad7792,144,3,0.2,3,False,9439.2,11782.7,2343.5,24.83,-24.83,3.927
RouteID_b8f8d953-3963-4b7d-8580-d90c1deb5258,107,2,0.0,1,False,9750.8,9218.0,-532.8,-5.46,5.46,3.696
RouteID_b8f8d953-3963-4b7d-8580-d90c1deb5258,107,2,0.0,2,False,9750.8,9319.7,-431.1,-4.42,4.42,1.901
RouteID_b8f8d953-3963-4b7d-8580-d90c1deb5258,107,2,0.2,1,False,9750.8,9218.0,-532.8,-5.46,5.46,3.652
RouteID_b8f8d953-3963-4b7d-8580-d90c1deb5258,107,2,0.2,2,False,9750.8,9319.7,-431.1,-4.42,4.42,1.907
RouteID_b8f8d953-3963-4b7d-8580-d90c1deb5258,107,3,0.0,1,False,9750.8,8937.6,-813.2,-8.34,8.34,7.99
RouteID_b8f8d953-3963-4b7d-8580-d90c1deb5258,107,3,0.0,2,False,9750.8,9700.8,-50.0,-0.51,0.51,4.121
RouteID_b8f8d953-3963-4b7d-8580-d90c1deb5258,107,3,0.0,3,False,9750.8,10280.7,529.9,5.43,-5.43,2.714
RouteID_b8f8d953-3963-4b7d-8580-d90c1deb5258,107,3,0.2,1,False,9750.8,8937.6,-813.2,-8.34,8.34,8.087
RouteID_b8f8d953-3963-4b7d-8580-d90c1deb5258,107,3,0.2,2,False,9750.8,9700.8,-50.0,-0.51,0.51,4.092
RouteID_b8f8d953-3963-4b7d-8580-d90c1deb5258,107,3,0.2,3,False,9750.8,10280.7,529.9,5.43,-5.43,3.596
RouteID_46ec78c2-54e8-4c59-a3c5-c19927d0c886,175,2,0.0,1,False,11680.7,12864.6,1183.9,10.14,-10.14,6.084
RouteID_46ec78c2-54e8-4c59-a3c5-c19927d0c886,175,2,0.0,2,False,11680.7,14346.8,2666.1,22.82,-22.82,3.409
RouteID_46ec78c2-54e8-4c59-a3c5-c19927d0c886,175,2,0.2,1,False,11680.7,12864.6,1183.9,10.14,-10.14,5.997
RouteID_46ec78c2-54e8-4c59-a3c5-c19927d0c886,175,2,0.2,2,False,11680.7,14346.8,2666.1,22.82,-22.82,3.064
RouteID_46ec78c2-54e8-4c59-a3c5-c19927d0c886,175,3,0.0,1,False,11680.7,11283.0,-397.7,-3.4,3.4,13.577
RouteID_46ec78c2-54e8-4c59-a3c5-c19927d0c886,175,3,0.0,2,False,11680.7,10812.0,-868.7,-7.44,7.44,7.07
RouteID_46ec78c2-54e8-4c59-a3c5-c19927d0c886,175,3,0.0,3,False,11680.7,12700.5,1019.8,8.73,-8.73,4.747
RouteID_46ec78c2-54e8-4c59-a3c5-c19927d0c886,175,3,0.2,1,False,11680.7,11283.0,-397.7,-3.4,3.4,13.676
RouteID_46ec78c2-54e8-4c59-a3c5-c19927d0c886,175,3,0.2,2,False,11680.7,10812.0,-868.7,-7.44,7.44,8.178
RouteID_46ec78c2-54e8-4c59-a3c5-c19927d0c886,175,3,0.2,3,False,11680.7,12700.5,1019.8,8.73,-8.73,4.715
RouteID_9952d320-113f-456b-abf0-f75f95bb6ea0,145,2,0.0,1,False,10008.2,10617.7,609.5,6.09,-6.09,5.359
RouteID_9952d320-113f-456b-abf0-f75f95bb6ea0,145,2,0.0,2,False,10008.2,10738.0,729.8,7.29,-7.29,2.67
RouteID_9952d320-113f-456b-abf0-f75f95bb6ea0,145,2,0.2,1,False,10008.2,10617.7,609.5,6.09,-6.09,5.343
RouteID_9952d320-113f-456b-abf0-f75f95bb6ea0,145,2,0.2,2,False,10008.2,10738.0,729.8,7.29,-7.29,3.432
RouteID_9952d320-113f-456b-abf0-f75f95bb6ea0,145,3,0.0,1,False,10008.2,10415.3,407.1,4.07,-4.07,10.976
RouteID_9952d320-113f-456b-abf0-f75f95bb6ea0,145,3,0.0,2,False,10008.2,10280.6,272.4,2.72,-2.72,5.941
RouteID_9952d320-113f-456b-abf0-f75f95bb6ea0,145,3,0.0,3,False,10008.2,10869.8,861.6,8.61,-8.61,4.183
RouteID_9952d320-113f-456b-abf0-f75f95bb6ea0,145,3,0.2,1,False,10008.2,10415.3,407.1,4.07,-4.07,10.992
RouteID_9952d320-113f-456b-abf0-f75f95bb6ea0,145,3,0.2,2,False,10008.2,10280.6,272.4,2.72,-2.72,5.521
RouteID_9952d320-113f-456b-abf0-f75f95bb6ea0,145,3,0.2,3,False,10008.2,10869.8,861.6,8.61,-8.61,4.251
RouteID_a3214b3f-e027-466d-b87b-b532ddfa52c4,160,2,0.0,1,False,13635.3,16378.7,2743.4,20.12,-20.12,5.887
RouteID_a3214b3f-e027-466d-b87b-b532ddfa52c4,160,2,0.0,2,False,13635.3,17929.4,4294.1,31.49,-31.49,2.777
RouteID_a3214b3f-e027-466d-b87b-b532ddfa52c4,160,2,0.2,1,False,13635.3,16378.7,2743.4,20.12,-20.12,5.983
RouteID_a3214b3f-e027-466d-b87b-b532ddfa52c4,160,2,0.2,2,False,13635.3,17929.4,4294.1,31.49,-31.49,2.723
RouteID_a3214b3f-e027-466d-b87b-b532ddfa52c4,160,3,0.0,1,False,13635.3,15180.5,1545.2,11.33,-11.33,12.162
RouteID_a3214b3f-e027-466d-b87b-b532ddfa52c4,160,3,0.0,2,False,13635.3,14932.0,1296.7,9.51,-9.51,6.307
RouteID_a3214b3f-e027-466d-b87b-b532ddfa52c4,160,3,0.0,3,False,13635.3,17759.5,4124.2,30.25,-30.25,4.385
RouteID_a3214b3f-e027-466d-b87b-b532ddfa52c4,160,3,0.2,1,False,13635.3,15180.5,1545.2,11.33,-11.33,12.18
RouteID_a3214b3f-e027-466d-b87b-b532ddfa52c4,160,3,0.2,2,False,13635.3,14932.0,1296.7,9.51,-9.51,6.176
RouteID_a3214b3f-e027-466d-b87b-b532ddfa52c4,160,3,0.2,3,False,13635.3,17759.5,4124.2,30.25,-30.25,4.032
RouteID_a9fee55e-c2d5-44f6-9897-2e7381a13cb0,180,2,0.0,1,False,11294.4,14214.9,2920.5,25.86,-25.86,6.031
RouteID_a9fee55e-c2d5-44f6-9897-2e7381a13cb0,180,2,0.0,2,False,11294.4,14829.4,3535.0,31.3,-31.3,3.097
RouteID_a9fee55e-c2d5-44f6-9897-2e7381a13cb0,180,2,0.2,1,False,11294.4,14214.9,2920.5,25.86,-25.86,6.189
RouteID_a9fee55e-c2d5-44f6-9897-2e7381a13cb0,180,2,0.2,2,False,11294.4,14829.4,3535.0,31.3,-31.3,3.063
RouteID_a9fee55e-c2d5-44f6-9897-2e7381a13cb0,180,3,0.0,1,False,11294.4,11592.5,298.1,2.64,-2.64,13.723
RouteID_a9fee55e-c2d5-44f6-9897-2e7381a13cb0,180,3,0.0,2,False,11294.4,12601.6,1307.2,11.57,-11.57,6.842
RouteID_a9fee55e-c2d5-44f6-9897-2e7381a13cb0,180,3,0.0,3,False,11294.4,14959.7,3665.3,32.45,-32.45,4.762
RouteID_a9fee55e-c2d5-44f6-9897-2e7381a13cb0,180,3,0.2,1,False,11294.4,11592.5,298.1,2.64,-2.64,13.549
RouteID_a9fee55e-c2d5-44f6-9897-2e7381a13cb0,180,3,0.2,2,False,11294.4,12601.6,1307.2,11.57,-11.57,6.839
RouteID_a9fee55e-c2d5-44f6-9897-2e7381a13cb0,180,3,0.2,3,False,11294.4,14959.7,3665.3,32.45,-32.45,4.585
RouteID_87ca76e9-f348-4646-a434-91845c1b6358,189,2,0.0,1,False,14285.5,15208.4,922.9,6.46,-6.46,6.562
RouteID_87ca76e9-f348-4646-a434-91845c1b6358,189,2,0.0,2,False,14285.5,16339.2,2053.7,14.38,-14.38,3.459
RouteID_87ca76e9-f348-4646-a434-91845c1b6358,189,2,0.2,1,False,14285.5,15208.4,922.9,6.46,-6.46,7.767
RouteID_87ca76e9-f348-4646-a434-91845c1b6358,189,2,0.2,2,False,14285.5,16339.2,2053.7,14.38,-14.38,3.429
RouteID_87ca76e9-f348-4646-a434-91845c1b6358,189,3,0.0,1,False,14285.5,14250.9,-34.6,-0.24,0.24,14.689
RouteID_87ca76e9-f348-4646-a434-91845c1b6358,189,3,0.0,2,False,14285.5,15386.4,1100.9,7.71,-7.71,7.302
RouteID_87ca76e9-f348-4646-a434-91845c1b6358,189,3,0.0,3,False,14285.5,17204.2,2918.7,20.43,-20.43,5.041
RouteID_87ca76e9-f348-4646-a434-91845c1b6358,189,3,0.2,1,False,14285.5,14250.9,-34.6,-0.24,0.24,14.816
RouteID_87ca76e9-f348-4646-a434-91845c1b6358,189,3,0.2,2,False,14285.5,15386.4,1100.9,7.71,-7.71,8.442
RouteID_87ca76e9-f348-4646-a434-91845c1b6358,189,3,0.2,3,False,14285.5,17204.2,2918.7,20.43,-20.43,5.145
RouteID_9612b83b-a027-4c03-97f0-6036b7e904c1,126,2,0.0,1,False,7422.1,10569.3,3147.2,42.4,-42.4,4.177
RouteID_9612b83b-a027-4c03-97f0-6036b7e904c1,126,2,0.0,2,False,7422.1,9835.8,2413.7,32.52,-32.52,2.071
RouteID_9612b83b-a027-4c03-97f0-6036b7e904c1,126,2,0.2,1,False,7422.1,10569.3,3147.2,42.4,-42.4,4.224
RouteID_9612b83b-a027-4c03-97f0-6036b7e904c1,126,2,0.2,2,False,7422.1,9835.8,2413.7,32.52,-32.52,2.07
RouteID_9612b83b-a027-4c03-97f0-6036b7e904c1,126,3,0.0,1,False,7422.1,7238.3,-183.8,-2.48,2.48,9.615
RouteID_9612b83b-a027-4c03-97f0-6036b7e904c1,126,3,0.0,2,False,7422.1,8764.4,1342.3,18.09,-18.09,4.671
RouteID_9612b83b-a027-4c03-97f0-6036b7e904c1,126,3,0.0,3,False,7422.1,11293.9,3871.8,52.17,-52.17,3.115
RouteID_9612b83b-a027-4c03-97f0-6036b7e904c1,126,3,0.2,1,False,7422.1,7238.3,-183.8,-2.48,2.48,9.527
RouteID_9612b83b-a027-4c03-97f0-6036b7e904c1,126,3,0.2,2,False,7422.1,8764.4,1342.3,18.09,-18.09,5.158
RouteID_9612b83b-a027-4c03-97f0-6036b7e904c1,126,3,0.2,3,False,7422.1,11293.9,3871.8,52.17,-52.17,3.224
RouteID_f3beffd4-410d-4fa0-8510-0d58366a0068,147,2,0.0,1,False,10187.6,11946.1,1758.5,17.26,-17.26,6.467
RouteID_f3beffd4-410d-4fa0-8510-0d58366a0068,147,2,0.0,2,False,10187.6,11504.2,1316.6,12.92,-12.92,2.778
RouteID_f3beffd4-410d-4fa0-8510-0d58366a0068,147,2,0.2,1,False,10187.6,11946.1,1758.5,17.26,-17.26,5.58
RouteID_f3beffd4-410d-4fa0-8510-0d58366a0068,147,2,0.2,2,False,10187.6,11504.2,1316.6,12.92,-12.92,2.721
RouteID_f3beffd4-410d-4fa0-8510-0d58366a0068,147,3,0.0,1,False,10187.6,9722.9,-464.7,-4.56,4.56,11.758
RouteID_f3beffd4-410d-4fa0-8510-0d58366a0068,147,3,0.0,2,False,10187.6,11482.7,1295.1,12.71,-12.71,6.649
RouteID_f3beffd4-410d-4fa0-8510-0d58366a0068,147,3,0.0,3,False,10187.6,10764.9,577.3,5.67,-5.67,4.069
RouteID_f3beffd4-410d-4fa0-8510-0d58366a0068,147,3,0.2,1,False,10187.6,9722.9,-464.7,-4.56,4.56,11.355
RouteID_f3beffd4-410d-4fa0-8510-0d58366a0068,147,3,0.2,2,False,10187.6,11482.7,1295.1,12.71,-12.71,5.803
RouteID_f3beffd4-410d-4fa0-8510-0d58366a0068,147,3,0.2,3,False,10187.6,10764.9,577.3,5.67,-5.67,3.87
RouteID_3a31487a-305c-4b47-91de-bb551e769a03,160,2,0.0,1,False,12230.6,11959.7,-270.9,-2.21,2.21,5.587
RouteID_3a31487a-305c-4b47-91de-bb551e769a03,160,2,0.0,2,False,12230.6,12354.1,123.5,1.01,-1.01,2.832
RouteID_3a31487a-305c-4b47-91de-bb551e769a03,160,2,0.2,1,False,12230.6,11959.7,-270.9,-2.21,2.21,5.61
RouteID_3a31487a-305c-4b47-91de-bb551e769a03,160,2,0.2,2,False,12230.6,12354.1,123.5,1.01,-1.01,2.809
RouteID_3a31487a-305c-4b47-91de-bb551e769a03,160,3,0.0,1,False,12230.6,10401.7,-1828.9,-14.95,14.95,12.66
RouteID_3a31487a-305c-4b47-91de-bb551e769a03,160,3,0.0,2,False,12230.6,11023.8,-1206.8,-9.87,9.87,6.427
RouteID_3a31487a-305c-4b47-91de-bb551e769a03,160,3,0.0,3,False,12230.6,11356.6,-874.0,-7.15,7.15,4.225
RouteID_3a31487a-305c-4b47-91de-bb551e769a03,160,3,0.2,1,False,12230.6,10401.7,-1828.9,-14.95,14.95,12.294
RouteID_3a31487a-305c-4b47-91de-bb551e769a03,160,3,0.2,2,False,12230.6,11023.8,-1206.8,-9.87,9.87,6.199
RouteID_3a31487a-305c-4b47-91de-bb551e769a03,160,3,0.2,3,False,12230.6,11356.6,-874.0,-7.15,7.15,4.194
RouteID_d6708857-b718-489a-bce7-8ed2683b50f6,143,2,0.0,1,False,11150.0,11727.5,577.5,5.18,-5.18,5.02
RouteID_d6708857-b718-489a-bce7-8ed2683b50f6,143,2,0.0,2,False,11150.0,11546.6,396.6,3.56,-3.56,2.742
RouteID_d6708857-b718-489a-bce7-8ed2683b50f6,143,2,0.2,1,False,11150.0,11727.5,577.5,5.18,-5.18,5.104
RouteID_d6708857-b718-489a-bce7-8ed2683b50f6,143,2,0.2,2,False,11150.0,11546.6,396.6,3.56,-3.56,2.646
RouteID_d6708857-b718-489a-bce7-8ed2683b50f6,143,3,0.0,1,False,11150.0,10665.7,-484.3,-4.34,4.34,10.923
RouteID_d6708857-b718-489a-bce7-8ed2683b50f6,143,3,0.0,2,False,11150.0,10826.2,-323.8,-2.9,2.9,5.613
RouteID_d6708857-b718-489a-bce7-8ed2683b50f6,143,3,0.0,3,False,11150.0,12735.6,1585.6,14.22,-14.22,3.764
RouteID_d6708857-b718-489a-bce7-8ed2683b50f6,143,3,0.2,1,False,11150.0,10665.7,-484.3,-4.34,4.34,11.368
RouteID_d6708857-b718-489a-bce7-8ed2683b50f6,143,3,0.2,2,False,11150.0,10826.2,-323.8,-2.9,2.9,6.558
RouteID_d6708857-b718-489a-bce7-8ed2683b50f6,143,3,0.2,3,False,11150.0,12735.6,1585.6,14.22,-14.22,4.504
RouteID_8915db4b-7543-4523-91ee-cf8efb57dce9,184,2,0.0,1,False,13365.8,13655.3,289.5,2.17,-2.17,6.411
RouteID_8915db4b-7543-4523-91ee-cf8efb57dce9,184,2,0.0,2,False,13365.8,15213.1,1847.3,13.82,-13.82,3.254
RouteID_8915db4b-7543-4523-91ee-cf8efb57dce9,184,2,0.2,1,False,13365.8,13655.3,289.5,2.17,-2.17,6.322
RouteID_8915db4b-7543-4523-91ee-cf8efb57dce9,184,2,0.2,2,False,13365.8,15213.1,1847.3,13.82,-13.82,3.23
RouteID_8915db4b-7543-4523-91ee-cf8efb57dce9,184,3,0.0,1,False,13365.8,13003.8,-362.0,-2.71,2.71,13.814
RouteID_8915db4b-7543-4523-91ee-cf8efb57dce9,184,3,0.0,2,False,13365.8,12353.7,-1012.1,-7.57,7.57,7.009
RouteID_8915db4b-7543-4523-91ee-cf8efb57dce9,184,3,0.0,3,False,13365.8,13614.1,248.3,1.86,-1.86,4.788
RouteID_8915db4b-7543-4523-91ee-cf8efb57dce9,184,3,0.2,1,False,13365.8,13003.8,-362.0,-2.71,2.71,13.824
RouteID_8915db4b-7543-4523-91ee-cf8efb57dce9,184,3,0.2,2,False,13365.8,12353.7,-1012.1,-7.57,7.57,7.018
RouteID_8915db4b-7543-4523-91ee-cf8efb57dce9,184,3,0.2,3,False,13365.8,13614.1,248.3,1.86,-1.86,4.772
RouteID_56ef635f-96e9-4855-a95e-ae622bfe9482,167,2,0.0,1,False,8978.0,11042.3,2064.3,22.99,-22.99,5.6
RouteID_56ef635f-96e9-4855-a95e-ae622bfe9482,167,2,0.0,2,False,8978.0,9424.6,446.6,4.97,-4.97,3.193
RouteID_56ef635f-96e9-4855-a95e-ae622bfe9482,167,2,0.2,1,False,8978.0,11042.3,2064.3,22.99,-22.99,5.613
RouteID_56ef635f-96e9-4855-a95e-ae622bfe9482,167,2,0.2,2,False,8978.0,9424.6,446.6,4.97,-4.97,3.191
RouteID_56ef635f-96e9-4855-a95e-ae622bfe9482,167,3,0.0,1,False,8978.0,8877.4,-100.6,-1.12,1.12,12.957
RouteID_56ef635f-96e9-4855-a95e-ae622bfe9482,167,3,0.0,2,False,8978.0,10448.9,1470.9,16.38,-16.38,6.459
RouteID_56ef635f-96e9-4855-a95e-ae622bfe9482,167,3,0.0,3,False,8978.0,9718.8,740.8,8.25,-8.25,4.395
RouteID_56ef635f-96e9-4855-a95e-ae622bfe9482,167,3,0.2,1,False,8978.0,8877.4,-100.6,-1.12,1.12,12.782
RouteID_56ef635f-96e9-4855-a95e-ae622bfe9482,167,3,0.2,2,False,8978.0,10448.9,1470.9,16.38,-16.38,6.4
RouteID_56ef635f-96e9-4855-a95e-ae622bfe9482,167,3,0.2,3,False,8978.0,9718.8,740.8,8.25,-8.25,4.48
RouteID_68ca27a6-7523-42af-91da-4a9376520b7d,93,2,0.0,1,False,7367.9,8661.9,1294.0,17.56,-17.56,3.122
RouteID_68ca27a6-7523-42af-91da-4a9376520b7d,93,2,0.0,2,False,7367.9,6621.0,-746.9,-10.14,10.14,1.706
RouteID_68ca27a6-7523-42af-91da-4a9376520b7d,93,2,0.2,1,False,7367.9,8661.9,1294.0,17.56,-17.56,3.057
RouteID_68ca27a6-7523-42af-91da-4a9376520b7d,93,2,0.2,2,False,7367.9,6621.0,-746.9,-10.14,10.14,1.676
RouteID_68ca27a6-7523-42af-91da-4a9376520b7d,93,3,0.0,1,False,7367.9,6908.0,-459.9,-6.24,6.24,6.896
RouteID_68ca27a6-7523-42af-91da-4a9376520b7d,93,3,0.0,2,False,7367.9,7090.4,-277.5,-3.77,3.77,3.581
RouteID_68ca27a6-7523-42af-91da-4a9376520b7d,93,3,0.0,3,False,7367.9,7615.3,247.4,3.36,-3.36,2.392
RouteID_68ca27a6-7523-42af-91da-4a9376520b7d,93,3,0.2,1,False,7367.9,6908.0,-459.9,-6.24,6.24,6.983
RouteID_68ca27a6-7523-42af-91da-4a9376520b7d,93,3,0.2,2,False,7367.9,7090.4,-277.5,-3.77,3.77,3.523
RouteID_68ca27a6-7523-42af-91da-4a9376520b7d,93,3,0.2,3,False,7367.9,7615.3,247.4,3.36,-3.36,2.434
RouteID_fb712b77-72cb-4c7e-a45e-ae89395d7899,148,2,0.0,1,False,12707.5,12541.6,-165.9,-1.31,1.31,5.247
RouteID_fb712b77-72cb-4c7e-a45e-ae89395d7899,148,2,0.0,2,False,12707.5,12451.4,-256.1,-2.02,2.02,2.734
RouteID_fb712b77-72cb-4c7e-a45e-ae89395d7899,148,2,0.2,1,False,12707.5,12541.6,-165.9,-1.31,1.31,5.104
RouteID_fb712b77-72cb-4c7e-a45e-ae89395d7899,148,2,0.2,2,False,12707.5,12451.4,-256.1,-2.02,2.02,2.819
RouteID_fb712b77-72cb-4c7e-a45e-ae89395d7899,148,3,0.0,1,False,12707.5,11789.4,-918.1,-7.22,7.22,11.186
RouteID_fb712b77-72cb-4c7e-a45e-ae89395d7899,148,3,0.0,2,False,12707.5,11963.0,-744.5,-5.86,5.86,5.711
RouteID_fb712b77-72cb-4c7e-a45e-ae89395d7899,148,3,0.0,3,False,12707.5,11681.3,-1026.2,-8.08,8.08,3.968
RouteID_fb712b77-72cb-4c7e-a45e-ae89395d7899,148,3,0.2,1,False,12707.5,11789.4,-918.1,-7.22,7.22,11.337
RouteID_fb712b77-72cb-4c7e-a45e-ae89395d7899,148,3,0.2,2,False,12707.5,11963.0,-744.5,-5.86,5.86,5.707
RouteID_fb712b77-72cb-4c7e-a45e-ae89395d7899,148,3,0.2,3,False,12707.5,11681.3,-1026.2,-8.08,8.08,4.027
RouteID_779fffba-e463-4680-8686-7621c5413453,156,2,0.0,1,False,10494.5,13325.5,2831.0,26.98,-26.98,5.114
RouteID_779fffba-e463-4680-8686-7621c5413453,156,2,0.0,2,False,10494.5,12107.5,1613.0,15.37,-15.37,2.692
RouteID_779fffba-e463-4680-8686-7621c5413453,156,2,0.2,1,False,10494.5,13325.5,2831.0,26.98,-26.98,5.175
RouteID_779fffba-e463-4680-8686-7621c5413453,156,2,0.2,2,False,10494.5,12107.5,1613.0,15.37,-15.37,2.725
RouteID_779fffba-e463-4680-8686-7621c5413453,156,3,0.0,1,False,10494.5,10804.2,309.7,2.95,-2.95,11.766
RouteID_779fffba-e463-4680-8686-7621c5413453,156,3,0.0,2,False,10494.5,10639.6,145.1,1.38,-1.38,5.895
RouteID_779fffba-e463-4680-8686-7621c5413453,156,3,0.0,3,False,10494.5,11902.6,1408.1,13.42,-13.42,4.077
RouteID_779fffba-e463-4680-8686-7621c5413453,156,3,0.2,1,False,10494.5,10804.2,309.7,2.95,-2.95,11.832
RouteID_779fffba-e463-4680-8686-7621c5413453,156,3,0.2,2,False,10494.5,10639.6,145.1,1.38,-1.38,5.937
RouteID_779fffba-e463-4680-8686-7621c5413453,156,3,0.2,3,False,10494.5,11902.6,1408.1,13.42,-13.42,4.118
RouteID_f566cbae-afbf-4bfa-b17e-f504248b75c1,57,2,0.0,1,False,4579.1,5087.0,507.9,11.09,-11.09,1.828
RouteID_f566cbae-afbf-4bfa-b17e-f504248b75c1,57,2,0.0,2,False,4579.1,4673.8,94.7,2.07,-2.07,0.997
RouteID_f566cbae-afbf-4bfa-b17e-f504248b75c1,57,2,0.2,1,False,4579.1,5087.0,507.9,11.09,-11.09,1.832
RouteID_f566cbae-afbf-4bfa-b17e-f504248b75c1,57,2,0.2,2,False,4579.1,4673.8,94.7,2.07,-2.07,0.975
RouteID_f566cbae-afbf-4bfa-b17e-f504248b75c1,57,3,0.0,1,False,4579.1,5306.2,727.1,15.88,-15.88,4.068
RouteID_f566cbae-afbf-4bfa-b17e-f504248b75c1,57,3,0.0,2,False,4579.1,5186.6,607.5,13.27,-13.27,2.099
RouteID_f566cbae-afbf-4bfa-b17e-f504248b75c1,57,3,0.0,3,False,4579.1,5494.4,915.3,19.99,-19.99,1.411
RouteID_f566cbae-afbf-4bfa-b17e-f504248b75c1,57,3,0.2,1,False,4579.1,5306.2,727.1,15.88,-15.88,4.078
RouteID_f566cbae-afbf-4bfa-b17e-f504248b75c1,57,3,0.2,2,False,4579.1,5186.6,607.5,13.27,-13.27,2.099
RouteID_f566cbae-afbf-4bfa-b17e-f504248b75c1,57,3,0.2,3,False,4579.1,5494.4,915.3,19.99,-19.99,1.378
RouteID_bbd19c5d-319d-4d73-aeff-a70e877f062b,146,2,0.0,1,False,14643.5,12881.7,-1761.8,-12.03,12.03,5.021
RouteID_bbd19c5d-319d-4d73-aeff-a70e877f062b,146,2,0.0,2,False,14643.5,13396.7,-1246.8,-8.51,8.51,2.605
RouteID_bbd19c5d-319d-4d73-aeff-a70e877f062b,146,2,0.2,1,False,14643.5,12881.7,-1761.8,-12.03,12.03,5.049
RouteID_bbd19c5d-319d-4d73-aeff-a70e877f062b,146,2,0.2,2,False,14643.5,13396.7,-1246.8,-8.51,8.51,2.608
RouteID_bbd19c5d-319d-4d73-aeff-a70e877f062b,146,3,0.0,1,False,14643.5,12188.6,-2454.9,-16.76,16.76,11.241
RouteID_bbd19c5d-319d-4d73-aeff-a70e877f062b,146,3,0.0,2,False,14643.5,14945.5,302.0,2.06,-2.06,5.506
RouteID_bbd19c5d-319d-4d73-aeff-a70e877f062b,146,3,0.0,3,False,14643.5,12901.8,-1741.7,-11.89,11.89,3.88
RouteID_bbd19c5d-319d-4d73-aeff-a70e877f062b,146,3,0.2,1,False,14643.5,12188.6,-2454.9,-16.76,16.76,11.183
RouteID_bbd19c5d-319d-4d73-aeff-a70e877f062b,146,3,0.2,2,False,14643.5,14945.5,302.0,2.06,-2.06,5.524
RouteID_bbd19c5d-319d-4d73-aeff-a70e877f062b,146,3,0.2,3,False,14643.5,12901.8,-1741.7,-11.89,11.89,3.932
RouteID_18417e60-4e7e-4a88-baf7-b77adc028398,154,2,0.0,1,False,13990.6,14278.4,287.8,2.06,-2.06,5.298
RouteID_18417e60-4e7e-4a88-baf7-b77adc028398,154,2,0.0,2,False,13990.6,13665.4,-325.2,-2.32,2.32,2.811
RouteID_18417e60-4e7e-4a88-baf7-b77adc028398,154,2,0.2,1,False,13990.6,14278.4,287.8,2.06,-2.06,5.289
RouteID_18417e60-4e7e-4a88-baf7-b77adc028398,154,2,0.2,2,False,13990.6,13665.4,-325.2,-2.32,2.32,2.798
RouteID_18417e60-4e7e-4a88-baf7-b77adc028398,154,3,0.0,1,False,13990.6,13346.3,-644.3,-4.61,4.61,11.629
RouteID_18417e60-4e7e-4a88-baf7-b77adc028398,154,3,0.0,2,False,13990.6,15075.7,1085.1,7.76,-7.76,5.731
RouteID_18417e60-4e7e-4a88-baf7-b77adc028398,154,3,0.0,3,False,13990.6,14574.8,584.2,4.18,-4.18,4.127
RouteID_18417e60-4e7e-4a88-baf7-b77adc028398,154,3,0.2,1,False,13990.6,13346.3,-644.3,-4.61,4.61,11.577
RouteID_18417e60-4e7e-4a88-baf7-b77adc028398,154,3,0.2,2,False,13990.6,15075.7,1085.1,7.76,-7.76,5.741
RouteID_18417e60-4e7e-4a88-baf7-b77adc028398,154,3,0.2,3,False,13990.6,14574.8,584.2,4.18,-4.18,4.14
RouteID_00e4885d-4563-4790-bace-6c9e4261ce2a,136,2,0.0,1,False,9169.4,11748.8,2579.4,28.13,-28.13,4.54
RouteID_00e4885d-4563-4790-bace-6c9e4261ce2a,136,2,0.0,2,False,9169.4,11109.3,1939.9,21.16,-21.16,2.315
RouteID_00e4885d-4563-4790-bace-6c9e4261ce2a,136,2,0.2,1,False,9169.4,11748.8,2579.4,28.13,-28.13,4.577
RouteID_00e4885d-4563-4790-bace-6c9e4261ce2a,136,2,0.2,2,False,9169.4,11109.3,1939.9,21.16,-21.16,2.269
RouteID_00e4885d-4563-4790-bace-6c9e4261ce2a,136,3,0.0,1,False,9169.4,9567.7,398.3,4.34,-4.34,10.363
RouteID_00e4885d-4563-4790-bace-6c9e4261ce2a,136,3,0.0,2,False,9169.4,9651.5,482.1,5.26,-5.26,5.248
RouteID_00e4885d-4563-4790-bace-6c9e4261ce2a,136,3,0.0,3,False,9169.4,10671.5,1502.1,16.38,-16.38,3.496
RouteID_00e4885d-4563-4790-bace-6c9e4261ce2a,136,3,0.2,1,False,9169.4,9567.7,398.3,4.34,-4.34,10.327
RouteID_00e4885d-4563-4790-bace-6c9e4261ce2a,136,3,0.2,2,False,9169.4,9651.5,482.1,5.26,-5.26,5.274
RouteID_00e4885d-4563-4790-bace-6c9e4261ce2a,136,3,0.2,3,False,9169.4,10671.5,1502.1,16.38,-16.38,3.536
RouteID_d2a97d70-b13f-44ab-bad5-73f13f683822,184,2,0.0,1,False,11478.4,11060.9,-417.5,-3.64,3.64,6.58
RouteID_d2a97d70-b13f-44ab-bad5-73f13f683822,184,2,0.0,2,False,11478.4,11868.7,390.3,3.4,-3.4,3.415
RouteID_d2a97d70-b13f-44ab-bad5-73f13f683822,184,2,0.2,1,False,11478.4,11060.9,-417.5,-3.64,3.64,6.524
RouteID_d2a97d70-b13f-44ab-bad5-73f13f683822,184,2,0.2,2,False,11478.4,11868.7,390.3,3.4,-3.4,3.351
RouteID_d2a97d70-b13f-44ab-bad5-73f13f683822,184,3,0.0,1,False,11478.4,9434.3,-2044.1,-17.81,17.81,14.137
RouteID_d2a97d70-b13f-44ab-bad5-73f13f683822,184,3,0.0,2,False,11478.4,9885.0,-1593.4,-13.88,13.88,7.382
RouteID_d2a97d70-b13f-44ab-bad5-73f13f683822,184,3,0.0,3,False,11478.4,11552.8,74.4,0.65,-0.65,4.915
RouteID_d2a97d70-b13f-44ab-bad5-73f13f683822,184,3,0.2,1,False,11478.4,9434.3,-2044.1,-17.81,17.81,14.203
RouteID_d2a97d70-b13f-44ab-bad5-73f13f683822,184,3,0.2,2,False,11478.4,9885.0,-1593.4,-13.88,13.88,7.403
RouteID_d2a97d70-b13f-44ab-bad5-73f13f683822,184,3,0.2,3,False,11478.4,11552.8,74.4,0.65,-0.65,4.826
RouteID_58b0e6b6-13c6-4913-a5a6-8a75167da4e6,194,2,0.0,1,False,12216.4,15646.9,3430.5,28.08,-28.08,6.388
RouteID_58b0e6b6-13c6-4913-a5a6-8a75167da4e6,194,2,0.0,2,False,12216.4,14593.0,2376.6,19.45,-19.45,3.402
RouteID_58b0e6b6-13c6-4913-a5a6-8a75167da4e6,194,2,0.2,1,False,12216.4,15646.9,3430.5,28.08,-28.08,6.394
RouteID_58b0e6b6-13c6-4913-a5a6-8a75167da4e6,194,2,0.2,2,False,12216.4,14593.0,2376.6,19.45,-19.45,3.335
RouteID_58b0e6b6-13c6-4913-a5a6-8a75167da4e6,194,3,0.0,1,False,12216.4,13815.1,1598.7,13.09,-13.09,14.415
RouteID_58b0e6b6-13c6-4913-a5a6-8a75167da4e6,194,3,0.0,2,False,12216.4,13799.7,1583.3,12.96,-12.96,7.245
RouteID_58b0e6b6-13c6-4913-a5a6-8a75167da4e6,194,3,0.0,3,False,12216.4,13417.5,1201.1,9.83,-9.83,5.131
RouteID_58b0e6b6-13c6-4913-a5a6-8a75167da4e6,194,3,0.2,1,False,12216.4,13815.1,1598.7,13.09,-13.09,14.452
RouteID_58b0e6b6-13c6-4913-a5a6-8a75167da4e6,194,3,0.2,2,False,12216.4,13799.7,1583.3,12.96,-12.96,7.266
RouteID_58b0e6b6-13c6-4913-a5a6-8a75167da4e6,194,3,0.2,3,False,12216.4,13417.5,1201.1,9.83,-9.83,5.15
RouteID_397abf35-8191-4a3d-9243-7f3465fb77a8,144,2,0.0,1,False,9138.4,10123.0,984.6,10.77,-10.77,4.934
RouteID_397abf35-8191-4a3d-9243-7f3465fb77a8,144,2,0.0,2,False,9138.4,9409.1,270.7,2.96,-2.96,2.511
RouteID_397abf35-8191-4a3d-9243-7f3465fb77a8,144,2,0.2,1,False,9138.4,10123.0,984.6,10.77,-10.77,4.881
RouteID_397abf35-8191-4a3d-9243-7f3465fb77a8,144,2,0.2,2,False,9138.4,9409.1,270.7,2.96,-2.96,2.508
RouteID_397abf35-8191-4a3d-9243-7f3465fb77a8,144,3,0.0,1,False,9138.4,9480.4,342.0,3.74,-3.74,10.906
RouteID_397abf35-8191-4a3d-9243-7f3465fb77a8,144,3,0.0,2,False,9138.4,10319.2,1180.8,12.92,-12.92,5.503
RouteID_397abf35-8191-4a3d-9243-7f3465fb77a8,144,3,0.0,3,False,9138.4,8939.8,-198.6,-2.17,2.17,3.785
RouteID_397abf35-8191-4a3d-9243-7f3465fb77a8,144,3,0.2,1,False,9138.4,9480.4,342.0,3.74,-3.74,11.807
RouteID_397abf35-8191-4a3d-9243-7f3465fb77a8,144,3,0.2,2,False,9138.4,10319.2,1180.8,12.92,-12.92,6.211
RouteID_397abf35-8191-4a3d-9243-7f3465fb77a8,144,3,0.2,3,False,9138.4,8939.8,-198.6,-2.17,2.17,3.825
RouteID_75d8bf01-7cc2-4d50-9323-61ea565a8d0d,131,2,0.0,1,False,9907.5,11003.3,1095.8,11.06,-11.06,4.512
RouteID_75d8bf01-7cc2-4d50-9323-61ea565a8d0d,131,2,0.0,2,False,9907.5,11479.0,1571.5,15.86,-15.86,2.317
RouteID_75d8bf01-7cc2-4d50-9323-61ea565a8d0d,131,2,0.2,1,False,9907.5,11003.3,1095.8,11.06,-11.06,4.476
RouteID_75d8bf01-7cc2-4d50-9323-61ea565a8d0d,131,2,0.2,2,False,9907.5,11479.0,1571.5,15.86,-15.86,2.297
RouteID_75d8bf01-7cc2-4d50-9323-61ea565a8d0d,131,3,0.0,1,False,9907.5,10356.7,449.2,4.53,-4.53,10.416
RouteID_75d8bf01-7cc2-4d50-9323-61ea565a8d0d,131,3,0.0,2,False,9907.5,9795.1,-112.4,-1.13,1.13,5.109
RouteID_75d8bf01-7cc2-4d50-9323-61ea565a8d0d,131,3,0.0,3,False,9907.5,10358.0,450.5,4.55,-4.55,3.814
RouteID_75d8bf01-7cc2-4d50-9323-61ea565a8d0d,131,3,0.2,1,False,9907.5,10356.7,449.2,4.53,-4.53,10.598
RouteID_75d8bf01-7cc2-4d50-9323-61ea565a8d0d,131,3,0.2,2,False,9907.5,9795.1,-112.4,-1.13,1.13,7.747
RouteID_75d8bf01-7cc2-4d50-9323-61ea565a8d0d,131,3,0.2,3,False,9907.5,10358.0,450.5,4.55,-4.55,3.499
RouteID_2a3c3182-75fb-49c1-8408-7309fc4e54d6,205,2,0.0,1,False,12286.0,14721.5,2435.5,19.82,-19.82,7.09
RouteID_2a3c3182-75fb-49c1-8408-7309fc4e54d6,205,2,0.0,2,False,12286.0,14146.0,1860.0,15.14,-15.14,3.814
RouteID_2a3c3182-75fb-49c1-8408-7309fc4e54d6,205,2,0.2,1,False,12286.0,14721.5,2435.5,19.82,-19.82,7.705
RouteID_2a3c3182-75fb-49c1-8408-7309fc4e54d6,205,2,0.2,2,False,12286.0,14146.0,1860.0,15.14,-15.14,3.887
RouteID_2a3c3182-75fb-49c1-8408-7309fc4e54d6,205,3,0.0,1,False,12286.0,11815.4,-470.6,-3.83,3.83,16.597
RouteID_2a3c3182-75fb-49c1-8408-7309fc4e54d6,205,3,0.0,2,False,12286.0,12622.6,336.6,2.74,-2.74,8.586
RouteID_2a3c3182-75fb-49c1-8408-7309fc4e54d6,205,3,0.0,3,False,12286.0,13789.1,1503.1,12.23,-12.23,6.065
RouteID_2a3c3182-75fb-49c1-8408-7309fc4e54d6,205,3,0.2,1,False,12286.0,11815.4,-470.6,-3.83,3.83,16.351
RouteID_2a3c3182-75fb-49c1-8408-7309fc4e54d6,205,3,0.2,2,False,12286.0,12622.6,336.6,2.74,-2.74,8.661
RouteID_2a3c3182-75fb-49c1-8408-7309fc4e54d6,205,3,0.2,3,False,12286.0,13789.1,1503.1,12.23,-12.23,5.861
RouteID_a35f79c5-9c62-4525-90e3-3e620eec408e,167,2,0.0,1,False,10287.9,12522.7,2234.8,21.72,-21.72,5.649
RouteID_a35f79c5-9c62-4525-90e3-3e620eec408e,167,2,0.0,2,False,10287.9,12756.2,2468.3,23.99,-23.99,2.997
RouteID_a35f79c5-9c62-4525-90e3-3e620eec408e,167,2,0.2,1,False,10287.9,12522.7,2234.8,21.72,-21.72,5.709
RouteID_a35f79c5-9c62-4525-90e3-3e620eec408e,167,2,0.2,2,False,10287.9,12756.2,2468.3,23.99,-23.99,3.098
RouteID_a35f79c5-9c62-4525-90e3-3e620eec408e,167,3,0.0,1,False,10287.9,10801.5,513.6,4.99,-4.99,13.164
RouteID_a35f79c5-9c62-4525-90e3-3e620eec408e,167,3,0.0,2,False,10287.9,10620.8,332.9,3.24,-3.24,6.711
RouteID_a35f79c5-9c62-4525-90e3-3e620eec408e,167,3,0.0,3,False,10287.9,12913.6,2625.7,25.52,-25.52,4.472
RouteID_a35f79c5-9c62-4525-90e3-3e620eec408e,167,3,0.2,1,False,10287.9,10801.5,513.6,4.99,-4.99,13.106
RouteID_a35f79c5-9c62-4525-90e3-3e620eec408e,167,3,0.2,2,False,10287.9,10620.8,332.9,3.24,-3.24,6.741
RouteID_a35f79c5-9c62-4525-90e3-3e620eec408e,167,3,0.2,3,False,10287.9,12913.6,2625.7,25.52,-25.52,4.225
RouteID_35624ed6-dcd6-4442-b251-2e91b32e78d4,192,2,0.0,1,False,13606.5,14961.6,1355.1,9.96,-9.96,6.723
RouteID_35624ed6-dcd6-4442-b251-2e91b32e78d4,192,2,0.0,2,False,13606.5,14244.2,637.7,4.69,-4.69,3.662
RouteID_35624ed6-dcd6-4442-b251-2e91b32e78d4,192,2,0.2,1,False,13606.5,14961.6,1355.1,9.96,-9.96,6.695
RouteID_35624ed6-dcd6-4442-b251-2e91b32e78d4,192,2,0.2,2,False,13606.5,14244.2,637.7,4.69,-4.69,3.59
RouteID_35624ed6-dcd6-4442-b251-2e91b32e78d4,192,3,0.0,1,False,13606.5,13747.3,140.8,1.03,-1.03,14.968
RouteID_35624ed6-dcd6-4442-b251-2e91b32e78d4,192,3,0.0,2,False,13606.5,13685.8,79.3,0.58,-0.58,7.811
RouteID_35624ed6-dcd6-4442-b251-2e91b32e78d4,192,3,0.0,3,False,13606.5,14617.5,1011.0,7.43,-7.43,5.092
RouteID_35624ed6-dcd6-4442-b251-2e91b32e78d4,192,3,0.2,1,False,13606.5,13747.3,140.8,1.03,-1.03,16.836
RouteID_35624ed6-dcd6-4442-b251-2e91b32e78d4,192,3,0.2,2,False,13606.5,13685.8,79.3,0.58,-0.58,9.228
RouteID_35624ed6-dcd6-4442-b251-2e91b32e78d4,192,3,0.2,3,False,13606.5,14617.5,1011.0,7.43,-7.43,5.767
RouteID_a9667161-92ac-424e-a028-2df225bf5e54,151,2,0.0,1,False,9075.1,10510.9,1435.8,15.82,-15.82,5.186
RouteID_a9667161-92ac-424e-a028-2df225bf5e54,151,2,0.0,2,False,9075.1,12483.9,3408.8,37.56,-37.56,2.616
RouteID_a9667161-92ac-424e-a028-2df225bf5e54,151,2,0.2,1,False,9075.1,10510.9,1435.8,15.82,-15.82,5.373
RouteID_a9667161-92ac-424e-a028-2df225bf5e54,151,2,0.2,2,False,9075.1,12483.9,3408.8,37.56,-37.56,2.644
RouteID_a9667161-92ac-424e-a028-2df225bf5e54,151,3,0.0,1,False,9075.1,9881.3,806.2,8.88,-8.88,11.881
RouteID_a9667161-92ac-424e-a028-2df225bf5e54,151,3,0.0,2,False,9075.1,9863.6,788.5,8.69,-8.69,6.706
RouteID_a9667161-92ac-424e-a028-2df225bf5e54,151,3,0.0,3,False,9075.1,11439.3,2364.2,26.05,-26.05,3.987
RouteID_a9667161-92ac-424e-a028-2df225bf5e54,151,3,0.2,1,False,9075.1,9881.3,806.2,8.88,-8.88,11.544
RouteID_a9667161-92ac-424e-a028-2df225bf5e54,151,3,0.2,2,False,9075.1,9863.6,788.5,8.69,-8.69,5.813
RouteID_a9667161-92ac-424e-a028-2df225bf5e54,151,3,0.2,3,False,9075.1,11439.3,2364.2,26.05,-26.05,3.763
